Campaign_ID,Date,Campaign_Name,Channel,Region,Device,Customer_Segment
2116,2025-01-01,Diwali Bonanza,Email,North,Tablet,New
9375,2025-01-01,Black Friday,Email,North,Tablet,Returning
3493,2025-01-01,Back to School,Facebook,South,Mobile,Premium
5644,2025-01-01,New Year Blast,Email,East,Tablet,New
3123,2025-01-01,Flash Sale,YouTube,East,Desktop,Loyal
8748,2025-01-01,Festive Combo,Instagram,North,Tablet,Returning
4488,2025-01-01,Diwali Bonanza,Instagram,South,Desktop,Premium
6073,2025-01-01,Back to School,Facebook,West,Mobile,Loyal
3966,2025-01-01,Winter Sale,Facebook,South,Tablet,Returning
7908,2025-01-01,Weekend Special,YouTube,Central,Tablet,Loyal
5075,2025-01-01,Mega Clearance,Google Search,North,Desktop,New
552,2025-01-01,Black Friday,LinkedIn,North,Mobile,Returning
2635,2025-01-01,Weekend Special,Google Search,North,Desktop,Loyal
3654,2025-01-01,Winter Sale,YouTube,South,Mobile,Loyal
9794,2025-01-01,New Year Blast,LinkedIn,North,Desktop,New
8525,2025-01-01,Diwali Bonanza,Instagram,North,Mobile,Loyal
2568,2025-01-01,Winter Sale,Instagram,Central,Tablet,Premium
9787,2025-01-01,Flash Sale,Email,West,Mobile,Loyal
6372,2025-01-01,Black Friday,Email,East,Mobile,Premium
6732,2025-01-01,Flash Sale,Google Search,Central,Tablet,New
8605,2025-01-01,Winter Sale,Google Search,South,Desktop,Premium
3785,2025-01-01,New Year Blast,Instagram,West,Tablet,Returning
5263,2025-01-01,New Year Blast,YouTube,North,Mobile,Loyal
7045,2025-01-01,Festive Combo,LinkedIn,South,Mobile,Premium
630,2025-01-01,Back to School,Email,South,Mobile,Premium
7848,2025-01-01,New Year Blast,YouTube,East,Tablet,Loyal
5901,2025-01-01,Summer Sale,YouTube,Central,Tablet,Returning
2846,2025-01-01,Weekend Special,Google Search,West,Mobile,New
5878,2025-01-01,Summer Sale,Instagram,Central,Tablet,Returning
3915,2025-01-01,Weekend Special,Facebook,South,Desktop,Premium
7056,2025-01-01,Mega Clearance,Google Search,West,Mobile,Returning
1130,2025-01-01,Weekend Special,Instagram,North,Desktop,New
9996,2025-01-01,Weekend Special,Instagram,Central,Mobile,Loyal
9067,2025-01-01,Mega Clearance,Email,North,Tablet,Loyal
9515,2025-01-01,Back to School,LinkedIn,Central,Tablet,Returning
4191,2025-01-01,Diwali Bonanza,LinkedIn,South,Mobile,Premium
7946,2025-01-01,Weekend Special,LinkedIn,Central,Desktop,Premium
6054,2025-01-02,Back to School,Facebook,North,Desktop,New
4974,2025-01-02,Summer Sale,YouTube,North,Mobile,Premium
6559,2025-01-02,Weekend Special,LinkedIn,North,Desktop,Premium
6845,2025-01-02,Diwali Bonanza,Google Search,South,Desktop,Premium
8031,2025-01-02,Diwali Bonanza,LinkedIn,North,Mobile,Premium
8859,2025-01-02,Back to School,YouTube,North,Mobile,New
3197,2025-01-02,Mega Clearance,YouTube,South,Desktop,Premium
3865,2025-01-02,Weekend Special,LinkedIn,North,Tablet,Returning
6332,2025-01-02,Summer Sale,Facebook,East,Desktop,Returning
4169,2025-01-02,Summer Sale,Google Search,North,Tablet,Loyal
9017,2025-01-02,Black Friday,Facebook,West,Mobile,Loyal
3282,2025-01-02,Flash Sale,Email,South,Mobile,Returning
1519,2025-01-02,Winter Sale,Email,East,Mobile,New
3374,2025-01-02,Diwali Bonanza,Email,South,Desktop,New
4020,2025-01-02,Black Friday,LinkedIn,South,Tablet,Returning
3717,2025-01-02,Summer Sale,Instagram,Central,Mobile,Loyal
4793,2025-01-02,Diwali Bonanza,YouTube,East,Desktop,New
8761,2025-01-02,Winter Sale,LinkedIn,East,Mobile,New
3771,2025-01-02,Winter Sale,Instagram,North,Tablet,New
4573,2025-01-02,Back to School,Facebook,North,Mobile,Loyal
2686,2025-01-02,Mega Clearance,Google Search,West,Tablet,New
9147,2025-01-02,Diwali Bonanza,LinkedIn,South,Tablet,Returning
9232,2025-01-02,Diwali Bonanza,YouTube,West,Mobile,Returning
8896,2025-01-02,Festive Combo,YouTube,Central,Mobile,Returning
1568,2025-01-02,Flash Sale,YouTube,North,Desktop,Loyal
1184,2025-01-02,Flash Sale,YouTube,West,Mobile,Premium
6768,2025-01-02,Mega Clearance,Email,East,Mobile,Loyal
5270,2025-01-02,Summer Sale,Instagram,Central,Mobile,Loyal
5855,2025-01-02,Mega Clearance,Facebook,South,Tablet,New
4667,2025-01-02,Mega Clearance,LinkedIn,South,Mobile,Loyal
9895,2025-01-02,New Year Blast,Facebook,West,Desktop,Loyal
8428,2025-01-02,Festive Combo,Facebook,East,Desktop,Returning
174,2025-01-02,New Year Blast,YouTube,East,Tablet,Loyal
1783,2025-01-03,Weekend Special,LinkedIn,East,Mobile,New
1267,2025-01-03,Weekend Special,Email,East,Tablet,Premium
7375,2025-01-03,New Year Blast,Facebook,Central,Mobile,Returning
9176,2025-01-03,Diwali Bonanza,Instagram,North,Tablet,New
1832,2025-01-03,Back to School,YouTube,South,Mobile,Returning
4522,2025-01-03,Winter Sale,LinkedIn,East,Mobile,New
3390,2025-01-03,Mega Clearance,LinkedIn,West,Mobile,Returning
1412,2025-01-03,New Year Blast,Email,Central,Desktop,Premium
2486,2025-01-03,Flash Sale,Google Search,West,Desktop,Returning
7049,2025-01-03,Weekend Special,Email,Central,Mobile,New
711,2025-01-03,Festive Combo,Instagram,South,Mobile,Returning
7559,2025-01-03,Festive Combo,Google Search,East,Desktop,New
8416,2025-01-03,New Year Blast,LinkedIn,North,Mobile,Premium
8245,2025-01-03,Summer Sale,Google Search,North,Desktop,New
1554,2025-01-03,Summer Sale,YouTube,South,Desktop,Loyal
6385,2025-01-03,Winter Sale,Email,North,Mobile,New
1452,2025-01-03,Flash Sale,Google Search,North,Mobile,Loyal
9243,2025-01-03,New Year Blast,Instagram,Central,Tablet,Returning
7475,2025-01-03,Flash Sale,Facebook,South,Mobile,New
8737,2025-01-03,Winter Sale,Instagram,West,Tablet,Loyal
8512,2025-01-03,Flash Sale,Google Search,North,Tablet,New
5965,2025-01-03,Summer Sale,YouTube,Central,Desktop,Premium
822,2025-01-03,Back to School,Facebook,South,Tablet,Loyal
390,2025-01-03,Weekend Special,Facebook,West,Tablet,Loyal
5625,2025-01-03,Flash Sale,Instagram,West,Mobile,Premium
1989,2025-01-03,Flash Sale,Google Search,North,Mobile,Returning
7782,2025-01-03,Mega Clearance,Facebook,North,Mobile,Returning
4855,2025-01-03,Winter Sale,Instagram,Central,Tablet,Loyal
6572,2025-01-03,Mega Clearance,LinkedIn,Central,Desktop,Loyal
8456,2025-01-03,Diwali Bonanza,Instagram,North,Tablet,Returning
8269,2025-01-03,Mega Clearance,YouTube,East,Desktop,Premium
5893,2025-01-03,Black Friday,Email,South,Desktop,Returning
5352,2025-01-03,Summer Sale,Email,Central,Desktop,Premium
7153,2025-01-03,Diwali Bonanza,YouTube,West,Mobile,New
6832,2025-01-03,Weekend Special,Email,East,Desktop,New
4911,2025-01-03,Flash Sale,Email,West,Mobile,Premium
7670,2025-01-03,New Year Blast,Facebook,Central,Mobile,Premium
8520,2025-01-03,Back to School,Facebook,South,Desktop,Loyal
3618,2025-01-03,Summer Sale,Google Search,West,Tablet,Returning
7665,2025-01-03,Festive Combo,Facebook,South,Desktop,Loyal
2292,2025-01-03,New Year Blast,YouTube,South,Tablet,Loyal
9851,2025-01-04,Diwali Bonanza,YouTube,East,Desktop,Premium
1651,2025-01-04,Diwali Bonanza,LinkedIn,North,Desktop,Returning
9592,2025-01-04,Mega Clearance,YouTube,East,Mobile,New
7667,2025-01-04,Weekend Special,Google Search,Central,Mobile,Returning
5065,2025-01-04,Diwali Bonanza,Email,East,Mobile,Returning
4368,2025-01-04,New Year Blast,Email,West,Desktop,New
5897,2025-01-04,Summer Sale,YouTube,North,Mobile,New
9139,2025-01-04,Black Friday,Google Search,North,Desktop,Returning
1562,2025-01-04,Black Friday,YouTube,West,Mobile,Premium
9533,2025-01-04,Back to School,YouTube,East,Desktop,New
693,2025-01-04,Weekend Special,YouTube,East,Tablet,Premium
453,2025-01-04,Flash Sale,Facebook,South,Mobile,Returning
8129,2025-01-04,Winter Sale,YouTube,North,Desktop,Loyal
3972,2025-01-04,Weekend Special,Email,North,Tablet,Premium
2526,2025-01-04,Flash Sale,LinkedIn,West,Mobile,Premium
4970,2025-01-04,Diwali Bonanza,Facebook,North,Desktop,New
1485,2025-01-04,Black Friday,LinkedIn,East,Desktop,Returning
4482,2025-01-04,Winter Sale,Facebook,North,Tablet,Premium
7963,2025-01-04,Festive Combo,Instagram,East,Mobile,New
4915,2025-01-04,Festive Combo,LinkedIn,South,Mobile,New
5996,2025-01-04,Festive Combo,Instagram,West,Mobile,New
2241,2025-01-04,Festive Combo,Google Search,East,Mobile,Premium
3621,2025-01-04,Festive Combo,Google Search,North,Desktop,New
4732,2025-01-04,Flash Sale,LinkedIn,Central,Mobile,New
2115,2025-01-04,Festive Combo,Email,South,Mobile,New
2804,2025-01-04,Back to School,YouTube,North,Tablet,Premium
6752,2025-01-04,Back to School,YouTube,West,Tablet,Loyal
4525,2025-01-04,New Year Blast,Facebook,East,Desktop,Premium
8454,2025-01-05,New Year Blast,Facebook,South,Mobile,Returning
9336,2025-01-05,Black Friday,Google Search,East,Tablet,Loyal
5071,2025-01-05,Festive Combo,Facebook,Central,Tablet,Returning
4578,2025-01-05,Back to School,Google Search,South,Tablet,New
2512,2025-01-05,Black Friday,Instagram,West,Mobile,Premium
454,2025-01-05,Black Friday,Email,West,Desktop,New
1462,2025-01-05,Winter Sale,YouTube,West,Desktop,Loyal
590,2025-01-05,Back to School,Facebook,East,Tablet,Premium
3841,2025-01-05,Diwali Bonanza,Instagram,East,Mobile,Returning
7858,2025-01-05,New Year Blast,YouTube,Central,Desktop,New
5726,2025-01-05,Mega Clearance,Google Search,West,Tablet,Premium
5515,2025-01-05,Black Friday,Facebook,East,Tablet,New
9573,2025-01-05,Mega Clearance,Instagram,East,Mobile,Premium
8326,2025-01-05,Diwali Bonanza,LinkedIn,West,Mobile,New
9704,2025-01-05,New Year Blast,Email,East,Mobile,New
2089,2025-01-05,Festive Combo,YouTube,South,Desktop,Returning
3022,2025-01-05,Back to School,YouTube,East,Tablet,Premium
944,2025-01-05,Black Friday,Google Search,South,Mobile,Loyal
6274,2025-01-05,Black Friday,Google Search,North,Mobile,Loyal
9510,2025-01-05,Black Friday,Instagram,South,Mobile,Returning
737,2025-01-05,Diwali Bonanza,YouTube,South,Desktop,Premium
935,2025-01-05,Flash Sale,Instagram,Central,Mobile,New
8148,2025-01-05,Flash Sale,Google Search,East,Tablet,Premium
6321,2025-01-05,Mega Clearance,Google Search,West,Mobile,Returning
7442,2025-01-05,Winter Sale,Email,Central,Desktop,Loyal
8692,2025-01-05,Weekend Special,Google Search,East,Mobile,Returning
9624,2025-01-05,New Year Blast,Facebook,South,Tablet,Premium
6932,2025-01-06,Black Friday,YouTube,South,Mobile,Premium
3884,2025-01-06,Black Friday,Google Search,South,Mobile,Premium
2818,2025-01-06,New Year Blast,Google Search,East,Desktop,Loyal
7952,2025-01-06,Summer Sale,YouTube,East,Desktop,Premium
5601,2025-01-06,Black Friday,Google Search,Central,Desktop,Loyal
933,2025-01-06,Summer Sale,Email,South,Desktop,Premium
4205,2025-01-06,Festive Combo,YouTube,West,Desktop,Premium
2970,2025-01-06,Winter Sale,Facebook,Central,Desktop,New
4863,2025-01-06,Black Friday,LinkedIn,Central,Desktop,New
4398,2025-01-06,Summer Sale,Email,East,Mobile,Loyal
3193,2025-01-06,Diwali Bonanza,Facebook,North,Mobile,New
6350,2025-01-06,New Year Blast,Facebook,South,Mobile,Returning
2881,2025-01-06,Back to School,Google Search,Central,Mobile,New
3991,2025-01-06,Back to School,Facebook,North,Mobile,Returning
9633,2025-01-06,Diwali Bonanza,LinkedIn,East,Mobile,Returning
3859,2025-01-06,Summer Sale,Instagram,East,Tablet,Loyal
8469,2025-01-06,Summer Sale,LinkedIn,West,Tablet,New
1814,2025-01-06,Flash Sale,YouTube,Central,Tablet,Returning
1801,2025-01-06,Winter Sale,LinkedIn,South,Desktop,New
9142,2025-01-06,Festive Combo,Google Search,North,Tablet,New
2304,2025-01-06,Back to School,LinkedIn,South,Mobile,Loyal
8902,2025-01-06,Festive Combo,YouTube,North,Desktop,Loyal
4580,2025-01-06,Black Friday,Email,North,Tablet,New
1601,2025-01-06,Winter Sale,Instagram,North,Tablet,New
5318,2025-01-06,Diwali Bonanza,Instagram,South,Tablet,Returning
5742,2025-01-06,Summer Sale,YouTube,South,Mobile,New
5461,2025-01-06,Back to School,Email,South,Mobile,Premium
9367,2025-01-06,Festive Combo,Google Search,Central,Tablet,Returning
9253,2025-01-06,New Year Blast,Instagram,West,Desktop,New
2126,2025-01-06,Mega Clearance,Instagram,North,Tablet,Loyal
8294,2025-01-06,Festive Combo,Facebook,West,Tablet,Loyal
9858,2025-01-06,Mega Clearance,Google Search,Central,Tablet,New
8433,2025-01-07,Back to School,Google Search,South,Tablet,New
7545,2025-01-07,Back to School,Instagram,South,Tablet,Premium
1708,2025-01-07,Weekend Special,YouTube,East,Desktop,Loyal
2735,2025-01-07,Back to School,Email,North,Mobile,Loyal
1885,2025-01-07,Mega Clearance,Google Search,West,Desktop,New
121,2025-01-07,Flash Sale,LinkedIn,North,Desktop,Premium
1059,2025-01-07,Festive Combo,LinkedIn,West,Tablet,New
5813,2025-01-07,Black Friday,Instagram,South,Tablet,Returning
7484,2025-01-07,Black Friday,Email,North,Tablet,Loyal
2814,2025-01-07,Black Friday,Facebook,East,Mobile,Loyal
8181,2025-01-07,Mega Clearance,Instagram,South,Mobile,Loyal
7450,2025-01-07,Festive Combo,Email,Central,Mobile,New
2296,2025-01-07,Diwali Bonanza,Email,North,Mobile,Returning
2273,2025-01-07,Summer Sale,Google Search,Central,Mobile,Loyal
1717,2025-01-07,Winter Sale,Google Search,West,Desktop,New
2383,2025-01-07,Diwali Bonanza,Instagram,South,Tablet,Loyal
2978,2025-01-07,Diwali Bonanza,Facebook,West,Tablet,Returning
975,2025-01-07,Black Friday,YouTube,West,Mobile,Loyal
1161,2025-01-07,New Year Blast,LinkedIn,West,Tablet,Premium
901,2025-01-07,Black Friday,LinkedIn,Central,Mobile,Premium
9722,2025-01-07,Mega Clearance,Facebook,West,Tablet,New
6290,2025-01-07,Winter Sale,LinkedIn,North,Tablet,Loyal
5892,2025-01-08,Winter Sale,Instagram,East,Desktop,Loyal
4168,2025-01-08,Back to School,Instagram,North,Mobile,Returning
9870,2025-01-08,Black Friday,YouTube,South,Mobile,New
1011,2025-01-08,Back to School,YouTube,North,Desktop,Loyal
8494,2025-01-08,Festive Combo,Email,East,Tablet,Loyal
8704,2025-01-08,New Year Blast,YouTube,South,Desktop,Premium
6393,2025-01-08,New Year Blast,Instagram,West,Mobile,Premium
3682,2025-01-08,Summer Sale,Email,North,Tablet,Loyal
7163,2025-01-08,Black Friday,Google Search,West,Desktop,Premium
7770,2025-01-08,Weekend Special,Google Search,East,Tablet,New
7167,2025-01-08,Mega Clearance,Facebook,South,Mobile,New
1970,2025-01-08,Diwali Bonanza,LinkedIn,South,Desktop,Premium
4942,2025-01-08,Flash Sale,Google Search,North,Desktop,Premium
4957,2025-01-08,Diwali Bonanza,Instagram,South,Desktop,Loyal
8401,2025-01-08,Weekend Special,Email,North,Mobile,Premium
6653,2025-01-08,New Year Blast,Email,Central,Desktop,New
7632,2025-01-08,Festive Combo,Google Search,North,Tablet,New
8672,2025-01-08,Weekend Special,Facebook,Central,Desktop,Returning
8972,2025-01-08,New Year Blast,Google Search,East,Tablet,Loyal
4650,2025-01-08,New Year Blast,Email,South,Mobile,Loyal
1197,2025-01-08,Diwali Bonanza,YouTube,North,Desktop,New
4255,2025-01-08,Diwali Bonanza,YouTube,East,Tablet,Premium
9268,2025-01-08,Summer Sale,Google Search,South,Mobile,Loyal
1153,2025-01-08,Winter Sale,Email,South,Tablet,Returning
8154,2025-01-08,New Year Blast,Google Search,East,Tablet,Premium
9792,2025-01-08,Winter Sale,Email,South,Tablet,Premium
8386,2025-01-08,Winter Sale,YouTube,West,Desktop,New
9119,2025-01-08,Black Friday,Instagram,South,Desktop,New
9956,2025-01-08,Diwali Bonanza,Email,East,Mobile,Returning
2168,2025-01-08,Black Friday,Google Search,North,Mobile,Returning
7798,2025-01-08,Flash Sale,Email,West,Desktop,Loyal
7548,2025-01-08,Mega Clearance,Instagram,South,Tablet,Premium
9715,2025-01-08,Festive Combo,Email,Central,Mobile,Returning
5928,2025-01-09,New Year Blast,LinkedIn,South,Desktop,Returning
7958,2025-01-09,Back to School,Email,East,Tablet,New
7955,2025-01-09,Festive Combo,Email,South,Tablet,Returning
7772,2025-01-09,Black Friday,Facebook,East,Tablet,New
6664,2025-01-09,Festive Combo,Google Search,East,Desktop,Premium
3418,2025-01-09,Mega Clearance,Instagram,West,Desktop,Loyal
3034,2025-01-09,Weekend Special,YouTube,East,Tablet,New
3405,2025-01-09,Mega Clearance,Facebook,East,Desktop,Loyal
1206,2025-01-09,Festive Combo,Google Search,North,Mobile,Returning
6923,2025-01-09,Weekend Special,Email,West,Mobile,Returning
7991,2025-01-09,New Year Blast,LinkedIn,East,Mobile,New
2721,2025-01-09,Mega Clearance,Email,West,Mobile,Premium
308,2025-01-09,Back to School,Google Search,East,Mobile,New
5366,2025-01-09,Back to School,LinkedIn,West,Tablet,Returning
547,2025-01-09,Winter Sale,Facebook,West,Desktop,New
9372,2025-01-09,Winter Sale,LinkedIn,South,Tablet,Premium
3924,2025-01-09,Flash Sale,Google Search,West,Desktop,New
1673,2025-01-09,Flash Sale,Google Search,North,Desktop,Returning
5415,2025-01-09,Weekend Special,YouTube,Central,Mobile,Premium
4002,2025-01-09,Back to School,LinkedIn,East,Mobile,Premium
2946,2025-01-09,Black Friday,Email,North,Mobile,New
6757,2025-01-09,Back to School,Instagram,Central,Desktop,Premium
2961,2025-01-09,Black Friday,LinkedIn,South,Desktop,Returning
223,2025-01-09,Diwali Bonanza,Instagram,North,Mobile,Loyal
1910,2025-01-09,Back to School,Email,West,Mobile,New
4887,2025-01-09,Diwali Bonanza,Instagram,West,Tablet,New
2504,2025-01-09,Mega Clearance,LinkedIn,North,Tablet,Premium
3850,2025-01-09,Weekend Special,YouTube,Central,Mobile,Returning
5858,2025-01-09,Black Friday,Facebook,West,Desktop,Premium
7230,2025-01-09,Weekend Special,Instagram,East,Tablet,Returning
1553,2025-01-09,Diwali Bonanza,YouTube,North,Tablet,Loyal
5519,2025-01-09,Back to School,Facebook,Central,Mobile,Loyal
9439,2025-01-09,Festive Combo,Email,North,Tablet,New
4195,2025-01-09,Summer Sale,Instagram,North,Mobile,New
7512,2025-01-09,Summer Sale,YouTube,Central,Mobile,Premium
1740,2025-01-09,Back to School,Google Search,East,Tablet,Loyal
8625,2025-01-10,Weekend Special,YouTube,West,Tablet,Premium
3047,2025-01-10,Mega Clearance,Google Search,North,Mobile,Returning
1475,2025-01-10,Back to School,Instagram,East,Tablet,Returning
2769,2025-01-10,Festive Combo,Instagram,West,Mobile,Returning
9528,2025-01-10,Black Friday,Email,South,Tablet,Returning
8678,2025-01-10,Summer Sale,LinkedIn,East,Tablet,Premium
1529,2025-01-10,New Year Blast,Facebook,South,Tablet,Loyal
967,2025-01-10,Mega Clearance,Instagram,Central,Mobile,Premium
4548,2025-01-10,Black Friday,Email,Central,Mobile,Returning
8009,2025-01-10,Black Friday,YouTube,Central,Desktop,Loyal
8806,2025-01-10,Winter Sale,YouTube,West,Tablet,Loyal
8757,2025-01-10,Black Friday,Email,East,Tablet,Premium
5970,2025-01-10,Mega Clearance,LinkedIn,Central,Tablet,Loyal
9413,2025-01-10,Diwali Bonanza,Email,East,Desktop,Premium
8336,2025-01-10,Festive Combo,LinkedIn,South,Tablet,Loyal
300,2025-01-10,New Year Blast,Facebook,South,Tablet,Loyal
4005,2025-01-10,Winter Sale,Email,West,Mobile,Loyal
5565,2025-01-10,Winter Sale,LinkedIn,East,Tablet,New
3814,2025-01-10,New Year Blast,Facebook,West,Mobile,New
4316,2025-01-10,Black Friday,Google Search,West,Mobile,Loyal
9050,2025-01-11,Mega Clearance,Email,Central,Tablet,Returning
9377,2025-01-11,Weekend Special,LinkedIn,South,Mobile,Returning
4106,2025-01-11,Flash Sale,Email,Central,Mobile,New
5103,2025-01-11,Weekend Special,LinkedIn,North,Mobile,Premium
7655,2025-01-11,Back to School,Google Search,East,Tablet,Loyal
1468,2025-01-11,Diwali Bonanza,Instagram,South,Desktop,Premium
3372,2025-01-11,Mega Clearance,Instagram,East,Desktop,Loyal
4557,2025-01-11,Weekend Special,Email,North,Desktop,Loyal
8536,2025-01-11,Black Friday,YouTube,South,Tablet,Loyal
4409,2025-01-11,Winter Sale,LinkedIn,Central,Tablet,Returning
961,2025-01-11,Flash Sale,Instagram,South,Desktop,New
4259,2025-01-11,Flash Sale,LinkedIn,East,Mobile,Loyal
3103,2025-01-11,Winter Sale,Email,North,Mobile,Premium
8647,2025-01-11,Mega Clearance,Email,West,Tablet,New
2929,2025-01-11,Festive Combo,Email,Central,Desktop,Loyal
5346,2025-01-11,Festive Combo,Instagram,South,Desktop,New
1606,2025-01-11,Diwali Bonanza,LinkedIn,North,Desktop,Returning
8581,2025-01-11,Summer Sale,Google Search,South,Desktop,Loyal
5154,2025-01-11,Diwali Bonanza,Instagram,South,Desktop,Loyal
7403,2025-01-12,Flash Sale,Facebook,South,Desktop,Loyal
7402,2025-01-12,New Year Blast,Google Search,Central,Desktop,Returning
6365,2025-01-12,Black Friday,Facebook,North,Tablet,Premium
1459,2025-01-12,Winter Sale,Facebook,South,Tablet,Loyal
2429,2025-01-12,Back to School,Email,South,Mobile,Loyal
6980,2025-01-12,New Year Blast,Email,North,Mobile,Returning
4444,2025-01-12,New Year Blast,Email,South,Mobile,New
2760,2025-01-12,Festive Combo,LinkedIn,South,Desktop,Premium
8306,2025-01-12,Festive Combo,Facebook,East,Tablet,Returning
4437,2025-01-12,Flash Sale,LinkedIn,North,Tablet,Returning
9267,2025-01-12,Diwali Bonanza,Facebook,South,Tablet,New
2825,2025-01-12,Mega Clearance,LinkedIn,North,Tablet,Returning
414,2025-01-12,Flash Sale,Instagram,North,Tablet,Returning
9393,2025-01-12,Summer Sale,Instagram,South,Desktop,Premium
8246,2025-01-12,New Year Blast,YouTube,West,Desktop,Premium
3599,2025-01-12,Mega Clearance,Facebook,South,Mobile,New
4933,2025-01-12,Flash Sale,Facebook,East,Desktop,New
846,2025-01-12,Black Friday,Google Search,South,Tablet,Returning
7994,2025-01-12,Flash Sale,Email,Central,Tablet,New
5269,2025-01-12,Black Friday,LinkedIn,Central,Tablet,Returning
4100,2025-01-12,Mega Clearance,LinkedIn,Central,Mobile,Loyal
2359,2025-01-12,Festive Combo,Email,West,Tablet,Loyal
9441,2025-01-12,Winter Sale,Instagram,North,Tablet,Returning
5033,2025-01-12,Weekend Special,Facebook,Central,Tablet,Loyal
612,2025-01-12,Winter Sale,Facebook,West,Mobile,New
4333,2025-01-12,Diwali Bonanza,Google Search,Central,Mobile,New
7843,2025-01-12,Summer Sale,Google Search,East,Mobile,Loyal
9568,2025-01-12,Mega Clearance,Instagram,North,Desktop,New
4246,2025-01-12,Festive Combo,Facebook,Central,Tablet,Loyal
3387,2025-01-12,Diwali Bonanza,YouTube,Central,Mobile,Premium
1099,2025-01-12,Mega Clearance,Instagram,South,Desktop,Returning
3179,2025-01-12,Winter Sale,LinkedIn,West,Desktop,Loyal
8062,2025-01-12,Flash Sale,LinkedIn,North,Tablet,Loyal
4331,2025-01-12,Festive Combo,YouTube,North,Tablet,Loyal
2681,2025-01-13,Festive Combo,Google Search,South,Tablet,Premium
593,2025-01-13,Black Friday,Email,East,Tablet,New
1937,2025-01-13,Mega Clearance,LinkedIn,West,Tablet,New
7170,2025-01-13,Mega Clearance,Google Search,West,Desktop,New
2591,2025-01-13,Back to School,Google Search,East,Desktop,New
9983,2025-01-13,New Year Blast,Facebook,North,Desktop,Premium
7634,2025-01-13,Diwali Bonanza,Facebook,North,Desktop,New
797,2025-01-13,Weekend Special,Instagram,Central,Tablet,Loyal
73,2025-01-13,Black Friday,LinkedIn,East,Desktop,New
9446,2025-01-13,Festive Combo,Instagram,South,Tablet,Returning
776,2025-01-13,Flash Sale,Facebook,North,Tablet,New
4158,2025-01-13,Weekend Special,YouTube,South,Desktop,New
9766,2025-01-13,New Year Blast,Instagram,South,Tablet,Premium
8811,2025-01-13,Flash Sale,Email,North,Desktop,Returning
5583,2025-01-13,Weekend Special,Facebook,East,Mobile,Loyal
5129,2025-01-13,Winter Sale,YouTube,West,Tablet,Returning
3516,2025-01-13,Mega Clearance,YouTube,Central,Desktop,Returning
4877,2025-01-13,Summer Sale,Instagram,South,Mobile,Returning
802,2025-01-13,Festive Combo,YouTube,East,Mobile,New
2971,2025-01-13,Weekend Special,Facebook,Central,Desktop,New
5839,2025-01-13,New Year Blast,LinkedIn,North,Tablet,New
5036,2025-01-13,Weekend Special,Instagram,West,Desktop,New
9613,2025-01-13,Diwali Bonanza,LinkedIn,North,Tablet,Premium
3773,2025-01-13,Back to School,Instagram,Central,Tablet,New
7269,2025-01-13,Back to School,Email,South,Mobile,Premium
9054,2025-01-13,New Year Blast,Email,Central,Mobile,New
9099,2025-01-13,Mega Clearance,YouTube,South,Tablet,Premium
4665,2025-01-13,Back to School,Email,West,Tablet,Loyal
2802,2025-01-13,Flash Sale,Email,North,Mobile,Returning
9721,2025-01-13,Summer Sale,Facebook,South,Desktop,Premium
1532,2025-01-13,Weekend Special,Instagram,West,Desktop,New
7066,2025-01-13,Summer Sale,LinkedIn,Central,Tablet,Loyal
2162,2025-01-14,Black Friday,Email,Central,Desktop,New
1997,2025-01-14,Flash Sale,Google Search,Central,Mobile,New
9972,2025-01-14,Mega Clearance,Facebook,Central,Mobile,Premium
8713,2025-01-14,Black Friday,LinkedIn,Central,Mobile,Premium
924,2025-01-14,Flash Sale,Email,North,Mobile,Premium
9329,2025-01-14,New Year Blast,Instagram,Central,Mobile,New
6237,2025-01-14,Black Friday,YouTube,West,Tablet,New
9501,2025-01-14,Mega Clearance,Facebook,East,Mobile,Returning
9637,2025-01-14,Weekend Special,YouTube,North,Desktop,Loyal
6244,2025-01-14,Mega Clearance,LinkedIn,North,Desktop,New
6587,2025-01-14,Black Friday,LinkedIn,East,Desktop,New
3063,2025-01-14,New Year Blast,Instagram,South,Tablet,New
9915,2025-01-14,Mega Clearance,Email,Central,Tablet,New
7983,2025-01-14,Weekend Special,Instagram,East,Tablet,Loyal
2857,2025-01-14,Flash Sale,Google Search,West,Mobile,Loyal
9089,2025-01-14,Mega Clearance,Email,North,Desktop,New
2516,2025-01-14,Weekend Special,Email,North,Mobile,Premium
3458,2025-01-14,Black Friday,LinkedIn,North,Tablet,Loyal
480,2025-01-14,Winter Sale,Instagram,Central,Mobile,Premium
6205,2025-01-14,Weekend Special,YouTube,Central,Mobile,Premium
8791,2025-01-14,Weekend Special,Facebook,Central,Desktop,Premium
1536,2025-01-14,Summer Sale,Instagram,West,Mobile,Premium
4773,2025-01-14,Diwali Bonanza,Email,South,Tablet,Loyal
3248,2025-01-14,Summer Sale,Google Search,West,Tablet,New
157,2025-01-14,Winter Sale,Facebook,Central,Tablet,New
7295,2025-01-15,Flash Sale,Facebook,West,Tablet,New
2451,2025-01-15,Black Friday,Email,East,Mobile,New
927,2025-01-15,Summer Sale,YouTube,East,Desktop,Loyal
6139,2025-01-15,Flash Sale,Instagram,Central,Desktop,New
6780,2025-01-15,Weekend Special,Email,East,Tablet,Premium
1372,2025-01-15,New Year Blast,Instagram,Central,Mobile,New
75,2025-01-15,Winter Sale,Instagram,South,Tablet,Premium
5057,2025-01-15,Back to School,Email,South,Desktop,Returning
7057,2025-01-15,Weekend Special,YouTube,West,Mobile,Returning
4249,2025-01-15,Weekend Special,YouTube,Central,Mobile,Loyal
2040,2025-01-15,Black Friday,Google Search,North,Mobile,New
1304,2025-01-15,Winter Sale,Facebook,South,Tablet,Returning
2536,2025-01-15,Summer Sale,Instagram,North,Desktop,New
8562,2025-01-15,Festive Combo,Google Search,Central,Desktop,New
4089,2025-01-15,Diwali Bonanza,Email,Central,Desktop,Loyal
3365,2025-01-15,Back to School,Facebook,South,Mobile,Returning
2262,2025-01-15,New Year Blast,Instagram,Central,Mobile,Loyal
5248,2025-01-15,Weekend Special,Email,East,Mobile,Returning
6233,2025-01-15,Festive Combo,Google Search,East,Tablet,Loyal
2125,2025-01-15,New Year Blast,LinkedIn,North,Tablet,Loyal
5679,2025-01-15,Diwali Bonanza,Google Search,South,Tablet,Returning
6609,2025-01-15,Flash Sale,Email,West,Desktop,Loyal
2240,2025-01-15,Mega Clearance,Google Search,Central,Tablet,Returning
1747,2025-01-15,Diwali Bonanza,Instagram,West,Desktop,Returning
6090,2025-01-15,Diwali Bonanza,Google Search,East,Mobile,Returning
9521,2025-01-16,Flash Sale,Facebook,South,Desktop,Loyal
8736,2025-01-16,Mega Clearance,YouTube,Central,Mobile,Premium
7810,2025-01-16,Black Friday,Facebook,South,Tablet,New
1332,2025-01-16,Winter Sale,YouTube,North,Mobile,Loyal
9332,2025-01-16,New Year Blast,Email,Central,Mobile,New
323,2025-01-16,Diwali Bonanza,Email,West,Mobile,Returning
6455,2025-01-16,Flash Sale,Google Search,Central,Tablet,Premium
6680,2025-01-16,Weekend Special,LinkedIn,North,Desktop,Returning
8208,2025-01-16,Festive Combo,LinkedIn,North,Mobile,Premium
6034,2025-01-16,Festive Combo,YouTube,West,Mobile,Returning
2023,2025-01-16,Winter Sale,Facebook,East,Desktop,Returning
1916,2025-01-16,Diwali Bonanza,Instagram,South,Mobile,Returning
6699,2025-01-16,New Year Blast,LinkedIn,Central,Mobile,Returning
7494,2025-01-16,Black Friday,LinkedIn,East,Mobile,Premium
6956,2025-01-16,Flash Sale,Facebook,Central,Desktop,Loyal
4510,2025-01-16,Summer Sale,Google Search,East,Desktop,New
2083,2025-01-16,Black Friday,Email,West,Desktop,Returning
2417,2025-01-16,Diwali Bonanza,Email,Central,Mobile,Premium
8933,2025-01-16,Mega Clearance,Instagram,East,Desktop,New
622,2025-01-16,New Year Blast,Google Search,West,Tablet,Premium
4519,2025-01-16,Mega Clearance,LinkedIn,West,Desktop,New
5940,2025-01-16,Summer Sale,Email,North,Desktop,Loyal
3244,2025-01-16,Diwali Bonanza,LinkedIn,South,Mobile,New
2993,2025-01-16,Back to School,Instagram,North,Desktop,Returning
1489,2025-01-16,Festive Combo,Facebook,North,Tablet,New
3306,2025-01-16,Winter Sale,Facebook,East,Tablet,Returning
579,2025-01-16,Back to School,LinkedIn,East,Tablet,New
4597,2025-01-16,Festive Combo,Google Search,East,Desktop,Returning
3572,2025-01-16,Flash Sale,Facebook,Central,Mobile,Returning
6009,2025-01-16,New Year Blast,Facebook,East,Tablet,Returning
8135,2025-01-16,Winter Sale,Email,North,Tablet,Premium
4447,2025-01-16,Flash Sale,LinkedIn,South,Mobile,New
4515,2025-01-17,Mega Clearance,Email,Central,Desktop,Premium
9561,2025-01-17,Weekend Special,YouTube,Central,Tablet,Returning
1643,2025-01-17,Mega Clearance,LinkedIn,North,Mobile,Returning
6555,2025-01-17,Winter Sale,Google Search,North,Mobile,New
5802,2025-01-17,Diwali Bonanza,Instagram,Central,Desktop,Loyal
3,2025-01-17,Summer Sale,Google Search,South,Mobile,New
9554,2025-01-17,Back to School,YouTube,West,Tablet,Premium
7001,2025-01-17,Diwali Bonanza,Facebook,South,Mobile,Premium
2184,2025-01-17,Weekend Special,Instagram,North,Tablet,Premium
8898,2025-01-17,Diwali Bonanza,YouTube,West,Desktop,Premium
3874,2025-01-17,Weekend Special,YouTube,East,Tablet,Returning
9350,2025-01-17,Weekend Special,YouTube,East,Desktop,Returning
6760,2025-01-17,Diwali Bonanza,Instagram,South,Desktop,Premium
7221,2025-01-17,Winter Sale,YouTube,East,Tablet,Loyal
5421,2025-01-17,New Year Blast,LinkedIn,East,Desktop,Returning
4565,2025-01-17,New Year Blast,LinkedIn,South,Mobile,New
8094,2025-01-17,Mega Clearance,Email,North,Tablet,Returning
5404,2025-01-17,Summer Sale,Google Search,East,Desktop,New
9133,2025-01-17,Diwali Bonanza,YouTube,Central,Mobile,Loyal
4311,2025-01-17,Back to School,Facebook,North,Desktop,New
2854,2025-01-17,Festive Combo,Instagram,East,Mobile,Premium
3835,2025-01-17,Summer Sale,LinkedIn,South,Desktop,Premium
9685,2025-01-17,Winter Sale,LinkedIn,West,Tablet,Loyal
9818,2025-01-17,Mega Clearance,LinkedIn,West,Desktop,Returning
3128,2025-01-17,Winter Sale,YouTube,South,Desktop,Premium
9820,2025-01-17,New Year Blast,Google Search,East,Mobile,Loyal
5399,2025-01-17,Summer Sale,Email,East,Tablet,New
1226,2025-01-17,Mega Clearance,Google Search,East,Mobile,New
4920,2025-01-17,Summer Sale,Instagram,North,Mobile,Premium
214,2025-01-17,Back to School,Facebook,West,Desktop,Returning
3148,2025-01-17,Summer Sale,Google Search,North,Tablet,New
9122,2025-01-17,Winter Sale,Instagram,West,Mobile,New
3544,2025-01-17,Flash Sale,Instagram,East,Tablet,Premium
8763,2025-01-17,Festive Combo,Instagram,North,Tablet,Returning
1834,2025-01-17,Diwali Bonanza,YouTube,South,Desktop,Premium
9899,2025-01-17,New Year Blast,Google Search,West,Mobile,Loyal
1785,2025-01-18,Winter Sale,Google Search,Central,Desktop,Premium
1141,2025-01-18,Summer Sale,Email,West,Tablet,Premium
7564,2025-01-18,Black Friday,Google Search,South,Tablet,Loyal
9925,2025-01-18,Back to School,Instagram,North,Desktop,New
2860,2025-01-18,Back to School,Instagram,Central,Tablet,Loyal
9674,2025-01-18,Diwali Bonanza,Google Search,Central,Tablet,Loyal
4649,2025-01-18,Mega Clearance,YouTube,Central,Desktop,Premium
8003,2025-01-18,New Year Blast,Instagram,South,Tablet,New
7966,2025-01-18,Festive Combo,YouTube,North,Desktop,New
9693,2025-01-18,New Year Blast,Google Search,South,Desktop,New
6074,2025-01-18,Back to School,LinkedIn,West,Tablet,New
7256,2025-01-18,Winter Sale,Facebook,Central,Desktop,New
7132,2025-01-18,Summer Sale,LinkedIn,West,Mobile,Premium
4814,2025-01-18,Summer Sale,Facebook,South,Mobile,Returning
1579,2025-01-18,Flash Sale,Instagram,North,Mobile,New
3584,2025-01-18,Summer Sale,Facebook,North,Desktop,Loyal
8286,2025-01-18,Back to School,LinkedIn,West,Mobile,Returning
6029,2025-01-19,Summer Sale,LinkedIn,North,Desktop,Premium
6685,2025-01-19,Weekend Special,Email,Central,Tablet,Premium
8745,2025-01-19,Back to School,YouTube,North,Tablet,Premium
3295,2025-01-19,Festive Combo,Google Search,East,Mobile,Returning
2178,2025-01-19,Black Friday,YouTube,West,Tablet,Loyal
1339,2025-01-19,Summer Sale,Facebook,Central,Tablet,Premium
3774,2025-01-19,Summer Sale,Facebook,West,Tablet,Returning
4541,2025-01-19,Mega Clearance,Google Search,Central,Desktop,New
6961,2025-01-19,Festive Combo,Email,Central,Tablet,Loyal
8241,2025-01-19,Summer Sale,Google Search,South,Desktop,New
1064,2025-01-19,Diwali Bonanza,Google Search,Central,Tablet,Premium
2939,2025-01-19,Flash Sale,Instagram,North,Mobile,New
3329,2025-01-19,Back to School,Facebook,West,Desktop,New
4127,2025-01-19,Black Friday,Instagram,West,Tablet,Loyal
9326,2025-01-19,Winter Sale,Facebook,East,Desktop,New
7708,2025-01-19,Festive Combo,Instagram,West,Mobile,Returning
2194,2025-01-19,Back to School,LinkedIn,Central,Mobile,Loyal
1973,2025-01-19,Black Friday,YouTube,South,Desktop,Returning
4717,2025-01-19,Flash Sale,Instagram,East,Tablet,Loyal
585,2025-01-19,Weekend Special,YouTube,West,Mobile,Premium
312,2025-01-19,New Year Blast,Facebook,North,Mobile,New
8418,2025-01-20,Flash Sale,Instagram,Central,Tablet,Returning
9235,2025-01-20,Diwali Bonanza,Instagram,South,Mobile,Premium
7395,2025-01-20,Festive Combo,Google Search,North,Tablet,Premium
9260,2025-01-20,Flash Sale,Email,West,Mobile,Returning
3424,2025-01-20,Black Friday,Google Search,West,Tablet,Returning
2248,2025-01-20,Flash Sale,Google Search,Central,Desktop,Returning
2254,2025-01-20,Flash Sale,YouTube,East,Tablet,Loyal
1627,2025-01-20,Weekend Special,Facebook,East,Mobile,Premium
76,2025-01-20,Winter Sale,Email,West,Desktop,Premium
3444,2025-01-20,Summer Sale,YouTube,East,Tablet,Returning
8071,2025-01-20,Mega Clearance,Email,West,Tablet,Premium
8778,2025-01-20,Mega Clearance,Google Search,Central,Tablet,Returning
8085,2025-01-20,Winter Sale,Instagram,Central,Tablet,Returning
4875,2025-01-20,Winter Sale,Instagram,Central,Mobile,New
7060,2025-01-20,Diwali Bonanza,Facebook,South,Mobile,Premium
1351,2025-01-20,Festive Combo,YouTube,West,Tablet,Loyal
673,2025-01-20,Flash Sale,Instagram,South,Mobile,Loyal
672,2025-01-20,Diwali Bonanza,Instagram,West,Mobile,Loyal
7308,2025-01-20,Mega Clearance,Facebook,North,Desktop,Loyal
8017,2025-01-20,Weekend Special,Google Search,Central,Tablet,Loyal
5510,2025-01-20,Winter Sale,YouTube,East,Tablet,Loyal
9571,2025-01-20,New Year Blast,Email,East,Desktop,New
3302,2025-01-20,Weekend Special,Instagram,Central,Mobile,Loyal
9621,2025-01-21,Festive Combo,Google Search,North,Tablet,Premium
3341,2025-01-21,Summer Sale,Facebook,East,Desktop,Returning
4178,2025-01-21,Summer Sale,Google Search,Central,Tablet,Premium
9277,2025-01-21,Mega Clearance,Google Search,West,Mobile,Returning
7197,2025-01-21,Summer Sale,Google Search,Central,Mobile,New
2398,2025-01-21,Winter Sale,Instagram,East,Mobile,Returning
4339,2025-01-21,Diwali Bonanza,Instagram,East,Desktop,New
7280,2025-01-21,Mega Clearance,Email,East,Mobile,Loyal
7034,2025-01-21,New Year Blast,YouTube,West,Desktop,Premium
1942,2025-01-21,Flash Sale,Facebook,South,Tablet,New
275,2025-01-21,Black Friday,YouTube,West,Desktop,Returning
4643,2025-01-21,Black Friday,YouTube,West,Mobile,Premium
3026,2025-01-21,Festive Combo,YouTube,Central,Tablet,Premium
4317,2025-01-21,Back to School,YouTube,North,Mobile,Premium
3384,2025-01-21,Black Friday,Google Search,East,Desktop,Returning
2725,2025-01-21,New Year Blast,YouTube,West,Tablet,New
6298,2025-01-21,New Year Blast,Email,East,Tablet,Premium
8079,2025-01-21,Festive Combo,Google Search,South,Tablet,Premium
5520,2025-01-21,Mega Clearance,LinkedIn,West,Desktop,Loyal
6618,2025-01-21,Festive Combo,Google Search,West,Tablet,Returning
2589,2025-01-21,Back to School,YouTube,West,Desktop,New
2715,2025-01-21,Diwali Bonanza,LinkedIn,West,Desktop,Loyal
8567,2025-01-21,Festive Combo,Email,Central,Tablet,Returning
4432,2025-01-21,Festive Combo,YouTube,Central,Desktop,New
836,2025-01-21,Back to School,Google Search,Central,Tablet,Premium
4699,2025-01-21,Black Friday,Google Search,Central,Tablet,Loyal
3001,2025-01-21,Diwali Bonanza,Instagram,East,Mobile,New
6117,2025-01-21,Diwali Bonanza,Facebook,West,Desktop,Returning
4912,2025-01-21,Weekend Special,LinkedIn,North,Mobile,New
5660,2025-01-21,Black Friday,Email,Central,Desktop,Returning
2440,2025-01-21,Back to School,LinkedIn,Central,Tablet,Loyal
786,2025-01-21,Flash Sale,Instagram,Central,Desktop,Returning
1021,2025-01-21,Black Friday,Email,East,Desktop,Loyal
5980,2025-01-21,Black Friday,Google Search,West,Desktop,New
1871,2025-01-21,Diwali Bonanza,Instagram,South,Desktop,New
5190,2025-01-21,Mega Clearance,YouTube,North,Tablet,Returning
3931,2025-01-22,Flash Sale,LinkedIn,North,Desktop,Premium
6946,2025-01-22,New Year Blast,Email,West,Mobile,New
4468,2025-01-22,Festive Combo,Google Search,South,Mobile,New
3020,2025-01-22,Diwali Bonanza,Facebook,Central,Tablet,Loyal
257,2025-01-22,Flash Sale,Google Search,West,Mobile,Premium
5472,2025-01-22,Mega Clearance,Google Search,East,Mobile,Premium
6416,2025-01-22,New Year Blast,Google Search,East,Tablet,Returning
8371,2025-01-22,Weekend Special,Facebook,West,Desktop,Loyal
7613,2025-01-22,Winter Sale,LinkedIn,South,Tablet,Loyal
6452,2025-01-22,Weekend Special,YouTube,North,Tablet,Loyal
3177,2025-01-22,Diwali Bonanza,LinkedIn,South,Tablet,Premium
2127,2025-01-22,Back to School,Facebook,West,Tablet,Loyal
6753,2025-01-22,Flash Sale,Email,North,Desktop,Loyal
2914,2025-01-22,Winter Sale,Instagram,North,Tablet,Premium
8054,2025-01-22,Black Friday,Email,Central,Mobile,Returning
7680,2025-01-22,Weekend Special,YouTube,Central,Desktop,Returning
8075,2025-01-22,Festive Combo,Facebook,West,Mobile,New
4077,2025-01-22,New Year Blast,Instagram,North,Mobile,Premium
3941,2025-01-22,Flash Sale,Facebook,Central,Tablet,Loyal
9664,2025-01-22,Festive Combo,Facebook,West,Desktop,Returning
2839,2025-01-22,Back to School,Email,South,Tablet,Premium
4559,2025-01-22,Mega Clearance,Facebook,North,Tablet,New
5607,2025-01-22,New Year Blast,Email,Central,Tablet,Loyal
5245,2025-01-22,Summer Sale,Instagram,South,Mobile,Premium
5525,2025-01-22,Diwali Bonanza,Google Search,East,Desktop,Returning
4558,2025-01-22,Weekend Special,YouTube,Central,Tablet,Loyal
1285,2025-01-22,New Year Blast,Email,East,Desktop,Loyal
6723,2025-01-22,Summer Sale,Instagram,South,Mobile,Loyal
7992,2025-01-22,New Year Blast,Instagram,Central,Desktop,New
2235,2025-01-22,Black Friday,LinkedIn,Central,Desktop,Premium
8502,2025-01-23,Flash Sale,YouTube,North,Mobile,Premium
3423,2025-01-23,Weekend Special,Google Search,North,Tablet,New
3934,2025-01-23,New Year Blast,Email,Central,Mobile,Returning
1217,2025-01-23,Winter Sale,YouTube,North,Tablet,Returning
5275,2025-01-23,New Year Blast,Google Search,West,Tablet,Returning
1603,2025-01-23,Summer Sale,Facebook,South,Desktop,Returning
3157,2025-01-23,Mega Clearance,Google Search,North,Tablet,Premium
9831,2025-01-23,Winter Sale,YouTube,North,Desktop,Loyal
1892,2025-01-23,Winter Sale,Email,East,Mobile,Loyal
3120,2025-01-23,Festive Combo,YouTube,East,Tablet,Returning
8378,2025-01-23,New Year Blast,Facebook,East,Mobile,Loyal
4161,2025-01-23,Summer Sale,LinkedIn,Central,Tablet,Returning
8755,2025-01-23,Winter Sale,YouTube,East,Desktop,Returning
9360,2025-01-23,Diwali Bonanza,LinkedIn,West,Desktop,Returning
6781,2025-01-23,Flash Sale,Instagram,East,Desktop,Returning
3626,2025-01-23,Summer Sale,LinkedIn,North,Desktop,Premium
9250,2025-01-23,Back to School,YouTube,East,Desktop,Returning
3659,2025-01-23,Festive Combo,Google Search,West,Tablet,Returning
971,2025-01-23,Diwali Bonanza,Facebook,North,Mobile,New
7624,2025-01-23,Summer Sale,Facebook,West,Mobile,Premium
3856,2025-01-23,Festive Combo,Instagram,East,Tablet,Premium
2207,2025-01-23,New Year Blast,Facebook,Central,Mobile,New
3144,2025-01-23,Flash Sale,LinkedIn,South,Mobile,Returning
7101,2025-01-23,Summer Sale,LinkedIn,East,Desktop,New
6473,2025-01-23,Diwali Bonanza,Google Search,East,Desktop,Returning
6801,2025-01-23,Summer Sale,LinkedIn,East,Mobile,Loyal
7458,2025-01-23,Mega Clearance,Facebook,West,Tablet,Returning
9230,2025-01-23,Flash Sale,Google Search,West,Desktop,Returning
178,2025-01-23,Back to School,YouTube,West,Tablet,Loyal
1681,2025-01-23,Winter Sale,Facebook,West,Desktop,Loyal
3673,2025-01-23,Black Friday,LinkedIn,Central,Desktop,Returning
2677,2025-01-23,Mega Clearance,Google Search,South,Desktop,Premium
1009,2025-01-23,Black Friday,Facebook,East,Mobile,New
8,2025-01-23,Festive Combo,Email,North,Desktop,New
9318,2025-01-23,Mega Clearance,Google Search,East,Tablet,Loyal
3380,2025-01-23,New Year Blast,Email,West,Tablet,Loyal
1860,2025-01-23,Diwali Bonanza,Facebook,West,Tablet,Premium
3126,2025-01-24,Diwali Bonanza,Facebook,South,Mobile,Returning
4000,2025-01-24,Back to School,YouTube,West,Tablet,Loyal
7189,2025-01-24,Summer Sale,YouTube,East,Desktop,Returning
764,2025-01-24,Mega Clearance,Google Search,West,Desktop,Returning
466,2025-01-24,Winter Sale,YouTube,East,Tablet,New
5799,2025-01-24,Back to School,YouTube,Central,Desktop,Loyal
6684,2025-01-24,Mega Clearance,YouTube,South,Mobile,Loyal
3892,2025-01-24,Diwali Bonanza,Email,East,Desktop,New
366,2025-01-24,Summer Sale,Facebook,East,Desktop,Loyal
9020,2025-01-24,New Year Blast,LinkedIn,Central,Mobile,Loyal
8523,2025-01-24,Festive Combo,Google Search,Central,Tablet,Loyal
5297,2025-01-24,New Year Blast,YouTube,Central,Mobile,Returning
2227,2025-01-24,Winter Sale,YouTube,East,Desktop,Loyal
7978,2025-01-24,Flash Sale,LinkedIn,West,Desktop,Premium
3669,2025-01-24,Back to School,LinkedIn,North,Mobile,New
1787,2025-01-24,Weekend Special,Instagram,Central,Desktop,Returning
5260,2025-01-24,Diwali Bonanza,YouTube,South,Mobile,Premium
252,2025-01-24,Black Friday,LinkedIn,Central,Mobile,New
5977,2025-01-24,Winter Sale,Google Search,North,Desktop,Returning
138,2025-01-24,Summer Sale,Email,East,Tablet,Returning
5843,2025-01-24,Black Friday,Instagram,North,Desktop,New
1202,2025-01-24,Mega Clearance,Facebook,East,Mobile,New
584,2025-01-24,Festive Combo,Instagram,West,Mobile,Returning
9447,2025-01-24,Black Friday,Email,East,Tablet,New
3612,2025-01-24,Back to School,LinkedIn,Central,Mobile,New
5672,2025-01-25,Summer Sale,LinkedIn,East,Desktop,Premium
7498,2025-01-25,Black Friday,Google Search,East,Desktop,Loyal
3033,2025-01-25,Winter Sale,Instagram,Central,Tablet,Loyal
7822,2025-01-25,Diwali Bonanza,Google Search,Central,Tablet,Premium
9040,2025-01-25,Flash Sale,Google Search,West,Desktop,Returning
5577,2025-01-25,Mega Clearance,LinkedIn,East,Mobile,Loyal
4733,2025-01-25,Festive Combo,Email,South,Mobile,Loyal
8965,2025-01-25,Weekend Special,YouTube,North,Mobile,Returning
3869,2025-01-25,Black Friday,Instagram,South,Mobile,Loyal
724,2025-01-25,Winter Sale,LinkedIn,West,Desktop,New
3879,2025-01-25,Diwali Bonanza,Facebook,Central,Tablet,Premium
9002,2025-01-25,Festive Combo,Email,West,Mobile,New
7641,2025-01-25,Weekend Special,Email,East,Mobile,New
4823,2025-01-25,Back to School,LinkedIn,South,Tablet,New
5231,2025-01-25,Black Friday,YouTube,North,Desktop,New
643,2025-01-25,Flash Sale,LinkedIn,West,Mobile,Loyal
1518,2025-01-25,New Year Blast,Instagram,South,Mobile,Loyal
8403,2025-01-25,Flash Sale,YouTube,South,Desktop,New
2656,2025-01-25,New Year Blast,LinkedIn,South,Desktop,New
5999,2025-01-25,Black Friday,Facebook,Central,Tablet,Loyal
7649,2025-01-25,Black Friday,LinkedIn,West,Desktop,Premium
315,2025-01-25,Back to School,Instagram,North,Desktop,Loyal
7865,2025-01-26,Black Friday,Facebook,East,Mobile,Loyal
8652,2025-01-26,Weekend Special,Google Search,East,Tablet,Premium
974,2025-01-26,Back to School,Facebook,Central,Tablet,New
4423,2025-01-26,New Year Blast,LinkedIn,West,Tablet,New
1063,2025-01-26,Diwali Bonanza,Facebook,North,Tablet,Premium
735,2025-01-26,Winter Sale,Facebook,North,Desktop,Premium
6728,2025-01-26,Weekend Special,Google Search,East,Mobile,Returning
5463,2025-01-26,Black Friday,Facebook,South,Mobile,New
388,2025-01-26,Weekend Special,Facebook,South,Mobile,New
2566,2025-01-26,Flash Sale,Instagram,West,Tablet,Loyal
9841,2025-01-26,Flash Sale,YouTube,East,Tablet,Premium
4586,2025-01-26,Mega Clearance,YouTube,Central,Desktop,New
3067,2025-01-26,New Year Blast,Instagram,Central,Tablet,New
8915,2025-01-26,Weekend Special,YouTube,North,Tablet,Loyal
8073,2025-01-26,Weekend Special,Facebook,West,Tablet,New
6725,2025-01-26,Black Friday,Instagram,North,Tablet,New
8774,2025-01-26,Diwali Bonanza,YouTube,Central,Mobile,Loyal
93,2025-01-26,Weekend Special,Facebook,North,Desktop,Returning
5781,2025-01-26,Black Friday,Email,South,Desktop,New
4748,2025-01-26,Black Friday,LinkedIn,Central,Desktop,New
3252,2025-01-26,Back to School,Facebook,East,Desktop,New
4546,2025-01-26,New Year Blast,Google Search,Central,Mobile,New
7582,2025-01-27,Black Friday,YouTube,East,Tablet,Premium
8855,2025-01-27,Black Friday,Facebook,Central,Desktop,New
4897,2025-01-27,Flash Sale,Email,West,Tablet,Returning
6577,2025-01-27,Diwali Bonanza,LinkedIn,South,Mobile,Loyal
4528,2025-01-27,Festive Combo,LinkedIn,West,Mobile,Returning
7600,2025-01-27,Black Friday,Instagram,West,Mobile,New
6089,2025-01-27,Festive Combo,Google Search,North,Desktop,Premium
9565,2025-01-27,Back to School,Email,Central,Desktop,Premium
8078,2025-01-27,Back to School,YouTube,West,Mobile,Loyal
4804,2025-01-27,Weekend Special,Instagram,Central,Mobile,New
1538,2025-01-27,Black Friday,Facebook,Central,Tablet,Returning
5227,2025-01-27,Summer Sale,Facebook,North,Mobile,Loyal
5666,2025-01-27,Diwali Bonanza,Facebook,Central,Tablet,Returning
2987,2025-01-27,Mega Clearance,Instagram,East,Mobile,Returning
438,2025-01-27,New Year Blast,LinkedIn,Central,Tablet,New
2999,2025-01-27,Summer Sale,LinkedIn,South,Mobile,Returning
239,2025-01-27,New Year Blast,Email,East,Desktop,New
5309,2025-01-27,Mega Clearance,Facebook,North,Desktop,Loyal
9245,2025-01-27,Weekend Special,LinkedIn,North,Desktop,Loyal
6851,2025-01-27,Festive Combo,Email,East,Mobile,Loyal
1851,2025-01-27,Back to School,Facebook,East,Desktop,Premium
6715,2025-01-27,New Year Blast,Instagram,East,Tablet,Loyal
5872,2025-01-27,Summer Sale,Instagram,Central,Mobile,Returning
4234,2025-01-27,New Year Blast,Email,Central,Desktop,New
7054,2025-01-27,Diwali Bonanza,YouTube,West,Tablet,Premium
2150,2025-01-27,Mega Clearance,Email,East,Mobile,Returning
7358,2025-01-27,Diwali Bonanza,LinkedIn,South,Tablet,Loyal
2799,2025-01-27,Black Friday,LinkedIn,North,Mobile,Returning
1243,2025-01-27,Winter Sale,LinkedIn,East,Desktop,New
8414,2025-01-27,Summer Sale,LinkedIn,West,Desktop,Premium
7051,2025-01-27,Festive Combo,Email,South,Mobile,Loyal
40,2025-01-28,Winter Sale,Google Search,West,Tablet,Premium
2708,2025-01-28,Back to School,Google Search,East,Desktop,Returning
165,2025-01-28,Black Friday,Email,East,Tablet,Loyal
2110,2025-01-28,Winter Sale,Google Search,East,Tablet,New
1158,2025-01-28,New Year Blast,Google Search,North,Mobile,Loyal
5762,2025-01-28,Mega Clearance,Instagram,North,Desktop,Returning
2093,2025-01-28,Festive Combo,Instagram,North,Desktop,Premium
6924,2025-01-28,Flash Sale,YouTube,East,Tablet,Premium
6992,2025-01-28,Summer Sale,Instagram,South,Mobile,New
4461,2025-01-28,Diwali Bonanza,YouTube,North,Desktop,New
7430,2025-01-28,Diwali Bonanza,Email,East,Mobile,Loyal
6380,2025-01-28,Diwali Bonanza,YouTube,North,Mobile,Returning
5445,2025-01-28,Winter Sale,Instagram,South,Mobile,Returning
9916,2025-01-28,Back to School,YouTube,North,Desktop,Premium
7411,2025-01-28,Diwali Bonanza,YouTube,North,Tablet,Returning
2265,2025-01-28,New Year Blast,LinkedIn,South,Desktop,New
4236,2025-01-28,Summer Sale,Facebook,South,Mobile,Returning
3527,2025-01-28,Summer Sale,YouTube,West,Mobile,Returning
898,2025-01-28,Weekend Special,LinkedIn,West,Tablet,New
2175,2025-01-28,Back to School,LinkedIn,Central,Desktop,Premium
1016,2025-01-28,Festive Combo,YouTube,North,Mobile,Loyal
6718,2025-01-28,Back to School,Instagram,North,Tablet,Returning
1107,2025-01-28,Winter Sale,LinkedIn,West,Mobile,Loyal
9152,2025-01-28,Mega Clearance,Facebook,South,Mobile,Premium
6142,2025-01-28,Black Friday,LinkedIn,South,Tablet,Loyal
1808,2025-01-28,Back to School,YouTube,South,Tablet,Loyal
5853,2025-01-28,Festive Combo,YouTube,East,Mobile,Returning
8943,2025-01-28,Festive Combo,Facebook,East,Desktop,Premium
2061,2025-01-28,Festive Combo,Instagram,East,Mobile,New
4201,2025-01-28,Winter Sale,Facebook,Central,Mobile,Returning
629,2025-01-29,Black Friday,Email,South,Mobile,Loyal
6313,2025-01-29,Festive Combo,Email,Central,Mobile,Returning
4028,2025-01-29,Back to School,Google Search,Central,Tablet,New
463,2025-01-29,Summer Sale,YouTube,South,Mobile,Loyal
8617,2025-01-29,Festive Combo,Google Search,North,Desktop,Loyal
4130,2025-01-29,Diwali Bonanza,Google Search,North,Tablet,Premium
4556,2025-01-29,Black Friday,Email,West,Desktop,Premium
4718,2025-01-29,Weekend Special,Instagram,West,Desktop,Premium
3760,2025-01-29,Festive Combo,Email,West,Mobile,Loyal
5144,2025-01-29,Back to School,Google Search,North,Tablet,Returning
995,2025-01-29,Back to School,Instagram,West,Desktop,New
8143,2025-01-29,Black Friday,Email,Central,Desktop,New
6098,2025-01-29,New Year Blast,Google Search,West,Desktop,New
5697,2025-01-29,Festive Combo,Email,East,Desktop,Returning
4518,2025-01-29,Weekend Special,Facebook,South,Desktop,Returning
7326,2025-01-29,Winter Sale,LinkedIn,West,Mobile,Returning
1085,2025-01-29,Weekend Special,Instagram,Central,Tablet,Premium
1193,2025-01-29,Back to School,YouTube,North,Desktop,New
5776,2025-01-29,Back to School,Email,Central,Tablet,Loyal
2737,2025-01-29,Diwali Bonanza,Facebook,North,Mobile,New
6640,2025-01-29,New Year Blast,Email,North,Tablet,New
8637,2025-01-29,Mega Clearance,Instagram,South,Tablet,Returning
1272,2025-01-29,Mega Clearance,YouTube,South,Tablet,Returning
9696,2025-01-29,Diwali Bonanza,Google Search,East,Tablet,Loyal
3209,2025-01-29,Weekend Special,Facebook,East,Desktop,Loyal
1913,2025-01-29,Diwali Bonanza,Google Search,South,Desktop,New
8583,2025-01-29,Summer Sale,Instagram,North,Tablet,Returning
6403,2025-01-30,Diwali Bonanza,Facebook,North,Tablet,Loyal
1170,2025-01-30,Mega Clearance,YouTube,South,Tablet,New
3151,2025-01-30,Mega Clearance,Google Search,South,Desktop,Premium
5634,2025-01-30,Mega Clearance,Instagram,North,Mobile,Premium
6085,2025-01-30,New Year Blast,Facebook,South,Desktop,Premium
681,2025-01-30,Black Friday,Google Search,West,Mobile,Premium
4629,2025-01-30,Festive Combo,Instagram,West,Tablet,New
8361,2025-01-30,Diwali Bonanza,LinkedIn,West,Tablet,Returning
5109,2025-01-30,Summer Sale,YouTube,North,Tablet,New
8089,2025-01-30,Festive Combo,YouTube,Central,Mobile,Premium
4904,2025-01-30,Summer Sale,Instagram,North,Tablet,Premium
5574,2025-01-30,Festive Combo,Facebook,South,Tablet,Returning
6206,2025-01-30,Black Friday,YouTube,East,Tablet,Returning
8421,2025-01-30,New Year Blast,LinkedIn,North,Mobile,Loyal
6566,2025-01-30,Back to School,Email,West,Tablet,Loyal
8366,2025-01-30,Flash Sale,Email,East,Tablet,Loyal
7666,2025-01-30,New Year Blast,LinkedIn,East,Mobile,Returning
4661,2025-01-30,Back to School,YouTube,Central,Desktop,New
3510,2025-01-30,Festive Combo,Instagram,South,Tablet,Loyal
2195,2025-01-30,Mega Clearance,Google Search,East,Tablet,Premium
49,2025-01-30,Weekend Special,Google Search,South,Mobile,New
1593,2025-01-30,Black Friday,Email,Central,Mobile,Loyal
6777,2025-01-30,Back to School,YouTube,East,Tablet,New
3354,2025-01-31,Flash Sale,YouTube,North,Mobile,Returning
1176,2025-01-31,New Year Blast,Instagram,South,Desktop,New
4430,2025-01-31,Diwali Bonanza,LinkedIn,West,Tablet,Returning
7360,2025-01-31,Weekend Special,LinkedIn,North,Desktop,Premium
8297,2025-01-31,Weekend Special,Email,East,Mobile,Loyal
8903,2025-01-31,Back to School,Instagram,West,Mobile,Premium
5446,2025-01-31,New Year Blast,Instagram,North,Desktop,Loyal
6981,2025-01-31,Winter Sale,Email,West,Desktop,Returning
8598,2025-01-31,Back to School,YouTube,North,Tablet,Returning
9299,2025-01-31,Weekend Special,YouTube,South,Desktop,Loyal
596,2025-01-31,Diwali Bonanza,YouTube,East,Mobile,New
5455,2025-01-31,Weekend Special,YouTube,South,Mobile,Premium
4134,2025-01-31,Winter Sale,LinkedIn,South,Mobile,Premium
9547,2025-01-31,Summer Sale,Email,West,Mobile,New
4882,2025-01-31,Black Friday,Instagram,South,Mobile,Loyal
7606,2025-01-31,Weekend Special,LinkedIn,South,Tablet,Loyal
9043,2025-01-31,Festive Combo,Facebook,Central,Mobile,Premium
2290,2025-01-31,Festive Combo,Instagram,West,Desktop,Premium
3533,2025-01-31,Summer Sale,Email,North,Mobile,Loyal
2051,2025-01-31,Black Friday,Google Search,South,Desktop,Loyal
1911,2025-01-31,Back to School,Instagram,South,Desktop,Loyal
2493,2025-01-31,Winter Sale,Google Search,East,Desktop,Premium
6438,2025-01-31,Flash Sale,Email,East,Mobile,Loyal
9960,2025-01-31,Back to School,YouTube,West,Tablet,Returning
9459,2025-01-31,Flash Sale,Google Search,East,Desktop,New
6309,2025-01-31,Mega Clearance,LinkedIn,East,Desktop,Returning
7286,2025-02-01,Black Friday,LinkedIn,Central,Desktop,Loyal
5320,2025-02-01,Flash Sale,YouTube,South,Mobile,Returning
2263,2025-02-01,Weekend Special,Instagram,East,Tablet,Premium
377,2025-02-01,Diwali Bonanza,Email,South,Tablet,Premium
4323,2025-02-01,Diwali Bonanza,Instagram,Central,Tablet,Premium
1540,2025-02-01,Back to School,LinkedIn,Central,Desktop,New
1961,2025-02-01,Back to School,LinkedIn,West,Mobile,New
4360,2025-02-01,Black Friday,Facebook,North,Mobile,Premium
2138,2025-02-01,Mega Clearance,Instagram,North,Mobile,New
618,2025-02-01,Winter Sale,Instagram,West,Mobile,Loyal
7343,2025-02-01,Festive Combo,Instagram,North,Desktop,Premium
4684,2025-02-01,Diwali Bonanza,Google Search,East,Tablet,New
6169,2025-02-01,Diwali Bonanza,LinkedIn,South,Tablet,Returning
8945,2025-02-01,Mega Clearance,Instagram,East,Desktop,Returning
9665,2025-02-01,Winter Sale,YouTube,East,Tablet,Loyal
1149,2025-02-01,Festive Combo,Email,South,Tablet,New
6849,2025-02-01,Mega Clearance,Instagram,East,Desktop,New
7409,2025-02-01,Weekend Special,Instagram,East,Desktop,New
4883,2025-02-01,Festive Combo,Email,North,Desktop,New
5043,2025-02-01,New Year Blast,Facebook,North,Desktop,Loyal
4958,2025-02-01,Black Friday,Facebook,South,Tablet,Returning
8616,2025-02-01,Mega Clearance,YouTube,West,Mobile,Premium
610,2025-02-01,Black Friday,Facebook,South,Desktop,Premium
9001,2025-02-01,Mega Clearance,Facebook,South,Mobile,Premium
1848,2025-02-01,Weekend Special,LinkedIn,North,Desktop,New
7618,2025-02-01,Winter Sale,LinkedIn,West,Mobile,Loyal
2200,2025-02-01,New Year Blast,Instagram,North,Tablet,Premium
216,2025-02-01,Flash Sale,Instagram,South,Mobile,Loyal
3954,2025-02-01,Summer Sale,Instagram,South,Tablet,Returning
2781,2025-02-01,Black Friday,Email,Central,Desktop,Returning
430,2025-02-01,Weekend Special,Email,South,Tablet,Loyal
9577,2025-02-01,Winter Sale,Google Search,Central,Mobile,Returning
1491,2025-02-01,Flash Sale,Google Search,South,Tablet,New
6059,2025-02-01,Flash Sale,Facebook,South,Mobile,New
1256,2025-02-02,Summer Sale,Facebook,Central,Tablet,Premium
2748,2025-02-02,Festive Combo,Instagram,North,Tablet,Loyal
7549,2025-02-02,Diwali Bonanza,Instagram,Central,Desktop,New
6408,2025-02-02,Summer Sale,Email,Central,Mobile,Returning
1374,2025-02-02,Flash Sale,Instagram,North,Desktop,Returning
8981,2025-02-02,Festive Combo,Facebook,South,Tablet,Loyal
2196,2025-02-02,Festive Combo,Facebook,East,Desktop,Premium
2557,2025-02-02,Back to School,LinkedIn,North,Tablet,Returning
5178,2025-02-02,Flash Sale,Facebook,East,Tablet,Premium
7893,2025-02-02,Mega Clearance,Instagram,West,Mobile,Loyal
2465,2025-02-02,Diwali Bonanza,Email,East,Mobile,Returning
968,2025-02-02,Weekend Special,LinkedIn,South,Tablet,Loyal
1730,2025-02-02,Back to School,Google Search,Central,Mobile,Loyal
1781,2025-02-02,Weekend Special,Email,Central,Tablet,New
5149,2025-02-02,Weekend Special,LinkedIn,North,Desktop,Premium
9584,2025-02-02,Diwali Bonanza,YouTube,South,Mobile,New
3666,2025-02-02,Winter Sale,Email,East,Tablet,New
3246,2025-02-02,Summer Sale,Google Search,West,Tablet,Returning
3750,2025-02-02,Flash Sale,Facebook,East,Mobile,New
8082,2025-02-02,Black Friday,Facebook,West,Mobile,New
6574,2025-02-02,Summer Sale,Email,East,Tablet,Loyal
4599,2025-02-02,Back to School,Email,East,Mobile,New
6930,2025-02-02,Flash Sale,YouTube,Central,Desktop,Loyal
4768,2025-02-02,Festive Combo,Google Search,East,Mobile,Returning
4801,2025-02-02,Diwali Bonanza,YouTube,North,Desktop,New
3877,2025-02-02,Festive Combo,Instagram,South,Mobile,Premium
9751,2025-02-02,Flash Sale,LinkedIn,West,Tablet,Premium
3935,2025-02-02,Winter Sale,Facebook,South,Mobile,Returning
834,2025-02-02,New Year Blast,Instagram,South,Mobile,Returning
8721,2025-02-03,Weekend Special,YouTube,West,Desktop,Loyal
9342,2025-02-03,Back to School,Facebook,Central,Desktop,New
9912,2025-02-03,Weekend Special,Google Search,West,Tablet,Premium
4797,2025-02-03,New Year Blast,Instagram,East,Desktop,New
7479,2025-02-03,Summer Sale,Instagram,North,Tablet,New
4229,2025-02-03,Weekend Special,Email,East,Tablet,Loyal
1113,2025-02-03,Festive Combo,Google Search,East,Desktop,Loyal
1581,2025-02-03,Winter Sale,YouTube,North,Tablet,New
1565,2025-02-03,Mega Clearance,Facebook,North,Mobile,Premium
6305,2025-02-03,Weekend Special,LinkedIn,North,Tablet,Premium
8524,2025-02-03,Winter Sale,LinkedIn,North,Mobile,Premium
9199,2025-02-03,Weekend Special,Google Search,Central,Desktop,New
3406,2025-02-03,Summer Sale,Facebook,Central,Tablet,Premium
3005,2025-02-03,Festive Combo,Email,East,Mobile,New
1327,2025-02-03,Back to School,Facebook,East,Mobile,Loyal
7298,2025-02-03,Festive Combo,YouTube,East,Desktop,New
2477,2025-02-03,Flash Sale,YouTube,East,Mobile,Loyal
2620,2025-02-03,New Year Blast,Email,East,Tablet,New
4118,2025-02-03,Summer Sale,Google Search,West,Tablet,Premium
679,2025-02-03,New Year Blast,YouTube,Central,Desktop,Returning
2618,2025-02-03,Diwali Bonanza,Google Search,Central,Desktop,New
5113,2025-02-03,Back to School,Email,Central,Mobile,New
8633,2025-02-03,Back to School,LinkedIn,West,Tablet,New
6787,2025-02-03,Winter Sale,Email,West,Tablet,New
5420,2025-02-04,Black Friday,Google Search,Central,Desktop,Loyal
4292,2025-02-04,Black Friday,Instagram,South,Tablet,Loyal
8437,2025-02-04,Back to School,LinkedIn,Central,Tablet,Returning
8955,2025-02-04,Weekend Special,LinkedIn,South,Desktop,Loyal
7580,2025-02-04,Mega Clearance,Facebook,East,Desktop,Premium
5063,2025-02-04,Back to School,Email,East,Desktop,Loyal
1289,2025-02-04,Mega Clearance,YouTube,East,Tablet,Loyal
2135,2025-02-04,Summer Sale,Google Search,South,Mobile,New
6143,2025-02-04,Weekend Special,LinkedIn,South,Desktop,Premium
8826,2025-02-04,Black Friday,Google Search,Central,Desktop,Returning
3259,2025-02-04,Black Friday,Facebook,South,Desktop,Returning
1685,2025-02-04,Back to School,Google Search,Central,Tablet,Loyal
1664,2025-02-04,Winter Sale,Email,South,Tablet,Loyal
5983,2025-02-04,New Year Blast,Facebook,South,Tablet,Returning
2305,2025-02-04,Summer Sale,Instagram,South,Mobile,New
3457,2025-02-04,New Year Blast,Facebook,West,Tablet,Returning
324,2025-02-04,Black Friday,YouTube,East,Desktop,Loyal
3703,2025-02-04,Weekend Special,LinkedIn,Central,Mobile,Loyal
2776,2025-02-04,Festive Combo,LinkedIn,South,Desktop,Returning
5315,2025-02-04,Black Friday,Facebook,Central,Desktop,Returning
2793,2025-02-04,Diwali Bonanza,Facebook,North,Tablet,Returning
9630,2025-02-04,Winter Sale,Google Search,East,Desktop,Loyal
2850,2025-02-04,New Year Blast,LinkedIn,North,Desktop,Premium
1167,2025-02-04,Summer Sale,LinkedIn,North,Tablet,New
2253,2025-02-04,Festive Combo,Email,Central,Mobile,Returning
7544,2025-02-04,Weekend Special,Facebook,South,Mobile,Returning
4702,2025-02-04,Weekend Special,LinkedIn,East,Tablet,Returning
1903,2025-02-04,Winter Sale,Email,West,Tablet,Premium
5692,2025-02-04,Flash Sale,Instagram,Central,Desktop,Returning
8317,2025-02-04,Winter Sale,Email,South,Tablet,Loyal
4037,2025-02-05,Black Friday,Facebook,Central,Tablet,Returning
7776,2025-02-05,Winter Sale,LinkedIn,West,Tablet,Premium
3866,2025-02-05,New Year Blast,YouTube,East,Tablet,Premium
1648,2025-02-05,Flash Sale,Facebook,South,Mobile,Premium
173,2025-02-05,New Year Blast,LinkedIn,East,Tablet,Premium
1644,2025-02-05,Flash Sale,Instagram,South,Mobile,Premium
8360,2025-02-05,Winter Sale,Email,East,Tablet,Loyal
8624,2025-02-05,Diwali Bonanza,Facebook,Central,Tablet,Returning
557,2025-02-05,Weekend Special,Email,North,Tablet,Returning
2517,2025-02-05,Back to School,Instagram,South,Tablet,Returning
9636,2025-02-05,New Year Blast,LinkedIn,Central,Desktop,Premium
4184,2025-02-05,Back to School,Facebook,East,Mobile,Premium
8215,2025-02-05,Back to School,LinkedIn,East,Mobile,Premium
1696,2025-02-05,Black Friday,Google Search,South,Mobile,Returning
9853,2025-02-05,Mega Clearance,YouTube,South,Desktop,Premium
6421,2025-02-05,Diwali Bonanza,Instagram,East,Desktop,New
4448,2025-02-05,Flash Sale,Facebook,Central,Tablet,New
6601,2025-02-05,Summer Sale,Google Search,North,Mobile,Loyal
5303,2025-02-05,Mega Clearance,YouTube,South,Desktop,New
245,2025-02-05,Diwali Bonanza,YouTube,North,Mobile,Returning
6827,2025-02-05,Back to School,LinkedIn,East,Mobile,Returning
5850,2025-02-05,Summer Sale,Facebook,North,Desktop,Premium
5236,2025-02-06,Summer Sale,Instagram,North,Mobile,Returning
8578,2025-02-06,Black Friday,YouTube,East,Desktop,Premium
3815,2025-02-06,Mega Clearance,YouTube,West,Mobile,Returning
1195,2025-02-06,Summer Sale,YouTube,South,Desktop,New
8554,2025-02-06,Black Friday,Email,East,Tablet,Premium
9654,2025-02-06,Festive Combo,Facebook,North,Desktop,New
6550,2025-02-06,Black Friday,Instagram,North,Desktop,Premium
978,2025-02-06,New Year Blast,Google Search,South,Tablet,New
8558,2025-02-06,Diwali Bonanza,LinkedIn,East,Tablet,Returning
2204,2025-02-06,Flash Sale,Instagram,South,Mobile,Premium
918,2025-02-06,Winter Sale,Facebook,East,Mobile,Premium
7538,2025-02-06,Mega Clearance,YouTube,North,Mobile,Loyal
7731,2025-02-06,Flash Sale,YouTube,South,Tablet,New
6504,2025-02-06,Black Friday,YouTube,West,Tablet,Premium
3810,2025-02-06,Winter Sale,Email,East,Desktop,Loyal
3146,2025-02-06,Flash Sale,YouTube,Central,Mobile,Premium
5516,2025-02-06,Back to School,Facebook,West,Tablet,Returning
3634,2025-02-06,Summer Sale,Instagram,East,Mobile,Returning
6192,2025-02-06,Back to School,LinkedIn,East,Tablet,Loyal
7117,2025-02-06,Back to School,YouTube,East,Mobile,Loyal
2668,2025-02-06,Winter Sale,Google Search,South,Desktop,New
7553,2025-02-06,Black Friday,Instagram,North,Tablet,Returning
153,2025-02-06,Summer Sale,Facebook,East,Tablet,Premium
3927,2025-02-06,Back to School,LinkedIn,South,Mobile,Returning
6899,2025-02-06,Winter Sale,YouTube,West,Tablet,Returning
3085,2025-02-06,Flash Sale,Facebook,South,Desktop,New
6306,2025-02-07,Summer Sale,LinkedIn,Central,Mobile,New
3203,2025-02-07,Black Friday,LinkedIn,East,Desktop,Premium
4781,2025-02-07,Black Friday,YouTube,West,Desktop,Returning
8717,2025-02-07,Mega Clearance,Google Search,Central,Mobile,Premium
5931,2025-02-07,Weekend Special,Google Search,South,Tablet,Premium
9042,2025-02-07,New Year Blast,Google Search,Central,Mobile,New
7252,2025-02-07,Black Friday,Facebook,West,Tablet,Returning
8142,2025-02-07,Winter Sale,LinkedIn,Central,Desktop,Loyal
3211,2025-02-07,Back to School,YouTube,South,Mobile,Returning
3286,2025-02-07,Weekend Special,YouTube,South,Mobile,Returning
9334,2025-02-07,Summer Sale,LinkedIn,North,Tablet,Premium
7296,2025-02-07,Mega Clearance,Email,North,Desktop,New
8048,2025-02-07,Black Friday,LinkedIn,West,Desktop,Loyal
2006,2025-02-07,Festive Combo,YouTube,North,Mobile,Loyal
2277,2025-02-07,Weekend Special,YouTube,West,Mobile,New
7440,2025-02-07,Back to School,Facebook,East,Mobile,Loyal
790,2025-02-07,Back to School,Email,South,Mobile,New
5871,2025-02-07,Festive Combo,Google Search,Central,Tablet,Loyal
8709,2025-02-07,Diwali Bonanza,Facebook,East,Mobile,New
1175,2025-02-07,New Year Blast,Google Search,West,Desktop,Premium
6030,2025-02-07,Black Friday,LinkedIn,East,Desktop,Premium
803,2025-02-07,Summer Sale,Facebook,East,Tablet,New
5477,2025-02-07,Black Friday,LinkedIn,North,Desktop,Returning
142,2025-02-07,Mega Clearance,YouTube,North,Mobile,Returning
646,2025-02-07,Summer Sale,Instagram,North,Desktop,Premium
4529,2025-02-07,Festive Combo,Instagram,North,Mobile,Loyal
1954,2025-02-07,Black Friday,LinkedIn,West,Tablet,New
8430,2025-02-07,Back to School,Instagram,North,Mobile,Returning
5120,2025-02-07,Winter Sale,Google Search,East,Tablet,Returning
4574,2025-02-07,Weekend Special,Instagram,North,Mobile,Premium
3132,2025-02-07,Diwali Bonanza,LinkedIn,North,Desktop,Returning
5484,2025-02-07,Mega Clearance,YouTube,North,Desktop,Loyal
3490,2025-02-07,Black Friday,Google Search,Central,Tablet,Returning
2508,2025-02-07,Flash Sale,Instagram,West,Desktop,Returning
6051,2025-02-07,Weekend Special,YouTube,South,Tablet,Returning
7092,2025-02-07,Diwali Bonanza,Facebook,North,Mobile,Premium
2224,2025-02-07,Diwali Bonanza,Email,Central,Desktop,Loyal
5202,2025-02-07,Flash Sale,YouTube,West,Mobile,Premium
439,2025-02-07,Black Friday,Email,Central,Mobile,Loyal
9663,2025-02-07,Summer Sale,LinkedIn,East,Tablet,Loyal
6825,2025-02-07,Diwali Bonanza,YouTube,East,Mobile,Premium
3847,2025-02-07,New Year Blast,Email,North,Desktop,Returning
7766,2025-02-07,Mega Clearance,Email,Central,Desktop,New
5587,2025-02-08,New Year Blast,YouTube,South,Desktop,Returning
9543,2025-02-08,Flash Sale,Email,North,Mobile,New
599,2025-02-08,Mega Clearance,Email,North,Desktop,Returning
9491,2025-02-08,Mega Clearance,YouTube,North,Desktop,Loyal
3062,2025-02-08,Festive Combo,Instagram,East,Desktop,New
6198,2025-02-08,Weekend Special,Facebook,Central,Desktop,Returning
9033,2025-02-08,Flash Sale,Google Search,Central,Mobile,Returning
9457,2025-02-08,Festive Combo,Email,South,Tablet,Loyal
6236,2025-02-08,Flash Sale,YouTube,South,Mobile,Loyal
5235,2025-02-08,Black Friday,Email,South,Desktop,Returning
648,2025-02-08,Weekend Special,Google Search,East,Tablet,Loyal
9732,2025-02-08,Weekend Special,Google Search,Central,Tablet,New
7757,2025-02-08,Mega Clearance,Facebook,West,Tablet,Premium
9410,2025-02-08,Flash Sale,YouTube,South,Mobile,Returning
6754,2025-02-08,Winter Sale,Facebook,North,Tablet,New
8986,2025-02-08,Mega Clearance,Email,Central,Mobile,New
3273,2025-02-08,Summer Sale,Facebook,North,Desktop,Returning
2506,2025-02-08,Mega Clearance,Google Search,Central,Mobile,Returning
5598,2025-02-08,New Year Blast,YouTube,Central,Mobile,Returning
7283,2025-02-08,Summer Sale,YouTube,East,Mobile,Loyal
7622,2025-02-08,Winter Sale,YouTube,North,Tablet,Premium
3247,2025-02-08,Winter Sale,YouTube,South,Tablet,Premium
8052,2025-02-08,Flash Sale,Google Search,South,Mobile,Loyal
4349,2025-02-08,Festive Combo,LinkedIn,East,Tablet,Premium
43,2025-02-08,Festive Combo,Email,North,Mobile,New
6558,2025-02-08,New Year Blast,Email,Central,Mobile,New
1793,2025-02-08,Weekend Special,Instagram,East,Desktop,Returning
1819,2025-02-08,Back to School,Facebook,Central,Desktop,New
4896,2025-02-08,Black Friday,Google Search,East,Mobile,Premium
8735,2025-02-08,Black Friday,YouTube,West,Mobile,Returning
5286,2025-02-09,Festive Combo,Facebook,East,Desktop,Returning
640,2025-02-09,Black Friday,Instagram,East,Mobile,New
5429,2025-02-09,Weekend Special,YouTube,South,Mobile,Returning
4746,2025-02-09,New Year Blast,Google Search,East,Desktop,New
9697,2025-02-09,Flash Sale,Email,North,Desktop,Loyal
3042,2025-02-09,Diwali Bonanza,Google Search,North,Mobile,New
5039,2025-02-09,Winter Sale,Instagram,East,Desktop,New
8995,2025-02-09,Diwali Bonanza,Google Search,West,Tablet,New
7404,2025-02-09,Winter Sale,Email,Central,Desktop,Loyal
2202,2025-02-09,Weekend Special,LinkedIn,North,Tablet,New
9582,2025-02-09,Diwali Bonanza,Google Search,West,Desktop,Premium
9438,2025-02-09,Back to School,YouTube,South,Mobile,Loyal
9786,2025-02-09,Diwali Bonanza,Google Search,West,Tablet,Premium
9769,2025-02-09,Mega Clearance,YouTube,North,Desktop,Returning
9824,2025-02-09,Summer Sale,Email,North,Desktop,Premium
409,2025-02-09,Mega Clearance,Google Search,North,Tablet,Returning
9524,2025-02-09,Winter Sale,Email,South,Desktop,Loyal
2817,2025-02-09,Mega Clearance,Google Search,North,Mobile,New
3191,2025-02-09,Winter Sale,Email,Central,Desktop,Premium
98,2025-02-09,New Year Blast,Facebook,East,Desktop,Premium
9358,2025-02-09,Back to School,YouTube,Central,Desktop,Returning
4929,2025-02-09,Mega Clearance,Instagram,South,Tablet,New
7347,2025-02-09,Summer Sale,YouTube,Central,Mobile,Returning
8069,2025-02-09,Back to School,LinkedIn,Central,Tablet,Loyal
993,2025-02-09,Back to School,LinkedIn,South,Desktop,New
5361,2025-02-09,Weekend Special,YouTube,Central,Desktop,New
4335,2025-02-09,Back to School,Instagram,South,Tablet,New
2377,2025-02-09,Black Friday,Facebook,West,Mobile,New
4303,2025-02-09,Mega Clearance,YouTube,North,Mobile,Premium
1969,2025-02-09,Mega Clearance,Email,South,Desktop,Premium
7561,2025-02-09,Festive Combo,Email,West,Mobile,Premium
3936,2025-02-09,Back to School,YouTube,East,Tablet,New
3744,2025-02-09,Winter Sale,YouTube,East,Tablet,Loyal
5835,2025-02-09,New Year Blast,Instagram,North,Mobile,New
1917,2025-02-09,Summer Sale,Email,West,Mobile,Returning
5592,2025-02-09,Winter Sale,Email,North,Tablet,Premium
9617,2025-02-09,Winter Sale,Facebook,East,Mobile,Loyal
7355,2025-02-09,New Year Blast,LinkedIn,North,Desktop,New
6060,2025-02-10,Diwali Bonanza,LinkedIn,Central,Tablet,New
1729,2025-02-10,New Year Blast,Google Search,West,Mobile,Premium
7834,2025-02-10,Black Friday,Email,East,Tablet,Premium
3512,2025-02-10,Flash Sale,YouTube,North,Mobile,Loyal
8728,2025-02-10,Weekend Special,Instagram,Central,Mobile,New
6898,2025-02-10,Weekend Special,Email,Central,Desktop,Returning
3038,2025-02-10,Back to School,YouTube,South,Desktop,New
7814,2025-02-10,Summer Sale,Instagram,North,Tablet,Returning
1306,2025-02-10,Flash Sale,YouTube,North,Mobile,New
4540,2025-02-10,New Year Blast,Instagram,West,Mobile,Premium
6156,2025-02-10,Black Friday,YouTube,South,Tablet,Loyal
5764,2025-02-10,Mega Clearance,Email,South,Desktop,Premium
6150,2025-02-10,Weekend Special,Google Search,South,Tablet,Returning
9460,2025-02-10,Festive Combo,YouTube,East,Mobile,Loyal
663,2025-02-10,Flash Sale,YouTube,North,Tablet,Returning
2739,2025-02-10,Flash Sale,Instagram,Central,Mobile,Loyal
9010,2025-02-10,Weekend Special,Email,Central,Desktop,Loyal
6125,2025-02-10,Festive Combo,Facebook,West,Desktop,New
2742,2025-02-10,Diwali Bonanza,Facebook,East,Mobile,Returning
2176,2025-02-10,Black Friday,Facebook,Central,Mobile,Premium
7106,2025-02-10,Back to School,LinkedIn,West,Desktop,New
9911,2025-02-10,Diwali Bonanza,Google Search,Central,Tablet,New
2749,2025-02-10,Festive Combo,Google Search,North,Desktop,Premium
6681,2025-02-10,Festive Combo,Google Search,East,Desktop,Loyal
7932,2025-02-10,Diwali Bonanza,Facebook,Central,Desktop,Loyal
2784,2025-02-10,Back to School,LinkedIn,South,Desktop,Loyal
8530,2025-02-10,Winter Sale,LinkedIn,North,Mobile,Premium
3263,2025-02-10,Mega Clearance,Facebook,North,Desktop,New
916,2025-02-10,Flash Sale,Email,East,Desktop,Returning
3763,2025-02-10,Back to School,YouTube,Central,Desktop,New
7783,2025-02-10,New Year Blast,YouTube,West,Desktop,Loyal
7254,2025-02-10,Diwali Bonanza,LinkedIn,North,Mobile,Returning
5407,2025-02-10,Mega Clearance,YouTube,Central,Tablet,Loyal
5254,2025-02-10,Black Friday,LinkedIn,West,Tablet,New
6503,2025-02-10,Diwali Bonanza,Google Search,West,Desktop,Returning
1451,2025-02-10,Mega Clearance,Instagram,North,Desktop,New
9534,2025-02-10,Black Friday,Google Search,East,Mobile,Returning
4953,2025-02-10,Festive Combo,YouTube,South,Desktop,New
4549,2025-02-11,Weekend Special,Google Search,South,Tablet,Loyal
4061,2025-02-11,Festive Combo,Google Search,East,Tablet,Premium
2841,2025-02-11,Flash Sale,Google Search,Central,Tablet,New
4439,2025-02-11,Mega Clearance,Google Search,Central,Desktop,Loyal
5952,2025-02-11,Summer Sale,Email,North,Tablet,Premium
5396,2025-02-11,New Year Blast,Email,West,Desktop,Returning
6758,2025-02-11,Flash Sale,Instagram,West,Mobile,Loyal
710,2025-02-11,Festive Combo,Instagram,South,Desktop,New
4238,2025-02-11,Winter Sale,Instagram,North,Mobile,Returning
4066,2025-02-11,Mega Clearance,Facebook,Central,Desktop,New
7457,2025-02-11,Flash Sale,LinkedIn,Central,Tablet,Premium
7464,2025-02-11,Diwali Bonanza,YouTube,West,Tablet,Loyal
4379,2025-02-11,Mega Clearance,LinkedIn,South,Tablet,Returning
4217,2025-02-11,Diwali Bonanza,Email,North,Tablet,Returning
7637,2025-02-11,New Year Blast,LinkedIn,Central,Desktop,Premium
2775,2025-02-11,Weekend Special,LinkedIn,West,Tablet,Premium
5861,2025-02-11,Summer Sale,Email,Central,Desktop,Premium
4984,2025-02-11,Festive Combo,LinkedIn,West,Desktop,Loyal
7831,2025-02-11,Flash Sale,YouTube,West,Tablet,Premium
8116,2025-02-11,New Year Blast,Email,North,Desktop,Loyal
2220,2025-02-11,Flash Sale,LinkedIn,Central,Mobile,Loyal
5597,2025-02-11,New Year Blast,LinkedIn,South,Mobile,New
2368,2025-02-11,Diwali Bonanza,Facebook,South,Desktop,New
9211,2025-02-11,Flash Sale,YouTube,North,Tablet,Loyal
8769,2025-02-11,Summer Sale,Facebook,West,Tablet,Premium
8649,2025-02-11,Flash Sale,YouTube,West,Tablet,Loyal
1388,2025-02-11,Festive Combo,LinkedIn,West,Desktop,Loyal
9204,2025-02-11,Weekend Special,Google Search,North,Tablet,Loyal
4996,2025-02-12,Winter Sale,Instagram,South,Tablet,Premium
1951,2025-02-12,Flash Sale,Email,West,Desktop,New
571,2025-02-12,Weekend Special,Email,Central,Mobile,Premium
572,2025-02-12,New Year Blast,Google Search,Central,Mobile,Returning
2382,2025-02-12,Back to School,YouTube,North,Tablet,Loyal
5898,2025-02-12,Back to School,LinkedIn,North,Desktop,New
5358,2025-02-12,Winter Sale,Google Search,South,Tablet,Premium
2997,2025-02-12,Winter Sale,Google Search,North,Tablet,New
9369,2025-02-12,Black Friday,Facebook,North,Desktop,Loyal
8385,2025-02-12,Back to School,Google Search,North,Desktop,Loyal
4233,2025-02-12,Diwali Bonanza,Facebook,North,Mobile,Loyal
8099,2025-02-12,New Year Blast,LinkedIn,North,Mobile,Returning
5712,2025-02-12,New Year Blast,Email,South,Mobile,Loyal
8738,2025-02-12,Black Friday,LinkedIn,North,Desktop,Loyal
8161,2025-02-12,Winter Sale,Email,East,Tablet,Loyal
4910,2025-02-12,New Year Blast,YouTube,East,Mobile,Returning
8358,2025-02-12,Winter Sale,Email,North,Mobile,Premium
1874,2025-02-12,Weekend Special,Instagram,South,Desktop,Premium
8662,2025-02-12,Summer Sale,Facebook,West,Mobile,Returning
4426,2025-02-12,Weekend Special,LinkedIn,East,Desktop,Premium
7112,2025-02-12,Diwali Bonanza,Facebook,South,Tablet,Returning
1887,2025-02-12,New Year Blast,Facebook,Central,Mobile,New
5691,2025-02-12,Festive Combo,Instagram,East,Desktop,Premium
3149,2025-02-12,Back to School,Facebook,Central,Mobile,New
7242,2025-02-12,Weekend Special,LinkedIn,Central,Tablet,Premium
4064,2025-02-12,Diwali Bonanza,YouTube,South,Tablet,New
1776,2025-02-12,Winter Sale,LinkedIn,Central,Mobile,New
6744,2025-02-12,Mega Clearance,Facebook,West,Desktop,Returning
526,2025-02-12,Mega Clearance,Google Search,South,Desktop,New
1956,2025-02-13,Diwali Bonanza,YouTube,North,Desktop,Loyal
5054,2025-02-13,Mega Clearance,Email,West,Desktop,Loyal
504,2025-02-13,Winter Sale,YouTube,South,Desktop,Premium
30,2025-02-13,Festive Combo,Google Search,Central,Mobile,Returning
3904,2025-02-13,Winter Sale,Google Search,North,Tablet,Loyal
5593,2025-02-13,Black Friday,LinkedIn,West,Mobile,New
7187,2025-02-13,Winter Sale,LinkedIn,South,Mobile,New
1490,2025-02-13,Back to School,Instagram,West,Mobile,Loyal
6865,2025-02-13,Black Friday,Email,East,Tablet,Loyal
1496,2025-02-13,Summer Sale,Email,East,Desktop,Returning
5377,2025-02-13,Mega Clearance,YouTube,South,Mobile,Premium
1530,2025-02-13,Weekend Special,Email,East,Desktop,New
236,2025-02-13,Winter Sale,LinkedIn,North,Tablet,Premium
7333,2025-02-13,Winter Sale,Google Search,West,Desktop,Premium
8238,2025-02-13,Back to School,YouTube,East,Desktop,Loyal
8190,2025-02-13,Black Friday,Instagram,North,Mobile,New
1486,2025-02-13,New Year Blast,Instagram,West,Desktop,Returning
5626,2025-02-13,Festive Combo,Instagram,East,Desktop,Loyal
6468,2025-02-13,Winter Sale,LinkedIn,West,Mobile,Loyal
3056,2025-02-13,Diwali Bonanza,Google Search,Central,Tablet,New
2718,2025-02-13,Back to School,Google Search,South,Mobile,Premium
4628,2025-02-13,Back to School,Instagram,East,Mobile,Loyal
1054,2025-02-13,Weekend Special,YouTube,West,Tablet,Returning
7408,2025-02-13,Flash Sale,Google Search,South,Mobile,Returning
8922,2025-02-13,Black Friday,Instagram,East,Desktop,Loyal
8117,2025-02-13,Festive Combo,Instagram,South,Mobile,Returning
3589,2025-02-14,Winter Sale,YouTube,South,Desktop,New
3284,2025-02-14,Flash Sale,YouTube,East,Mobile,Premium
6338,2025-02-14,Flash Sale,Email,East,Mobile,Returning
2672,2025-02-14,Weekend Special,LinkedIn,South,Mobile,New
2143,2025-02-14,Mega Clearance,Google Search,North,Mobile,New
6069,2025-02-14,Diwali Bonanza,Email,Central,Tablet,Loyal
1229,2025-02-14,Flash Sale,Email,West,Mobile,Loyal
575,2025-02-14,Flash Sale,Google Search,West,Tablet,New
4455,2025-02-14,Black Friday,Instagram,East,Tablet,New
1458,2025-02-14,New Year Blast,LinkedIn,South,Desktop,Loyal
7380,2025-02-14,Summer Sale,Google Search,Central,Desktop,Returning
7412,2025-02-14,Black Friday,LinkedIn,Central,Tablet,New
5765,2025-02-14,Diwali Bonanza,Instagram,South,Tablet,New
1251,2025-02-14,Winter Sale,LinkedIn,South,Desktop,New
3787,2025-02-14,Weekend Special,Instagram,North,Desktop,Loyal
1026,2025-02-14,Flash Sale,Email,Central,Tablet,Returning
6922,2025-02-14,New Year Blast,Email,South,Mobile,New
667,2025-02-14,Flash Sale,Email,West,Tablet,Premium
6745,2025-02-14,Diwali Bonanza,LinkedIn,West,Desktop,Premium
6747,2025-02-14,Flash Sale,Instagram,East,Tablet,New
4530,2025-02-14,Mega Clearance,YouTube,South,Mobile,Returning
9767,2025-02-14,Black Friday,Instagram,West,Tablet,Returning
7080,2025-02-14,Summer Sale,LinkedIn,West,Desktop,Returning
3688,2025-02-14,Diwali Bonanza,Email,Central,Desktop,Premium
2877,2025-02-14,Mega Clearance,Facebook,South,Desktop,Premium
400,2025-02-14,Flash Sale,YouTube,North,Mobile,Returning
6315,2025-02-14,Weekend Special,Google Search,Central,Mobile,Returning
9158,2025-02-14,New Year Blast,YouTube,Central,Tablet,New
332,2025-02-14,Back to School,YouTube,East,Tablet,New
7516,2025-02-14,Diwali Bonanza,YouTube,West,Mobile,Loyal
2342,2025-02-14,Diwali Bonanza,Instagram,Central,Tablet,New
2875,2025-02-14,New Year Blast,YouTube,East,Desktop,Loyal
7756,2025-02-14,Festive Combo,Email,West,Tablet,Premium
6218,2025-02-14,Diwali Bonanza,LinkedIn,South,Desktop,Returning
4204,2025-02-15,Diwali Bonanza,Google Search,East,Tablet,Premium
7805,2025-02-15,Festive Combo,LinkedIn,North,Tablet,New
1207,2025-02-15,Mega Clearance,Instagram,West,Tablet,Loyal
2580,2025-02-15,Mega Clearance,Email,East,Mobile,Loyal
9511,2025-02-15,Summer Sale,Google Search,South,Desktop,Premium
4853,2025-02-15,Summer Sale,Facebook,North,Desktop,Returning
5785,2025-02-15,Weekend Special,YouTube,East,Desktop,New
3568,2025-02-15,Mega Clearance,Email,West,Tablet,Premium
6259,2025-02-15,Diwali Bonanza,Google Search,West,Mobile,New
1128,2025-02-15,Mega Clearance,Google Search,Central,Tablet,Loyal
8253,2025-02-15,Weekend Special,Google Search,South,Tablet,New
8130,2025-02-15,Festive Combo,Google Search,West,Mobile,Returning
7396,2025-02-15,Back to School,Email,North,Mobile,Premium
3685,2025-02-15,Flash Sale,LinkedIn,West,Mobile,Returning
1523,2025-02-15,Mega Clearance,YouTube,Central,Desktop,Loyal
392,2025-02-15,Mega Clearance,Facebook,Central,Tablet,New
4261,2025-02-15,Back to School,Google Search,North,Desktop,Premium
3225,2025-02-15,Weekend Special,Instagram,South,Tablet,Premium
8854,2025-02-15,Black Friday,LinkedIn,West,Mobile,Loyal
5385,2025-02-15,Festive Combo,YouTube,North,Desktop,Returning
7299,2025-02-15,Festive Combo,Google Search,West,Desktop,Premium
1434,2025-02-15,Summer Sale,Facebook,South,Desktop,Loyal
4474,2025-02-15,Winter Sale,LinkedIn,Central,Mobile,Loyal
9429,2025-02-15,Summer Sale,LinkedIn,West,Desktop,Loyal
4874,2025-02-15,Summer Sale,Google Search,West,Desktop,Returning
3260,2025-02-15,Diwali Bonanza,Instagram,East,Tablet,Returning
2084,2025-02-15,Black Friday,LinkedIn,North,Desktop,Loyal
6330,2025-02-15,Mega Clearance,Email,South,Tablet,New
5586,2025-02-15,Diwali Bonanza,YouTube,South,Mobile,Returning
7135,2025-02-15,Weekend Special,YouTube,South,Tablet,Returning
8600,2025-02-15,Weekend Special,LinkedIn,West,Mobile,New
6210,2025-02-15,Weekend Special,Google Search,East,Tablet,Returning
9236,2025-02-15,New Year Blast,YouTube,South,Desktop,New
957,2025-02-15,Black Friday,Facebook,West,Mobile,Premium
6213,2025-02-15,Diwali Bonanza,YouTube,South,Mobile,Premium
4136,2025-02-15,Black Friday,Google Search,West,Mobile,Returning
1386,2025-02-16,Black Friday,Instagram,South,Mobile,Loyal
4021,2025-02-16,Winter Sale,YouTube,West,Mobile,Returning
8399,2025-02-16,Diwali Bonanza,YouTube,South,Desktop,Loyal
217,2025-02-16,Black Friday,YouTube,Central,Mobile,New
2352,2025-02-16,Weekend Special,Facebook,East,Mobile,Loyal
3138,2025-02-16,Mega Clearance,Google Search,South,Mobile,Returning
5671,2025-02-16,Diwali Bonanza,Email,East,Mobile,Loyal
6988,2025-02-16,Diwali Bonanza,Facebook,North,Mobile,Premium
4554,2025-02-16,Flash Sale,Instagram,West,Tablet,Returning
8373,2025-02-16,New Year Blast,Instagram,South,Tablet,Premium
9034,2025-02-16,Back to School,Facebook,Central,Mobile,New
5443,2025-02-16,Winter Sale,Instagram,West,Mobile,Returning
605,2025-02-16,Diwali Bonanza,YouTube,East,Tablet,New
7863,2025-02-16,Festive Combo,Google Search,South,Desktop,Returning
201,2025-02-16,New Year Blast,Instagram,West,Mobile,Returning
6299,2025-02-16,New Year Blast,Facebook,South,Desktop,Premium
3622,2025-02-16,Winter Sale,Email,East,Mobile,Returning
6295,2025-02-16,Summer Sale,Google Search,North,Desktop,New
6157,2025-02-16,Diwali Bonanza,Facebook,South,Mobile,Returning
7880,2025-02-16,Black Friday,YouTube,East,Mobile,Loyal
1697,2025-02-16,Diwali Bonanza,Email,Central,Mobile,Returning
3788,2025-02-16,Summer Sale,Email,West,Mobile,Returning
7595,2025-02-16,Diwali Bonanza,YouTube,South,Mobile,New
7454,2025-02-16,Back to School,YouTube,North,Desktop,Loyal
1846,2025-02-16,Summer Sale,LinkedIn,West,Tablet,Premium
8947,2025-02-16,Mega Clearance,Facebook,Central,Mobile,Premium
2603,2025-02-16,Mega Clearance,YouTube,West,Desktop,Returning
657,2025-02-16,Weekend Special,LinkedIn,South,Desktop,Loyal
1124,2025-02-16,Black Friday,Facebook,Central,Tablet,New
3402,2025-02-16,New Year Blast,Google Search,Central,Tablet,Loyal
2738,2025-02-16,Summer Sale,LinkedIn,South,Mobile,New
6221,2025-02-17,New Year Blast,Email,East,Tablet,New
5337,2025-02-17,Winter Sale,YouTube,Central,Mobile,New
4144,2025-02-17,Flash Sale,Google Search,South,Desktop,Returning
2944,2025-02-17,Mega Clearance,Google Search,Central,Tablet,Returning
8464,2025-02-17,Mega Clearance,Email,Central,Mobile,Premium
3588,2025-02-17,Winter Sale,Google Search,West,Desktop,Premium
6927,2025-02-17,Summer Sale,Google Search,South,Mobile,Returning
2282,2025-02-17,Black Friday,LinkedIn,Central,Desktop,Loyal
3532,2025-02-17,Back to School,Email,East,Tablet,Loyal
8435,2025-02-17,New Year Blast,Google Search,South,Mobile,New
44,2025-02-17,Black Friday,Facebook,West,Desktop,Loyal
1440,2025-02-17,Summer Sale,Email,East,Desktop,Returning
5873,2025-02-17,New Year Blast,Instagram,East,Mobile,Premium
462,2025-02-17,Flash Sale,LinkedIn,West,Tablet,Loyal
1424,2025-02-17,Black Friday,Instagram,South,Mobile,Premium
1433,2025-02-17,Flash Sale,Instagram,South,Mobile,Loyal
792,2025-02-17,Back to School,Facebook,South,Tablet,Premium
8657,2025-02-17,Festive Combo,Instagram,Central,Tablet,Loyal
4271,2025-02-17,Summer Sale,Instagram,North,Mobile,Premium
6100,2025-02-17,Black Friday,Facebook,West,Tablet,Returning
6238,2025-02-17,Summer Sale,Instagram,West,Mobile,Returning
9391,2025-02-17,Festive Combo,LinkedIn,East,Tablet,New
5038,2025-02-17,Mega Clearance,Facebook,East,Mobile,New
7738,2025-02-17,Diwali Bonanza,Facebook,North,Tablet,Loyal
88,2025-02-17,Black Friday,YouTube,East,Mobile,Returning
3119,2025-02-17,New Year Blast,Email,Central,Tablet,Returning
5024,2025-02-17,New Year Blast,LinkedIn,Central,Tablet,Returning
6202,2025-02-17,New Year Blast,Instagram,West,Desktop,Premium
7328,2025-02-17,Back to School,LinkedIn,South,Desktop,Premium
4366,2025-02-17,Weekend Special,Email,South,Tablet,Premium
7,2025-02-17,Flash Sale,Google Search,East,Desktop,Premium
62,2025-02-17,Flash Sale,Instagram,North,Mobile,Premium
5681,2025-02-17,Mega Clearance,YouTube,East,Tablet,Loyal
4137,2025-02-17,Winter Sale,Facebook,Central,Desktop,New
856,2025-02-17,Festive Combo,YouTube,South,Tablet,New
8349,2025-02-17,Festive Combo,Instagram,West,Mobile,Loyal
3607,2025-02-17,Mega Clearance,YouTube,Central,Desktop,Returning
3071,2025-02-18,Mega Clearance,Google Search,North,Desktop,New
3971,2025-02-18,Summer Sale,LinkedIn,East,Tablet,Returning
8559,2025-02-18,Weekend Special,Google Search,East,Desktop,Premium
4824,2025-02-18,Mega Clearance,Google Search,North,Mobile,Returning
2633,2025-02-18,Weekend Special,Instagram,North,Tablet,New
234,2025-02-18,Back to School,LinkedIn,East,Tablet,Premium
5474,2025-02-18,Flash Sale,Instagram,East,Desktop,Returning
609,2025-02-18,Festive Combo,Google Search,South,Mobile,New
990,2025-02-18,Summer Sale,LinkedIn,East,Mobile,Returning
4188,2025-02-18,Summer Sale,Email,South,Desktop,New
2070,2025-02-18,Diwali Bonanza,Email,Central,Desktop,Premium
4783,2025-02-18,Festive Combo,LinkedIn,Central,Mobile,Premium
2558,2025-02-18,Black Friday,LinkedIn,North,Mobile,Premium
278,2025-02-18,Weekend Special,YouTube,West,Desktop,Premium
6876,2025-02-18,Winter Sale,Facebook,North,Tablet,Premium
5287,2025-02-18,Flash Sale,Facebook,North,Mobile,Loyal
3650,2025-02-18,Mega Clearance,YouTube,North,Mobile,Premium
2545,2025-02-18,Flash Sale,Instagram,Central,Mobile,Returning
7597,2025-02-18,Weekend Special,Instagram,East,Desktop,Premium
1410,2025-02-18,Weekend Special,Google Search,North,Desktop,Returning
4508,2025-02-18,Back to School,Facebook,Central,Tablet,Returning
9946,2025-02-18,New Year Blast,Facebook,South,Desktop,New
7533,2025-02-18,Diwali Bonanza,Email,South,Desktop,Loyal
7571,2025-02-18,New Year Blast,Instagram,South,Desktop,Premium
1803,2025-02-18,Weekend Special,Instagram,Central,Desktop,Premium
5062,2025-02-18,Festive Combo,YouTube,West,Desktop,New
6612,2025-02-18,Black Friday,Email,North,Mobile,Returning
950,2025-02-18,Weekend Special,YouTube,South,Desktop,Loyal
1578,2025-02-18,Festive Combo,Email,North,Mobile,New
4362,2025-02-18,New Year Blast,Facebook,South,Mobile,New
8224,2025-02-19,Weekend Special,Email,South,Mobile,New
9553,2025-02-19,Flash Sale,Email,South,Mobile,Premium
1110,2025-02-19,Festive Combo,Instagram,West,Desktop,Returning
2408,2025-02-19,Black Friday,Facebook,North,Tablet,Premium
2420,2025-02-19,Flash Sale,Facebook,South,Mobile,Premium
702,2025-02-19,Festive Combo,Facebook,East,Tablet,Returning
7653,2025-02-19,New Year Blast,Email,West,Tablet,Returning
9600,2025-02-19,Festive Combo,Facebook,South,Tablet,Premium
8518,2025-02-19,Festive Combo,Email,East,Desktop,Returning
2372,2025-02-19,Flash Sale,Facebook,East,Mobile,Loyal
3606,2025-02-19,Weekend Special,YouTube,Central,Mobile,Premium
364,2025-02-19,Flash Sale,Instagram,East,Tablet,Premium
1723,2025-02-19,Winter Sale,YouTube,West,Tablet,Loyal
799,2025-02-19,Diwali Bonanza,Email,Central,Mobile,New
9132,2025-02-19,Mega Clearance,Email,West,Desktop,Premium
8319,2025-02-19,Winter Sale,YouTube,South,Mobile,Returning
2232,2025-02-19,Black Friday,Instagram,West,Desktop,New
6770,2025-02-19,Festive Combo,Google Search,East,Desktop,New
4817,2025-02-19,New Year Blast,Facebook,North,Desktop,Loyal
8592,2025-02-19,New Year Blast,YouTube,East,Desktop,Premium
8650,2025-02-19,Winter Sale,LinkedIn,West,Tablet,Returning
3110,2025-02-19,Flash Sale,LinkedIn,Central,Mobile,Returning
1766,2025-02-19,Diwali Bonanza,Instagram,Central,Mobile,Premium
1310,2025-02-19,Winter Sale,Email,South,Tablet,Returning
6358,2025-02-19,Back to School,LinkedIn,Central,Mobile,Loyal
3956,2025-02-19,Summer Sale,Instagram,North,Desktop,Returning
6512,2025-02-19,Winter Sale,YouTube,East,Mobile,Returning
8576,2025-02-20,Back to School,YouTube,East,Tablet,Returning
3039,2025-02-20,Diwali Bonanza,YouTube,East,Mobile,Premium
4240,2025-02-20,Mega Clearance,LinkedIn,Central,Desktop,New
7120,2025-02-20,Flash Sale,YouTube,East,Desktop,Loyal
9882,2025-02-20,Black Friday,Facebook,East,Desktop,Premium
5971,2025-02-20,Black Friday,Google Search,East,Mobile,Premium
3695,2025-02-20,Mega Clearance,YouTube,South,Mobile,Premium
501,2025-02-20,New Year Blast,Facebook,Central,Tablet,Returning
7723,2025-02-20,Flash Sale,YouTube,West,Desktop,Loyal
4403,2025-02-20,Flash Sale,Instagram,East,Desktop,New
2989,2025-02-20,Weekend Special,Email,East,Desktop,Loyal
1221,2025-02-20,Black Friday,YouTube,West,Mobile,Loyal
4670,2025-02-20,Flash Sale,Instagram,East,Desktop,Loyal
7273,2025-02-20,Flash Sale,LinkedIn,Central,Desktop,Premium
4128,2025-02-20,Flash Sale,Facebook,North,Desktop,New
7035,2025-02-20,Winter Sale,Facebook,Central,Desktop,Returning
9825,2025-02-20,Mega Clearance,Instagram,North,Desktop,Returning
2467,2025-02-20,Weekend Special,Google Search,East,Tablet,New
9588,2025-02-20,New Year Blast,Facebook,East,Desktop,Loyal
2236,2025-02-20,Back to School,Instagram,South,Mobile,Premium
3854,2025-02-21,Black Friday,Facebook,North,Mobile,Loyal
1389,2025-02-21,Diwali Bonanza,YouTube,East,Tablet,New
3737,2025-02-21,Weekend Special,Email,North,Tablet,Loyal
5632,2025-02-21,Festive Combo,LinkedIn,North,Desktop,New
9763,2025-02-21,Summer Sale,YouTube,South,Tablet,Premium
2223,2025-02-21,Diwali Bonanza,Google Search,West,Mobile,Returning
136,2025-02-21,Black Friday,Instagram,South,Desktop,Returning
9576,2025-02-21,Diwali Bonanza,YouTube,Central,Tablet,Loyal
979,2025-02-21,Black Friday,Email,West,Mobile,Returning
2597,2025-02-21,Winter Sale,YouTube,West,Desktop,Loyal
9846,2025-02-21,Weekend Special,Facebook,North,Desktop,New
8338,2025-02-21,Back to School,LinkedIn,South,Mobile,New
870,2025-02-21,Black Friday,Email,West,Desktop,New
9555,2025-02-21,Winter Sale,YouTube,Central,Mobile,Premium
3122,2025-02-21,Winter Sale,Email,Central,Mobile,Premium
560,2025-02-21,Diwali Bonanza,Google Search,Central,Tablet,Loyal
9229,2025-02-21,Festive Combo,Instagram,North,Mobile,New
2078,2025-02-21,New Year Blast,YouTube,East,Desktop,Loyal
4741,2025-02-21,Back to School,Instagram,East,Tablet,New
4852,2025-02-21,Flash Sale,Email,South,Tablet,Loyal
3514,2025-02-21,Weekend Special,Email,East,Desktop,Premium
3069,2025-02-21,Flash Sale,Google Search,East,Desktop,New
4805,2025-02-21,Weekend Special,LinkedIn,South,Mobile,Premium
5798,2025-02-21,Winter Sale,LinkedIn,East,Desktop,Loyal
3425,2025-02-21,Festive Combo,LinkedIn,East,Mobile,Loyal
4119,2025-02-21,Mega Clearance,Facebook,South,Desktop,Premium
180,2025-02-21,Festive Combo,Google Search,Central,Desktop,New
4354,2025-02-21,Festive Combo,Instagram,South,Tablet,Loyal
6841,2025-02-21,Winter Sale,Instagram,West,Mobile,Returning
4849,2025-02-21,Flash Sale,YouTube,Central,Mobile,Premium
8670,2025-02-21,Back to School,Google Search,South,Tablet,Premium
9079,2025-02-21,New Year Blast,YouTube,North,Tablet,Premium
8746,2025-02-21,Black Friday,Facebook,South,Mobile,Loyal
2311,2025-02-22,Black Friday,Instagram,South,Desktop,New
3115,2025-02-22,Weekend Special,LinkedIn,South,Mobile,Returning
1682,2025-02-22,Weekend Special,Email,South,Desktop,New
9254,2025-02-22,Festive Combo,Instagram,North,Desktop,Loyal
1896,2025-02-22,New Year Blast,Instagram,North,Tablet,Premium
4357,2025-02-22,Diwali Bonanza,YouTube,North,Tablet,Loyal
6347,2025-02-22,Summer Sale,Facebook,South,Tablet,Loyal
119,2025-02-22,New Year Blast,YouTube,Central,Mobile,New
8302,2025-02-22,Flash Sale,Instagram,South,Desktop,Loyal
5840,2025-02-22,Mega Clearance,Email,South,Tablet,Premium
6991,2025-02-22,Black Friday,YouTube,West,Tablet,Returning
4001,2025-02-22,Mega Clearance,Email,East,Tablet,Returning
6453,2025-02-22,New Year Blast,Google Search,Central,Mobile,Premium
9103,2025-02-22,Diwali Bonanza,Instagram,Central,Mobile,Returning
5794,2025-02-22,New Year Blast,Instagram,East,Tablet,Returning
6451,2025-02-22,Weekend Special,Google Search,East,Desktop,Loyal
3316,2025-02-22,Black Friday,Email,North,Tablet,Loyal
3452,2025-02-22,Flash Sale,LinkedIn,North,Mobile,Returning
5289,2025-02-22,Flash Sale,Email,East,Tablet,Loyal
5002,2025-02-22,Festive Combo,YouTube,Central,Mobile,Loyal
8149,2025-02-22,Winter Sale,YouTube,South,Desktop,New
3274,2025-02-22,Black Friday,Instagram,Central,Desktop,Returning
7356,2025-02-22,Winter Sale,Facebook,East,Mobile,Returning
4596,2025-02-22,Flash Sale,Facebook,East,Tablet,Loyal
3271,2025-02-22,Flash Sale,LinkedIn,Central,Mobile,Returning
2480,2025-02-22,New Year Blast,Email,South,Tablet,Returning
647,2025-02-23,Winter Sale,Instagram,South,Desktop,Returning
5518,2025-02-23,Back to School,Instagram,East,Desktop,Loyal
2605,2025-02-23,New Year Blast,Email,Central,Mobile,Premium
9100,2025-02-23,Flash Sale,YouTube,South,Tablet,New
2160,2025-02-23,Summer Sale,LinkedIn,Central,Mobile,Premium
5550,2025-02-23,Black Friday,Instagram,East,Tablet,Loyal
4237,2025-02-23,Mega Clearance,LinkedIn,Central,Tablet,New
4241,2025-02-23,Flash Sale,Facebook,East,Tablet,New
3531,2025-02-23,Winter Sale,Facebook,East,Tablet,New
9059,2025-02-23,Festive Combo,Facebook,South,Mobile,Returning
6546,2025-02-23,Black Friday,LinkedIn,South,Tablet,Loyal
3611,2025-02-23,Weekend Special,Instagram,East,Desktop,Loyal
8384,2025-02-23,Summer Sale,Instagram,East,Mobile,Loyal
3396,2025-02-23,Diwali Bonanza,Facebook,North,Mobile,New
3965,2025-02-23,Black Friday,LinkedIn,Central,Desktop,New
6174,2025-02-23,Flash Sale,LinkedIn,Central,Tablet,New
2295,2025-02-23,Flash Sale,YouTube,North,Desktop,Returning
7140,2025-02-23,Back to School,Google Search,East,Mobile,Loyal
595,2025-02-23,Black Friday,Email,South,Desktop,Loyal
3050,2025-02-23,Weekend Special,LinkedIn,South,Mobile,Returning
4068,2025-02-23,Festive Combo,LinkedIn,Central,Mobile,Premium
982,2025-02-23,Diwali Bonanza,Facebook,Central,Desktop,Premium
1983,2025-02-23,Festive Combo,YouTube,Central,Tablet,New
1982,2025-02-23,Winter Sale,YouTube,North,Tablet,Loyal
9343,2025-02-23,Back to School,Google Search,North,Mobile,Loyal
8872,2025-02-23,Diwali Bonanza,Google Search,Central,Mobile,Loyal
9346,2025-02-23,Flash Sale,Instagram,North,Tablet,Premium
1756,2025-02-24,Flash Sale,Google Search,Central,Desktop,Premium
1034,2025-02-24,Diwali Bonanza,Facebook,North,Tablet,Premium
3862,2025-02-24,Diwali Bonanza,Google Search,South,Tablet,Loyal
7873,2025-02-24,Mega Clearance,LinkedIn,South,Desktop,Premium
477,2025-02-24,Winter Sale,Google Search,East,Desktop,Premium
9121,2025-02-24,New Year Blast,Google Search,North,Tablet,New
7765,2025-02-24,New Year Blast,Email,North,Mobile,Loyal
487,2025-02-24,Diwali Bonanza,Instagram,North,Desktop,Premium
670,2025-02-24,Mega Clearance,Google Search,East,Tablet,Premium
7449,2025-02-24,Flash Sale,Google Search,South,Tablet,Premium
5817,2025-02-24,Festive Combo,Email,Central,Tablet,Loyal
5283,2025-02-24,Festive Combo,Google Search,North,Desktop,Loyal
4705,2025-02-24,Mega Clearance,LinkedIn,South,Mobile,Returning
981,2025-02-24,Mega Clearance,Instagram,West,Tablet,Loyal
2057,2025-02-24,Winter Sale,Facebook,North,Desktop,Returning
1888,2025-02-24,Weekend Special,YouTube,East,Tablet,New
9967,2025-02-24,Diwali Bonanza,Instagram,North,Desktop,Loyal
5523,2025-02-24,Mega Clearance,YouTube,South,Tablet,Premium
92,2025-02-24,Flash Sale,Facebook,South,Tablet,Loyal
2733,2025-02-24,Black Friday,Google Search,South,Desktop,New
864,2025-02-24,Diwali Bonanza,LinkedIn,Central,Desktop,Premium
8202,2025-02-24,Mega Clearance,Facebook,North,Desktop,Premium
8304,2025-02-24,Flash Sale,Instagram,Central,Mobile,New
7075,2025-02-24,Festive Combo,LinkedIn,East,Tablet,Returning
1678,2025-02-24,Back to School,Instagram,South,Mobile,Loyal
261,2025-02-24,Black Friday,LinkedIn,Central,Desktop,New
2924,2025-02-24,Summer Sale,Facebook,East,Desktop,Loyal
8952,2025-02-24,Black Friday,Email,Central,Mobile,Returning
1178,2025-02-25,Diwali Bonanza,Email,West,Mobile,New
7846,2025-02-25,New Year Blast,Email,North,Tablet,Loyal
3200,2025-02-25,Weekend Special,Instagram,South,Mobile,Loyal
9656,2025-02-25,Diwali Bonanza,Email,Central,Desktop,Loyal
6032,2025-02-25,Weekend Special,Email,South,Tablet,New
499,2025-02-25,Black Friday,YouTube,East,Mobile,New
8522,2025-02-25,Flash Sale,LinkedIn,East,Desktop,New
5080,2025-02-25,Flash Sale,Instagram,Central,Desktop,Premium
41,2025-02-25,Black Friday,Facebook,South,Tablet,Loyal
1252,2025-02-25,Diwali Bonanza,Instagram,North,Tablet,Returning
6484,2025-02-25,New Year Blast,YouTube,North,Desktop,New
9263,2025-02-25,Diwali Bonanza,Facebook,South,Mobile,Loyal
1837,2025-02-25,Summer Sale,Facebook,South,Desktop,New
1721,2025-02-25,Mega Clearance,Instagram,South,Desktop,Returning
5140,2025-02-25,Flash Sale,Instagram,West,Tablet,Returning
3492,2025-02-25,Black Friday,Facebook,West,Tablet,Loyal
2140,2025-02-25,Festive Combo,LinkedIn,South,Tablet,Returning
4324,2025-02-25,Mega Clearance,Facebook,Central,Mobile,Returning
7029,2025-02-25,Festive Combo,YouTube,East,Tablet,Returning
5780,2025-02-25,Summer Sale,Google Search,East,Desktop,New
7419,2025-02-25,Summer Sale,Facebook,West,Tablet,Returning
117,2025-02-25,Mega Clearance,Google Search,East,Tablet,Loyal
8014,2025-02-25,Diwali Bonanza,LinkedIn,West,Tablet,Loyal
360,2025-02-25,Flash Sale,Facebook,East,Tablet,Premium
7507,2025-02-25,Mega Clearance,YouTube,East,Tablet,Premium
7294,2025-02-25,Winter Sale,Facebook,North,Mobile,Premium
1586,2025-02-25,Winter Sale,Google Search,Central,Tablet,New
6320,2025-02-25,Summer Sale,Google Search,South,Tablet,Loyal
1576,2025-02-25,Festive Combo,Facebook,East,Mobile,Premium
6771,2025-02-26,Diwali Bonanza,Instagram,Central,Mobile,Returning
5250,2025-02-26,Mega Clearance,Google Search,Central,Desktop,Premium
7472,2025-02-26,Festive Combo,LinkedIn,South,Mobile,New
632,2025-02-26,Weekend Special,Instagram,North,Desktop,Loyal
3538,2025-02-26,Diwali Bonanza,Google Search,South,Tablet,Premium
7456,2025-02-26,Back to School,Instagram,West,Tablet,Loyal
2043,2025-02-26,Summer Sale,Instagram,North,Desktop,Premium
6937,2025-02-26,Black Friday,Google Search,South,Desktop,Premium
4690,2025-02-26,Black Friday,Instagram,West,Tablet,Premium
5179,2025-02-26,Back to School,Google Search,South,Tablet,New
1886,2025-02-26,Summer Sale,YouTube,North,Mobile,Returning
4222,2025-02-26,Diwali Bonanza,Google Search,East,Tablet,Loyal
8006,2025-02-26,Festive Combo,Google Search,Central,Tablet,Loyal
5836,2025-02-26,Weekend Special,Google Search,South,Desktop,Loyal
5769,2025-02-26,Back to School,YouTube,West,Desktop,Premium
5212,2025-02-26,Back to School,Instagram,Central,Mobile,Premium
6135,2025-02-26,Diwali Bonanza,Instagram,Central,Desktop,Premium
2065,2025-02-26,Black Friday,Google Search,North,Mobile,Premium
2076,2025-02-26,Summer Sale,Google Search,Central,Tablet,Premium
303,2025-02-26,Festive Combo,Email,Central,Mobile,Returning
8367,2025-02-26,Festive Combo,Instagram,East,Mobile,Returning
3101,2025-02-26,New Year Blast,YouTube,East,Tablet,Premium
3952,2025-02-26,Weekend Special,Google Search,North,Mobile,Loyal
8107,2025-02-26,Mega Clearance,YouTube,Central,Desktop,New
5015,2025-02-26,Diwali Bonanza,YouTube,North,Desktop,Returning
4396,2025-02-26,Flash Sale,Google Search,West,Desktop,Returning
6006,2025-02-26,Summer Sale,LinkedIn,West,Tablet,Returning
301,2025-02-26,New Year Blast,Facebook,East,Mobile,New
3321,2025-02-27,Festive Combo,Email,West,Mobile,New
7761,2025-02-27,Black Friday,Instagram,West,Mobile,Loyal
4104,2025-02-27,Black Friday,Instagram,Central,Tablet,Loyal
6231,2025-02-27,Black Friday,YouTube,South,Mobile,New
8782,2025-02-27,Festive Combo,Google Search,West,Mobile,Returning
5880,2025-02-27,Mega Clearance,LinkedIn,West,Mobile,New
1456,2025-02-27,Summer Sale,YouTube,South,Mobile,Returning
3546,2025-02-27,Diwali Bonanza,Facebook,South,Tablet,Loyal
3987,2025-02-27,Flash Sale,LinkedIn,South,Desktop,Loyal
9486,2025-02-27,Back to School,LinkedIn,Central,Desktop,Returning
3698,2025-02-27,Weekend Special,LinkedIn,South,Tablet,Premium
9328,2025-02-27,Weekend Special,LinkedIn,East,Tablet,New
669,2025-02-27,Flash Sale,Facebook,South,Tablet,New
4585,2025-02-27,Mega Clearance,YouTube,South,Desktop,New
2683,2025-02-27,Winter Sale,LinkedIn,Central,Tablet,New
7575,2025-02-27,Back to School,YouTube,West,Desktop,Returning
1010,2025-02-27,Summer Sale,Facebook,Central,Mobile,Premium
744,2025-02-27,Flash Sale,LinkedIn,North,Mobile,Premium
5184,2025-02-27,Diwali Bonanza,Facebook,East,Tablet,New
4320,2025-02-27,Festive Combo,Facebook,Central,Desktop,Loyal
9609,2025-02-27,Black Friday,Google Search,East,Desktop,Premium
1752,2025-02-27,Winter Sale,Instagram,Central,Mobile,New
1142,2025-02-27,Mega Clearance,LinkedIn,North,Mobile,Premium
6811,2025-02-27,Mega Clearance,Google Search,Central,Desktop,Returning
1006,2025-02-27,Flash Sale,LinkedIn,East,Desktop,Returning
6804,2025-02-27,Festive Combo,YouTube,West,Desktop,Loyal
4456,2025-02-27,New Year Blast,Instagram,Central,Tablet,Loyal
1533,2025-02-28,Winter Sale,Email,South,Desktop,Returning
9108,2025-02-28,Flash Sale,Email,South,Mobile,Loyal
5253,2025-02-28,Mega Clearance,Facebook,West,Desktop,Loyal
2179,2025-02-28,Summer Sale,LinkedIn,North,Desktop,Premium
5089,2025-02-28,Back to School,LinkedIn,Central,Mobile,New
204,2025-02-28,Festive Combo,Google Search,South,Mobile,Loyal
7836,2025-02-28,Weekend Special,Instagram,West,Mobile,Returning
4869,2025-02-28,Flash Sale,YouTube,South,Tablet,Premium
6603,2025-02-28,Flash Sale,Instagram,Central,Desktop,Loyal
1199,2025-02-28,Festive Combo,Email,Central,Mobile,New
9407,2025-02-28,Flash Sale,LinkedIn,North,Tablet,New
5106,2025-02-28,Flash Sale,YouTube,South,Tablet,New
9070,2025-02-28,Winter Sale,Google Search,West,Mobile,Loyal
4199,2025-02-28,Summer Sale,Google Search,West,Tablet,Returning
5247,2025-02-28,Flash Sale,Facebook,East,Tablet,Premium
8593,2025-02-28,Mega Clearance,YouTube,Central,Desktop,Premium
1971,2025-02-28,Flash Sale,Instagram,Central,Tablet,New
1477,2025-02-28,Mega Clearance,Facebook,North,Tablet,Returning
1102,2025-02-28,Summer Sale,Email,Central,Tablet,New
6215,2025-02-28,Black Friday,Instagram,South,Desktop,Premium
6445,2025-02-28,New Year Blast,YouTube,East,Tablet,Loyal
515,2025-02-28,New Year Blast,YouTube,West,Tablet,Premium
1663,2025-02-28,Diwali Bonanza,Instagram,West,Desktop,Loyal
3577,2025-02-28,Summer Sale,Google Search,Central,Tablet,Loyal
5037,2025-02-28,Black Friday,Facebook,East,Tablet,Premium
9877,2025-02-28,Diwali Bonanza,LinkedIn,South,Desktop,New
1986,2025-02-28,Black Friday,LinkedIn,North,Desktop,Loyal
8221,2025-02-28,Black Friday,Instagram,North,Mobile,Loyal
4340,2025-02-28,Mega Clearance,YouTube,South,Desktop,Premium
2982,2025-02-28,Winter Sale,YouTube,West,Desktop,Premium
3065,2025-02-28,Winter Sale,Instagram,East,Desktop,New
7852,2025-02-28,Festive Combo,Google Search,Central,Desktop,Returning
6818,2025-02-28,Diwali Bonanza,Email,South,Desktop,Returning
7262,2025-02-28,Back to School,Google Search,East,Desktop,Loyal
6837,2025-02-28,Summer Sale,Google Search,Central,Mobile,Loyal
7671,2025-03-01,Flash Sale,Google Search,South,Desktop,Premium
3216,2025-03-01,Black Friday,Instagram,Central,Mobile,Loyal
9373,2025-03-01,Diwali Bonanza,LinkedIn,West,Mobile,Loyal
5929,2025-03-01,Flash Sale,Facebook,West,Desktop,New
5922,2025-03-01,Winter Sale,Instagram,South,Mobile,New
411,2025-03-01,Black Friday,YouTube,Central,Desktop,New
6519,2025-03-01,Back to School,Email,Central,Mobile,Loyal
6111,2025-03-01,Winter Sale,YouTube,North,Tablet,Premium
3632,2025-03-01,Flash Sale,YouTube,North,Tablet,Returning
8904,2025-03-01,Summer Sale,Email,West,Mobile,New
8095,2025-03-01,Festive Combo,Facebook,North,Tablet,New
656,2025-03-01,New Year Blast,LinkedIn,West,Desktop,Premium
7988,2025-03-01,Flash Sale,LinkedIn,North,Tablet,New
5638,2025-03-01,Weekend Special,LinkedIn,West,Desktop,Loyal
7151,2025-03-01,Festive Combo,Email,West,Mobile,Loyal
7918,2025-03-01,Mega Clearance,Instagram,North,Desktop,New
3036,2025-03-01,Black Friday,LinkedIn,Central,Tablet,Premium
5646,2025-03-01,Weekend Special,Google Search,East,Desktop,New
6189,2025-03-01,Back to School,Facebook,South,Desktop,Premium
6219,2025-03-01,Winter Sale,Facebook,North,Mobile,New
3393,2025-03-01,Black Friday,Facebook,North,Tablet,Loyal
3208,2025-03-01,Diwali Bonanza,LinkedIn,North,Mobile,Returning
9707,2025-03-01,Winter Sale,LinkedIn,Central,Desktop,New
5674,2025-03-01,Mega Clearance,YouTube,Central,Mobile,Premium
2165,2025-03-02,Mega Clearance,Instagram,East,Mobile,Premium
8673,2025-03-02,Festive Combo,Instagram,South,Desktop,Returning
1773,2025-03-02,Black Friday,LinkedIn,West,Desktop,Returning
441,2025-03-02,Festive Combo,Facebook,Central,Tablet,Returning
2554,2025-03-02,New Year Blast,YouTube,Central,Desktop,Premium
3725,2025-03-02,Flash Sale,LinkedIn,North,Tablet,New
6788,2025-03-02,Summer Sale,Email,South,Desktop,New
6024,2025-03-02,New Year Blast,Email,West,Mobile,Premium
6440,2025-03-02,Weekend Special,LinkedIn,North,Tablet,New
4715,2025-03-02,Festive Combo,Email,Central,Tablet,New
9632,2025-03-02,Back to School,YouTube,East,Tablet,Loyal
1058,2025-03-02,Diwali Bonanza,Facebook,North,Tablet,Premium
7293,2025-03-02,Weekend Special,Facebook,South,Mobile,Premium
170,2025-03-02,Diwali Bonanza,LinkedIn,East,Tablet,Premium
3528,2025-03-02,Diwali Bonanza,Facebook,East,Mobile,Loyal
9687,2025-03-02,Winter Sale,Google Search,South,Mobile,Premium
7091,2025-03-02,Diwali Bonanza,Instagram,West,Desktop,Returning
1897,2025-03-02,Back to School,Google Search,North,Tablet,Returning
9115,2025-03-02,Diwali Bonanza,LinkedIn,West,Mobile,Loyal
5889,2025-03-02,Winter Sale,LinkedIn,South,Desktop,New
8620,2025-03-02,Winter Sale,LinkedIn,Central,Tablet,Loyal
4348,2025-03-02,Diwali Bonanza,Facebook,West,Desktop,Returning
2009,2025-03-02,Back to School,Instagram,West,Tablet,New
1835,2025-03-02,Flash Sale,LinkedIn,Central,Desktop,Returning
3944,2025-03-02,Mega Clearance,LinkedIn,South,Mobile,Premium
2340,2025-03-02,Back to School,LinkedIn,Central,Tablet,New
6540,2025-03-02,Summer Sale,LinkedIn,South,Desktop,New
9881,2025-03-02,Diwali Bonanza,LinkedIn,East,Desktop,Returning
2226,2025-03-02,Back to School,Instagram,Central,Tablet,New
7657,2025-03-02,Weekend Special,Facebook,South,Desktop,Loyal
6115,2025-03-02,Weekend Special,YouTube,South,Mobile,Loyal
1516,2025-03-02,Back to School,Instagram,East,Desktop,Premium
6266,2025-03-02,Winter Sale,Instagram,West,Mobile,Returning
9392,2025-03-02,Festive Combo,LinkedIn,West,Desktop,Premium
134,2025-03-03,Black Friday,Instagram,North,Tablet,Returning
664,2025-03-03,Festive Combo,Facebook,South,Mobile,Returning
2913,2025-03-03,Diwali Bonanza,Facebook,North,Desktop,New
8489,2025-03-03,Festive Combo,YouTube,East,Desktop,Returning
8018,2025-03-03,Festive Combo,Facebook,South,Mobile,Premium
2628,2025-03-03,Back to School,Google Search,North,Desktop,Loyal
5317,2025-03-03,Festive Combo,YouTube,South,Tablet,Premium
4668,2025-03-03,Summer Sale,Email,North,Tablet,Returning
9026,2025-03-03,Winter Sale,Facebook,North,Mobile,Loyal
1515,2025-03-03,Back to School,Email,East,Mobile,Returning
3363,2025-03-03,Festive Combo,Facebook,North,Desktop,Returning
8828,2025-03-03,Flash Sale,YouTube,Central,Mobile,Loyal
4526,2025-03-03,Diwali Bonanza,Instagram,South,Mobile,Returning
4358,2025-03-03,Festive Combo,Facebook,North,Mobile,Returning
4889,2025-03-03,Diwali Bonanza,Email,West,Tablet,Premium
5073,2025-03-03,Weekend Special,Instagram,South,Desktop,Returning
3828,2025-03-03,Mega Clearance,Google Search,East,Mobile,Premium
554,2025-03-03,Flash Sale,YouTube,South,Desktop,New
9758,2025-03-03,Festive Combo,LinkedIn,West,Desktop,Premium
2222,2025-03-03,Flash Sale,Instagram,Central,Tablet,Loyal
3058,2025-03-03,Mega Clearance,Google Search,East,Mobile,Premium
3242,2025-03-03,New Year Blast,Facebook,East,Desktop,Returning
9677,2025-03-03,Festive Combo,Instagram,North,Tablet,Loyal
3804,2025-03-04,Weekend Special,Instagram,South,Mobile,New
7594,2025-03-04,Mega Clearance,Facebook,South,Tablet,Premium
4273,2025-03-04,Back to School,LinkedIn,South,Tablet,Premium
9585,2025-03-04,Flash Sale,LinkedIn,Central,Desktop,Premium
4257,2025-03-04,Flash Sale,Email,North,Desktop,Loyal
4345,2025-03-04,Diwali Bonanza,Instagram,East,Mobile,Returning
4916,2025-03-04,Back to School,YouTube,South,Mobile,Returning
9348,2025-03-04,Summer Sale,LinkedIn,South,Desktop,New
1328,2025-03-04,Black Friday,LinkedIn,West,Desktop,Premium
5306,2025-03-04,Weekend Special,LinkedIn,South,Tablet,Premium
8260,2025-03-04,Mega Clearance,LinkedIn,West,Desktop,New
1331,2025-03-04,New Year Blast,LinkedIn,West,Mobile,Returning
8618,2025-03-04,Flash Sale,Email,North,Mobile,Loyal
9578,2025-03-04,Back to School,Facebook,Central,Desktop,New
4858,2025-03-04,New Year Blast,LinkedIn,South,Tablet,Premium
4172,2025-03-04,New Year Blast,Google Search,West,Mobile,New
7904,2025-03-04,Weekend Special,Instagram,North,Tablet,New
9815,2025-03-04,Festive Combo,Email,South,Tablet,Premium
8276,2025-03-04,Flash Sale,Facebook,Central,Tablet,Loyal
7108,2025-03-04,Weekend Special,Facebook,East,Tablet,Loyal
3779,2025-03-04,Black Friday,LinkedIn,Central,Desktop,Premium
8699,2025-03-04,Black Friday,Email,North,Desktop,New
7255,2025-03-04,Weekend Special,Email,West,Desktop,Returning
7219,2025-03-04,Summer Sale,Email,South,Desktop,Returning
8139,2025-03-04,New Year Blast,LinkedIn,East,Desktop,Loyal
7058,2025-03-04,Weekend Special,Email,East,Desktop,Returning
6709,2025-03-04,Weekend Special,Facebook,South,Tablet,Returning
341,2025-03-05,Weekend Special,Facebook,East,Mobile,Returning
3412,2025-03-05,Back to School,Email,South,Desktop,Returning
5616,2025-03-05,Weekend Special,Google Search,East,Tablet,New
6740,2025-03-05,Black Friday,Google Search,West,Mobile,New
5545,2025-03-05,Summer Sale,YouTube,North,Mobile,New
1558,2025-03-05,Festive Combo,Instagram,South,Desktop,New
4591,2025-03-05,Weekend Special,Google Search,Central,Mobile,Loyal
5886,2025-03-05,Festive Combo,Email,West,Desktop,New
2192,2025-03-05,New Year Blast,Email,East,Desktop,Returning
5386,2025-03-05,Festive Combo,Instagram,East,Desktop,Loyal
2922,2025-03-05,Winter Sale,Facebook,West,Mobile,Returning
2573,2025-03-05,Mega Clearance,YouTube,South,Mobile,Loyal
8829,2025-03-05,Winter Sale,Google Search,East,Desktop,Loyal
2788,2025-03-05,Summer Sale,Instagram,Central,Desktop,Premium
1053,2025-03-05,Winter Sale,Google Search,West,Tablet,Premium
8199,2025-03-05,Black Friday,Google Search,West,Tablet,Returning
1802,2025-03-05,Diwali Bonanza,Email,East,Tablet,Loyal
6808,2025-03-05,Diwali Bonanza,Instagram,South,Mobile,New
3791,2025-03-05,Diwali Bonanza,LinkedIn,North,Desktop,Returning
9936,2025-03-05,Summer Sale,Google Search,South,Tablet,Returning
7706,2025-03-05,Flash Sale,Email,East,Desktop,New
4993,2025-03-05,Weekend Special,Instagram,Central,Mobile,New
5148,2025-03-05,Winter Sale,YouTube,South,Desktop,New
812,2025-03-05,Summer Sale,Google Search,Central,Tablet,Loyal
2396,2025-03-06,Diwali Bonanza,YouTube,West,Desktop,Premium
8280,2025-03-06,Back to School,Email,Central,Mobile,New
7453,2025-03-06,Weekend Special,LinkedIn,West,Tablet,Premium
5204,2025-03-06,Flash Sale,LinkedIn,South,Tablet,New
3166,2025-03-06,Winter Sale,Google Search,East,Mobile,New
4968,2025-03-06,Back to School,Google Search,South,Mobile,Returning
2958,2025-03-06,Summer Sale,Facebook,North,Tablet,Premium
9118,2025-03-06,New Year Blast,Email,Central,Mobile,Loyal
4156,2025-03-06,Black Friday,LinkedIn,West,Mobile,New
6662,2025-03-06,Black Friday,Email,West,Mobile,Premium
3665,2025-03-06,Summer Sale,Facebook,West,Mobile,Premium
2559,2025-03-06,Back to School,Instagram,West,Desktop,New
665,2025-03-06,Summer Sale,LinkedIn,North,Tablet,Loyal
7733,2025-03-06,Back to School,LinkedIn,North,Desktop,Loyal
5724,2025-03-06,New Year Blast,LinkedIn,Central,Desktop,New
4328,2025-03-06,Flash Sale,YouTube,West,Desktop,Loyal
9729,2025-03-06,Mega Clearance,Facebook,South,Desktop,Returning
2312,2025-03-06,Weekend Special,Email,West,Desktop,Premium
6340,2025-03-06,Back to School,YouTube,Central,Mobile,Loyal
4011,2025-03-06,Winter Sale,Instagram,East,Tablet,Loyal
8068,2025-03-06,Winter Sale,Google Search,Central,Desktop,New
6879,2025-03-06,Diwali Bonanza,YouTube,East,Desktop,Returning
5760,2025-03-06,Black Friday,Facebook,East,Mobile,New
9496,2025-03-06,New Year Blast,LinkedIn,West,Tablet,Loyal
2915,2025-03-07,Winter Sale,YouTube,West,Mobile,New
637,2025-03-07,Diwali Bonanza,YouTube,North,Tablet,Loyal
5904,2025-03-07,Black Friday,YouTube,South,Mobile,New
4821,2025-03-07,Diwali Bonanza,Facebook,East,Mobile,New
2891,2025-03-07,Festive Combo,Email,Central,Desktop,Returning
6820,2025-03-07,Diwali Bonanza,Email,South,Mobile,Loyal
1129,2025-03-07,New Year Blast,Google Search,East,Tablet,New
6353,2025-03-07,Back to School,YouTube,West,Tablet,New
3407,2025-03-07,Mega Clearance,LinkedIn,North,Mobile,Returning
8873,2025-03-07,New Year Blast,Email,West,Desktop,Premium
6367,2025-03-07,Back to School,Google Search,West,Desktop,Loyal
1993,2025-03-07,Flash Sale,YouTube,South,Desktop,Premium
3775,2025-03-07,Winter Sale,Instagram,South,Desktop,Loyal
3782,2025-03-07,Back to School,Email,East,Tablet,Returning
8930,2025-03-07,Diwali Bonanza,Instagram,Central,Desktop,Loyal
7654,2025-03-07,Mega Clearance,YouTube,North,Tablet,Premium
2108,2025-03-07,Mega Clearance,Email,Central,Desktop,New
3852,2025-03-07,Mega Clearance,YouTube,West,Tablet,Returning
3712,2025-03-07,Summer Sale,YouTube,South,Mobile,Premium
4355,2025-03-07,Flash Sale,Instagram,West,Desktop,Returning
1784,2025-03-07,Mega Clearance,Facebook,South,Mobile,Premium
7820,2025-03-07,Back to School,LinkedIn,West,Desktop,Returning
8984,2025-03-07,Summer Sale,Facebook,Central,Desktop,Loyal
5277,2025-03-07,Weekend Special,Facebook,East,Desktop,New
7534,2025-03-07,Back to School,Instagram,West,Tablet,New
5465,2025-03-07,New Year Blast,Facebook,Central,Desktop,New
1346,2025-03-07,Back to School,Instagram,Central,Mobile,Premium
7481,2025-03-07,New Year Blast,Email,South,Tablet,Loyal
767,2025-03-07,Winter Sale,LinkedIn,Central,Tablet,Premium
6496,2025-03-07,Back to School,Facebook,East,Mobile,New
4843,2025-03-07,Mega Clearance,Email,East,Tablet,Returning
1744,2025-03-07,Festive Combo,Google Search,East,Tablet,Loyal
9000,2025-03-07,Weekend Special,Google Search,East,Desktop,New
9174,2025-03-07,Black Friday,LinkedIn,South,Desktop,Returning
9623,2025-03-07,Summer Sale,Google Search,North,Mobile,Loyal
4660,2025-03-07,Black Friday,LinkedIn,Central,Tablet,Loyal
5486,2025-03-07,Weekend Special,Facebook,Central,Desktop,New
4536,2025-03-07,Black Friday,Instagram,North,Mobile,Loyal
9631,2025-03-07,Black Friday,Email,North,Mobile,Loyal
8959,2025-03-08,New Year Blast,YouTube,Central,Tablet,Loyal
6021,2025-03-08,Weekend Special,Instagram,North,Tablet,Returning
4497,2025-03-08,Back to School,Email,East,Tablet,Loyal
8295,2025-03-08,Weekend Special,YouTube,South,Desktop,Loyal
2268,2025-03-08,Mega Clearance,Email,North,Tablet,New
8400,2025-03-08,Summer Sale,Email,South,Desktop,New
3205,2025-03-08,Weekend Special,Email,West,Tablet,New
8231,2025-03-08,Summer Sale,LinkedIn,South,Tablet,New
3660,2025-03-08,Festive Combo,Email,Central,Mobile,Premium
3301,2025-03-08,Back to School,Email,Central,Mobile,Loyal
1609,2025-03-08,Black Friday,Facebook,Central,Desktop,Premium
1106,2025-03-08,Summer Sale,LinkedIn,North,Mobile,Loyal
8565,2025-03-08,Flash Sale,Instagram,West,Mobile,New
2365,2025-03-08,Back to School,Google Search,North,Desktop,Returning
6145,2025-03-08,Winter Sale,Facebook,Central,Tablet,New
7830,2025-03-08,Summer Sale,Facebook,East,Desktop,Loyal
63,2025-03-08,New Year Blast,Facebook,West,Tablet,Loyal
3332,2025-03-08,Black Friday,Email,Central,Tablet,Premium
5995,2025-03-08,Weekend Special,YouTube,Central,Tablet,Returning
6553,2025-03-08,Black Friday,Facebook,Central,Tablet,New
3855,2025-03-08,Summer Sale,YouTube,South,Mobile,Loyal
7310,2025-03-08,Diwali Bonanza,YouTube,South,Tablet,New
9300,2025-03-08,Black Friday,Facebook,South,Mobile,New
2054,2025-03-08,Black Friday,Instagram,West,Desktop,Returning
3378,2025-03-08,Diwali Bonanza,Google Search,North,Mobile,Premium
9107,2025-03-08,New Year Blast,LinkedIn,Central,Desktop,Premium
1999,2025-03-08,Festive Combo,YouTube,East,Mobile,Returning
237,2025-03-08,Weekend Special,Google Search,Central,Tablet,Premium
3600,2025-03-09,Flash Sale,YouTube,East,Desktop,Returning
3821,2025-03-09,Festive Combo,YouTube,West,Tablet,New
8391,2025-03-09,Winter Sale,Email,South,Mobile,Returning
4572,2025-03-09,Flash Sale,Facebook,South,Desktop,Loyal
3265,2025-03-09,Festive Combo,LinkedIn,Central,Tablet,Premium
2730,2025-03-09,Back to School,YouTube,East,Tablet,Returning
2332,2025-03-09,Winter Sale,LinkedIn,North,Mobile,Loyal
4989,2025-03-09,Black Friday,Google Search,North,Desktop,Loyal
2951,2025-03-09,Black Friday,Email,East,Tablet,Premium
4344,2025-03-09,Summer Sale,Email,North,Desktop,Returning
8925,2025-03-09,Black Friday,Google Search,West,Tablet,Returning
2548,2025-03-09,Back to School,LinkedIn,East,Tablet,Returning
8964,2025-03-09,Winter Sale,YouTube,West,Desktop,Returning
8408,2025-03-09,Back to School,Facebook,West,Tablet,Loyal
3795,2025-03-09,Diwali Bonanza,Facebook,South,Tablet,Returning
3084,2025-03-09,Summer Sale,Facebook,South,Tablet,New
8546,2025-03-09,Winter Sale,Facebook,Central,Mobile,Loyal
202,2025-03-09,Weekend Special,Instagram,Central,Tablet,Premium
6362,2025-03-09,Weekend Special,Email,South,Tablet,New
9760,2025-03-09,Winter Sale,YouTube,Central,Desktop,Returning
1415,2025-03-09,Winter Sale,Instagram,Central,Desktop,Returning
6667,2025-03-09,Black Friday,YouTube,Central,Desktop,Loyal
6647,2025-03-09,Mega Clearance,Instagram,North,Tablet,Premium
5694,2025-03-09,Festive Combo,Instagram,North,Mobile,Premium
7022,2025-03-09,Back to School,Google Search,South,Tablet,Premium
9875,2025-03-09,Weekend Special,Google Search,North,Mobile,Loyal
9341,2025-03-09,Festive Combo,LinkedIn,North,Tablet,Returning
222,2025-03-09,Summer Sale,Instagram,South,Tablet,Premium
9906,2025-03-09,Mega Clearance,Instagram,East,Desktop,Returning
8845,2025-03-10,Diwali Bonanza,Email,South,Tablet,New
7807,2025-03-10,Flash Sale,YouTube,Central,Desktop,Premium
8341,2025-03-10,Mega Clearance,Instagram,South,Tablet,Returning
9066,2025-03-10,Festive Combo,Google Search,West,Tablet,New
1205,2025-03-10,Winter Sale,YouTube,Central,Desktop,Returning
4392,2025-03-10,Diwali Bonanza,Instagram,West,Mobile,New
6329,2025-03-10,Flash Sale,LinkedIn,West,Desktop,Premium
396,2025-03-10,Weekend Special,LinkedIn,East,Mobile,New
7471,2025-03-10,Festive Combo,Instagram,West,Tablet,New
9228,2025-03-10,Festive Combo,YouTube,North,Mobile,Returning
4587,2025-03-10,Festive Combo,Instagram,West,Desktop,Premium
3404,2025-03-10,Diwali Bonanza,Email,East,Desktop,Returning
5947,2025-03-10,Summer Sale,Google Search,Central,Desktop,New
3530,2025-03-10,Back to School,Email,North,Desktop,New
5973,2025-03-10,Weekend Special,Google Search,East,Tablet,Returning
4489,2025-03-10,New Year Blast,Google Search,East,Desktop,Returning
6794,2025-03-10,Flash Sale,Email,South,Mobile,New
4908,2025-03-10,Back to School,LinkedIn,East,Mobile,Premium
59,2025-03-10,New Year Blast,Google Search,North,Tablet,Returning
4780,2025-03-10,Diwali Bonanza,Facebook,South,Desktop,New
7265,2025-03-10,Festive Combo,Facebook,Central,Mobile,New
6078,2025-03-10,Weekend Special,YouTube,East,Mobile,Premium
3734,2025-03-10,Flash Sale,Google Search,North,Desktop,Returning
4755,2025-03-10,Mega Clearance,Instagram,West,Mobile,Loyal
6467,2025-03-10,Flash Sale,Facebook,Central,Desktop,Loyal
9872,2025-03-10,Back to School,Instagram,Central,Tablet,Returning
860,2025-03-10,New Year Blast,LinkedIn,South,Mobile,Premium
847,2025-03-10,Weekend Special,Google Search,Central,Mobile,New
1691,2025-03-10,New Year Blast,Instagram,North,Tablet,Loyal
1135,2025-03-10,Summer Sale,Google Search,North,Mobile,Loyal
5092,2025-03-10,Flash Sale,Instagram,Central,Tablet,Returning
2697,2025-03-10,Weekend Special,Facebook,South,Mobile,Returning
1037,2025-03-10,Weekend Special,Email,West,Tablet,Premium
7222,2025-03-10,Weekend Special,Instagram,North,Desktop,Loyal
5456,2025-03-10,Winter Sale,LinkedIn,Central,Mobile,Loyal
830,2025-03-10,Festive Combo,Email,Central,Mobile,Loyal
5312,2025-03-11,New Year Blast,YouTube,North,Tablet,Returning
9195,2025-03-11,Mega Clearance,Instagram,Central,Desktop,Premium
4689,2025-03-11,New Year Blast,Instagram,South,Tablet,Premium
4193,2025-03-11,Festive Combo,Facebook,East,Tablet,Returning
6696,2025-03-11,Summer Sale,Email,South,Desktop,New
8084,2025-03-11,Mega Clearance,LinkedIn,South,Desktop,Premium
5812,2025-03-11,New Year Blast,LinkedIn,North,Desktop,Returning
602,2025-03-11,Mega Clearance,Google Search,South,Mobile,Returning
9126,2025-03-11,Festive Combo,LinkedIn,North,Desktop,Loyal
4105,2025-03-11,Festive Combo,Google Search,West,Desktop,Returning
109,2025-03-11,Festive Combo,Facebook,North,Desktop,Loyal
7020,2025-03-11,Back to School,YouTube,North,Tablet,Loyal
3756,2025-03-11,Black Friday,Instagram,Central,Mobile,Premium
6982,2025-03-11,Black Friday,Google Search,East,Desktop,Loyal
7842,2025-03-11,Summer Sale,Google Search,Central,Tablet,New
3708,2025-03-11,Diwali Bonanza,Google Search,East,Mobile,Premium
2114,2025-03-11,Black Friday,YouTube,South,Desktop,Premium
331,2025-03-11,Winter Sale,LinkedIn,South,Tablet,Loyal
3620,2025-03-11,Flash Sale,Google Search,West,Tablet,Premium
7037,2025-03-11,Diwali Bonanza,Email,Central,Mobile,New
7277,2025-03-11,Mega Clearance,Google Search,South,Desktop,New
537,2025-03-11,Flash Sale,Google Search,East,Tablet,Returning
4048,2025-03-11,Mega Clearance,Email,Central,Desktop,Loyal
5353,2025-03-11,Weekend Special,Email,West,Mobile,Premium
4638,2025-03-11,New Year Blast,Google Search,North,Tablet,Loyal
6138,2025-03-11,Diwali Bonanza,YouTube,South,Mobile,Loyal
1707,2025-03-11,Festive Combo,Facebook,South,Mobile,New
9572,2025-03-11,Black Friday,YouTube,East,Tablet,New
5392,2025-03-12,Mega Clearance,Instagram,South,Desktop,Loyal
8506,2025-03-12,Diwali Bonanza,Instagram,East,Desktop,Loyal
4994,2025-03-12,Flash Sale,YouTube,Central,Tablet,Premium
3839,2025-03-12,Mega Clearance,YouTube,West,Mobile,Premium
3979,2025-03-12,Back to School,LinkedIn,South,Desktop,Returning
2428,2025-03-12,Mega Clearance,Email,Central,Mobile,Loyal
7839,2025-03-12,Flash Sale,YouTube,South,Tablet,Loyal
1030,2025-03-12,New Year Blast,YouTube,Central,Mobile,Loyal
6877,2025-03-12,Black Friday,Google Search,East,Desktop,Returning
5478,2025-03-12,Mega Clearance,Google Search,North,Mobile,Returning
387,2025-03-12,Winter Sale,Email,Central,Mobile,Returning
6242,2025-03-12,Black Friday,Facebook,West,Mobile,New
3064,2025-03-12,Weekend Special,Email,Central,Mobile,Premium
20,2025-03-12,Weekend Special,LinkedIn,North,Mobile,New
3336,2025-03-12,Festive Combo,YouTube,East,Tablet,Premium
6062,2025-03-12,New Year Blast,LinkedIn,West,Mobile,Loyal
2883,2025-03-12,Back to School,Facebook,West,Mobile,Returning
5030,2025-03-12,Diwali Bonanza,Google Search,North,Tablet,Premium
5620,2025-03-12,Back to School,Facebook,West,Mobile,Returning
2013,2025-03-12,Black Friday,Google Search,South,Desktop,Premium
2045,2025-03-12,Mega Clearance,LinkedIn,North,Mobile,Premium
770,2025-03-12,Flash Sale,Email,Central,Desktop,Premium
3422,2025-03-12,New Year Blast,LinkedIn,West,Mobile,New
9754,2025-03-12,Black Friday,LinkedIn,East,Desktop,Premium
3440,2025-03-12,Festive Combo,Google Search,North,Mobile,Premium
6711,2025-03-12,Diwali Bonanza,Google Search,South,Desktop,Returning
4060,2025-03-12,New Year Blast,Email,Central,Mobile,Loyal
18,2025-03-13,Black Friday,YouTube,Central,Tablet,Premium
2346,2025-03-13,Mega Clearance,Instagram,West,Mobile,Returning
6858,2025-03-13,Weekend Special,Instagram,Central,Mobile,Premium
5124,2025-03-13,Flash Sale,Email,South,Desktop,Loyal
2107,2025-03-13,Mega Clearance,Instagram,South,Tablet,Premium
5123,2025-03-13,Winter Sale,Email,Central,Mobile,Premium
4962,2025-03-13,Mega Clearance,LinkedIn,West,Mobile,New
5155,2025-03-13,New Year Blast,YouTube,Central,Desktop,Premium
1635,2025-03-13,Mega Clearance,Facebook,East,Tablet,New
4695,2025-03-13,Flash Sale,Google Search,South,Tablet,Premium
2570,2025-03-13,Diwali Bonanza,LinkedIn,South,Mobile,Loyal
1665,2025-03-13,Festive Combo,Instagram,South,Mobile,New
1737,2025-03-13,Summer Sale,Email,North,Tablet,Premium
6881,2025-03-13,Back to School,Facebook,East,Mobile,Returning
6465,2025-03-13,Weekend Special,YouTube,West,Mobile,Loyal
9710,2025-03-13,Diwali Bonanza,Facebook,Central,Mobile,Premium
7486,2025-03-13,Winter Sale,Email,East,Mobile,New
4947,2025-03-13,Back to School,Facebook,North,Tablet,Premium
4080,2025-03-13,Festive Combo,Google Search,South,Tablet,Premium
8200,2025-03-13,Flash Sale,YouTube,North,Tablet,New
1190,2025-03-13,Summer Sale,Facebook,North,Tablet,Returning
7015,2025-03-13,Winter Sale,Google Search,East,Mobile,Loyal
2502,2025-03-13,Winter Sale,YouTube,West,Desktop,Loyal
4189,2025-03-13,Weekend Special,Google Search,Central,Mobile,Returning
42,2025-03-13,Flash Sale,Facebook,East,Desktop,Returning
2131,2025-03-13,New Year Blast,YouTube,East,Desktop,New
470,2025-03-13,Winter Sale,Email,East,Mobile,New
6920,2025-03-13,Winter Sale,Google Search,South,Desktop,Premium
2,2025-03-13,Winter Sale,YouTube,Central,Mobile,Loyal
427,2025-03-13,Weekend Special,Instagram,South,Tablet,Premium
4026,2025-03-13,Back to School,Google Search,West,Mobile,Premium
2144,2025-03-13,Summer Sale,Instagram,West,Tablet,New
5077,2025-03-14,Black Friday,Instagram,East,Desktop,Returning
6595,2025-03-14,Flash Sale,Instagram,Central,Mobile,Loyal
4751,2025-03-14,Black Friday,YouTube,East,Tablet,Premium
2700,2025-03-14,Festive Combo,Google Search,Central,Tablet,Loyal
2239,2025-03-14,Winter Sale,Facebook,Central,Tablet,Returning
3095,2025-03-14,New Year Blast,Instagram,South,Desktop,New
7394,2025-03-14,Summer Sale,Facebook,Central,Desktop,Premium
7965,2025-03-14,Flash Sale,Email,South,Tablet,Premium
6349,2025-03-14,Black Friday,Instagram,North,Mobile,Loyal
3925,2025-03-14,Mega Clearance,Facebook,North,Tablet,Premium
9082,2025-03-14,Black Friday,Google Search,East,Desktop,Loyal
2789,2025-03-14,Back to School,YouTube,West,Tablet,New
5252,2025-03-14,Mega Clearance,LinkedIn,East,Desktop,Loyal
9005,2025-03-14,Summer Sale,Instagram,East,Tablet,Premium
7129,2025-03-14,Diwali Bonanza,Google Search,West,Mobile,Premium
5542,2025-03-14,Summer Sale,Email,East,Tablet,New
1537,2025-03-14,Flash Sale,Instagram,East,Desktop,New
1544,2025-03-14,Back to School,Email,South,Mobile,Loyal
1893,2025-03-14,Summer Sale,Facebook,North,Mobile,Loyal
6371,2025-03-14,Weekend Special,Email,East,Tablet,New
8339,2025-03-14,Summer Sale,Instagram,North,Desktop,New
2574,2025-03-14,New Year Blast,Instagram,North,Tablet,New
5623,2025-03-14,Mega Clearance,Facebook,South,Desktop,Returning
7361,2025-03-14,Back to School,Google Search,West,Tablet,Loyal
1104,2025-03-14,New Year Blast,Email,South,Mobile,New
9730,2025-03-14,New Year Blast,Google Search,West,Mobile,New
1602,2025-03-14,New Year Blast,LinkedIn,South,Tablet,Premium
9601,2025-03-14,New Year Blast,Email,West,Tablet,Returning
5585,2025-03-14,Weekend Special,Email,West,Desktop,New
2822,2025-03-14,New Year Blast,LinkedIn,South,Mobile,New
5376,2025-03-14,Festive Combo,Email,Central,Desktop,Premium
7800,2025-03-14,Festive Combo,LinkedIn,South,Mobile,Returning
5699,2025-03-14,Black Friday,YouTube,Central,Mobile,Loyal
3796,2025-03-14,Diwali Bonanza,YouTube,Central,Mobile,New
7439,2025-03-15,Black Friday,Email,North,Mobile,Premium
8739,2025-03-15,Festive Combo,Facebook,North,Tablet,Premium
4945,2025-03-15,Festive Combo,LinkedIn,North,Mobile,Loyal
8184,2025-03-15,Back to School,Google Search,East,Tablet,Returning
2685,2025-03-15,Winter Sale,YouTube,South,Mobile,Loyal
1298,2025-03-15,Summer Sale,Facebook,Central,Desktop,Premium
4860,2025-03-15,Mega Clearance,YouTube,South,Desktop,Premium
304,2025-03-15,New Year Blast,LinkedIn,North,Tablet,Premium
9095,2025-03-15,Winter Sale,Email,West,Tablet,Premium
7397,2025-03-15,Flash Sale,Email,East,Desktop,Premium
6751,2025-03-15,Festive Combo,YouTube,East,Mobile,New
365,2025-03-15,Black Friday,Email,Central,Desktop,New
2537,2025-03-15,Flash Sale,Google Search,Central,Desktop,Returning
429,2025-03-15,Weekend Special,Facebook,West,Desktop,Premium
8226,2025-03-15,Winter Sale,LinkedIn,South,Desktop,Loyal
4582,2025-03-15,Back to School,Facebook,North,Tablet,Premium
4812,2025-03-15,Flash Sale,Email,South,Mobile,New
2693,2025-03-15,Summer Sale,LinkedIn,West,Tablet,Returning
2976,2025-03-15,Diwali Bonanza,Facebook,North,Tablet,Loyal
8065,2025-03-15,New Year Blast,LinkedIn,Central,Tablet,Returning
4917,2025-03-15,Weekend Special,Facebook,South,Mobile,Returning
1095,2025-03-15,Winter Sale,Email,South,Mobile,New
9910,2025-03-15,Diwali Bonanza,Email,West,Tablet,Premium
2002,2025-03-15,Summer Sale,YouTube,Central,Mobile,New
7216,2025-03-15,Flash Sale,Instagram,South,Mobile,Returning
1912,2025-03-15,Weekend Special,LinkedIn,South,Mobile,Returning
181,2025-03-15,Flash Sale,YouTube,South,Mobile,Loyal
8331,2025-03-15,Flash Sale,Email,West,Tablet,Loyal
1944,2025-03-15,New Year Blast,Email,North,Desktop,New
7128,2025-03-15,Festive Combo,Instagram,East,Tablet,Premium
4125,2025-03-15,Diwali Bonanza,Instagram,North,Desktop,Returning
3913,2025-03-15,Winter Sale,LinkedIn,South,Desktop,Premium
7789,2025-03-15,Mega Clearance,Instagram,South,Mobile,Returning
265,2025-03-16,New Year Blast,Facebook,South,Tablet,Returning
5553,2025-03-16,Weekend Special,Instagram,East,Desktop,New
8538,2025-03-16,Mega Clearance,YouTube,East,Desktop,Loyal
1156,2025-03-16,Mega Clearance,Facebook,West,Desktop,Loyal
1757,2025-03-16,New Year Blast,Facebook,West,Tablet,Loyal
6110,2025-03-16,Festive Combo,YouTube,Central,Mobile,New
9605,2025-03-16,Summer Sale,Instagram,East,Desktop,New
2484,2025-03-16,New Year Blast,Instagram,East,Tablet,Premium
1904,2025-03-16,Winter Sale,Instagram,South,Mobile,Loyal
298,2025-03-16,Diwali Bonanza,Google Search,East,Desktop,Returning
6835,2025-03-16,Festive Combo,YouTube,Central,Desktop,Premium
484,2025-03-16,Winter Sale,Facebook,West,Desktop,Loyal
6889,2025-03-16,New Year Blast,LinkedIn,South,Desktop,Premium
6255,2025-03-16,Black Friday,Email,North,Mobile,Premium
1031,2025-03-16,Mega Clearance,Facebook,East,Mobile,New
188,2025-03-16,Black Friday,Email,West,Tablet,Returning
5076,2025-03-16,Winter Sale,Google Search,South,Tablet,Premium
4262,2025-03-16,Flash Sale,Google Search,North,Desktop,New
3392,2025-03-16,Flash Sale,Google Search,South,Tablet,Returning
8066,2025-03-16,Back to School,Google Search,Central,Tablet,Returning
5100,2025-03-16,Weekend Special,Facebook,East,Desktop,Premium
3946,2025-03-16,Diwali Bonanza,Google Search,South,Mobile,New
5459,2025-03-16,Summer Sale,Email,South,Tablet,Premium
778,2025-03-16,Summer Sale,YouTube,East,Mobile,New
8374,2025-03-16,Flash Sale,LinkedIn,North,Tablet,New
5466,2025-03-16,Mega Clearance,Instagram,North,Desktop,Premium
6056,2025-03-16,Weekend Special,Facebook,West,Desktop,Premium
5302,2025-03-16,Back to School,Instagram,North,Desktop,Premium
6373,2025-03-17,Festive Combo,LinkedIn,South,Mobile,New
374,2025-03-17,Black Friday,Google Search,Central,Tablet,New
4734,2025-03-17,Mega Clearance,Email,South,Desktop,Returning
89,2025-03-17,Summer Sale,Google Search,South,Desktop,New
2046,2025-03-17,Mega Clearance,LinkedIn,West,Tablet,New
1125,2025-03-17,Diwali Bonanza,LinkedIn,Central,Desktop,Loyal
6483,2025-03-17,Mega Clearance,Instagram,East,Tablet,Returning
3462,2025-03-17,Winter Sale,Google Search,West,Mobile,Premium
9759,2025-03-17,Diwali Bonanza,Facebook,North,Mobile,Premium
9037,2025-03-17,Weekend Special,YouTube,South,Mobile,Loyal
1260,2025-03-17,Back to School,Instagram,West,Mobile,Returning
4268,2025-03-17,Winter Sale,Instagram,North,Desktop,Loyal
2082,2025-03-17,Flash Sale,Facebook,South,Desktop,Loyal
1758,2025-03-17,Mega Clearance,Instagram,South,Tablet,New
2450,2025-03-17,Mega Clearance,Instagram,West,Desktop,Returning
1591,2025-03-17,Festive Combo,Instagram,Central,Desktop,Premium
6672,2025-03-17,Festive Combo,LinkedIn,East,Mobile,New
3011,2025-03-17,Winter Sale,LinkedIn,South,Mobile,New
220,2025-03-17,Mega Clearance,Google Search,East,Mobile,Returning
1507,2025-03-17,Flash Sale,LinkedIn,North,Mobile,New
4304,2025-03-17,Diwali Bonanza,LinkedIn,South,Desktop,Returning
5020,2025-03-17,Black Friday,Instagram,West,Desktop,New
3428,2025-03-17,Mega Clearance,Google Search,North,Desktop,New
1366,2025-03-17,Black Friday,Facebook,East,Desktop,Loyal
5395,2025-03-18,Summer Sale,LinkedIn,West,Desktop,Premium
9454,2025-03-18,Mega Clearance,Instagram,West,Desktop,New
7313,2025-03-18,Summer Sale,Email,East,Tablet,Returning
3439,2025-03-18,Winter Sale,Instagram,Central,Mobile,Returning
4183,2025-03-18,Summer Sale,Facebook,East,Tablet,New
748,2025-03-18,Weekend Special,Email,North,Mobile,Returning
733,2025-03-18,Winter Sale,Email,North,Tablet,New
6045,2025-03-18,Summer Sale,Email,West,Desktop,Premium
6300,2025-03-18,Weekend Special,Facebook,South,Desktop,Returning
4594,2025-03-18,Winter Sale,LinkedIn,Central,Desktop,New
8513,2025-03-18,Flash Sale,LinkedIn,East,Desktop,New
1443,2025-03-18,Diwali Bonanza,YouTube,East,Mobile,Loyal
1420,2025-03-18,Summer Sale,Facebook,South,Mobile,Loyal
6333,2025-03-18,Summer Sale,Facebook,West,Mobile,Loyal
4784,2025-03-18,New Year Blast,Instagram,West,Mobile,Premium
2998,2025-03-18,Weekend Special,LinkedIn,West,Mobile,Returning
7779,2025-03-18,Back to School,Email,Central,Mobile,Loyal
4129,2025-03-18,Weekend Special,LinkedIn,West,Tablet,Returning
5151,2025-03-18,Diwali Bonanza,Facebook,South,Mobile,Loyal
5690,2025-03-18,Summer Sale,Facebook,South,Tablet,New
367,2025-03-18,Mega Clearance,Email,South,Desktop,Premium
8821,2025-03-18,Mega Clearance,Email,West,Desktop,New
175,2025-03-18,Festive Combo,Email,West,Desktop,Premium
2758,2025-03-19,Mega Clearance,Facebook,South,Mobile,New
4123,2025-03-19,Flash Sale,Instagram,Central,Desktop,Returning
8610,2025-03-19,Black Friday,Facebook,North,Tablet,Premium
9083,2025-03-19,Back to School,YouTube,Central,Desktop,New
7614,2025-03-19,Weekend Special,Google Search,South,Mobile,Loyal
660,2025-03-19,Winter Sale,Google Search,East,Tablet,Loyal
8781,2025-03-19,Black Friday,LinkedIn,North,Desktop,Premium
2565,2025-03-19,Weekend Special,Email,West,Mobile,Premium
2291,2025-03-19,Summer Sale,Instagram,Central,Tablet,Loyal
6869,2025-03-19,Summer Sale,Email,Central,Tablet,Premium
1419,2025-03-19,Weekend Special,YouTube,West,Mobile,Returning
3638,2025-03-19,Flash Sale,Email,North,Desktop,Premium
1479,2025-03-19,Weekend Special,Email,North,Tablet,New
3977,2025-03-19,Flash Sale,LinkedIn,East,Tablet,Loyal
9655,2025-03-19,Festive Combo,Facebook,East,Tablet,Returning
2230,2025-03-19,Summer Sale,Email,Central,Desktop,Loyal
4716,2025-03-19,Diwali Bonanza,Facebook,West,Tablet,New
268,2025-03-19,Festive Combo,Google Search,West,Desktop,Premium
5084,2025-03-19,Diwali Bonanza,Instagram,South,Tablet,Loyal
7984,2025-03-19,Black Friday,Instagram,West,Tablet,Premium
2705,2025-03-19,Flash Sale,Instagram,West,Mobile,Returning
2709,2025-03-19,Black Friday,Instagram,North,Desktop,Premium
1487,2025-03-19,Weekend Special,LinkedIn,South,Mobile,Loyal
2251,2025-03-19,Festive Combo,Facebook,West,Desktop,Returning
5763,2025-03-19,New Year Blast,Instagram,West,Desktop,New
8871,2025-03-19,Weekend Special,Google Search,East,Desktop,Loyal
6227,2025-03-19,Black Friday,LinkedIn,West,Desktop,New
4844,2025-03-20,New Year Blast,Facebook,West,Desktop,Returning
6707,2025-03-20,Flash Sale,Email,North,Tablet,Loyal
8383,2025-03-20,Black Friday,Email,West,Desktop,Loyal
7210,2025-03-20,Diwali Bonanza,Email,West,Tablet,Premium
1943,2025-03-20,Mega Clearance,YouTube,West,Mobile,New
2577,2025-03-20,Winter Sale,YouTube,East,Desktop,New
2734,2025-03-20,Mega Clearance,Facebook,North,Mobile,New
27,2025-03-20,Back to School,Facebook,Central,Tablet,New
8034,2025-03-20,Winter Sale,Facebook,Central,Desktop,New
5301,2025-03-20,Festive Combo,Instagram,South,Tablet,Returning
3483,2025-03-20,Weekend Special,Instagram,North,Desktop,Returning
21,2025-03-20,Diwali Bonanza,YouTube,West,Tablet,New
6070,2025-03-20,Weekend Special,Instagram,South,Desktop,New
653,2025-03-20,Summer Sale,Instagram,North,Desktop,New
2975,2025-03-20,Flash Sale,Instagram,West,Tablet,Premium
3728,2025-03-20,Winter Sale,Email,Central,Desktop,Premium
1334,2025-03-20,New Year Blast,Email,Central,Mobile,New
1668,2025-03-20,Festive Combo,Instagram,South,Mobile,New
7986,2025-03-20,New Year Blast,Google Search,North,Desktop,New
9662,2025-03-20,Summer Sale,Facebook,South,Mobile,Premium
7725,2025-03-21,Festive Combo,Email,West,Mobile,Loyal
4250,2025-03-21,Diwali Bonanza,Facebook,Central,Tablet,Loyal
8977,2025-03-21,Summer Sale,Google Search,Central,Desktop,Premium
7496,2025-03-21,New Year Blast,YouTube,East,Mobile,Loyal
1953,2025-03-21,Winter Sale,Instagram,West,Mobile,Loyal
7024,2025-03-21,Festive Combo,Email,Central,Desktop,Returning
4485,2025-03-21,Black Friday,LinkedIn,East,Mobile,New
4919,2025-03-21,Weekend Special,Facebook,East,Tablet,Premium
47,2025-03-21,Black Friday,Instagram,South,Mobile,New
8645,2025-03-21,Festive Combo,Email,Central,Mobile,New
2350,2025-03-21,Weekend Special,Email,South,Tablet,Loyal
248,2025-03-21,Diwali Bonanza,Email,North,Tablet,New
6630,2025-03-21,Flash Sale,Email,Central,Mobile,New
6986,2025-03-21,Back to School,LinkedIn,West,Desktop,New
7895,2025-03-21,Black Friday,YouTube,East,Desktop,Returning
6064,2025-03-21,New Year Blast,Instagram,South,Desktop,Loyal
1879,2025-03-21,Festive Combo,Facebook,West,Desktop,Returning
894,2025-03-21,Winter Sale,Google Search,North,Tablet,Loyal
9984,2025-03-21,Winter Sale,Facebook,Central,Mobile,Returning
1703,2025-03-21,Festive Combo,Google Search,West,Desktop,New
8557,2025-03-21,Weekend Special,Facebook,North,Tablet,New
1300,2025-03-21,Weekend Special,Facebook,South,Tablet,New
3411,2025-03-21,Summer Sale,Facebook,West,Mobile,Loyal
7945,2025-03-22,Weekend Special,Facebook,North,Tablet,Loyal
3438,2025-03-22,Festive Combo,Instagram,West,Desktop,Loyal
9426,2025-03-22,Black Friday,Instagram,West,Tablet,New
650,2025-03-22,Summer Sale,Google Search,East,Mobile,Returning
7016,2025-03-22,Back to School,Instagram,East,Tablet,Returning
6569,2025-03-22,Festive Combo,LinkedIn,North,Mobile,New
2538,2025-03-22,Winter Sale,Google Search,East,Mobile,New
4309,2025-03-22,Mega Clearance,Email,East,Mobile,Premium
634,2025-03-22,Flash Sale,YouTube,West,Tablet,Premium
1647,2025-03-22,Winter Sale,Facebook,Central,Desktop,Loyal
9016,2025-03-22,Back to School,YouTube,West,Tablet,Loyal
6472,2025-03-22,Festive Combo,YouTube,West,Tablet,Premium
2271,2025-03-22,Weekend Special,LinkedIn,South,Desktop,Returning
1218,2025-03-22,Summer Sale,LinkedIn,Central,Mobile,New
5820,2025-03-22,Diwali Bonanza,Instagram,South,Desktop,Premium
4454,2025-03-22,Summer Sale,Facebook,Central,Tablet,Returning
7954,2025-03-22,Mega Clearance,YouTube,North,Tablet,New
5846,2025-03-22,Back to School,YouTube,North,Desktop,New
7901,2025-03-22,Flash Sale,Email,East,Tablet,Loyal
6224,2025-03-22,Black Friday,Google Search,Central,Mobile,New
4653,2025-03-22,Weekend Special,Email,Central,Tablet,New
350,2025-03-22,Festive Combo,LinkedIn,West,Desktop,Returning
8049,2025-03-22,Flash Sale,LinkedIn,Central,Desktop,New
4264,2025-03-22,New Year Blast,Facebook,North,Tablet,Returning
7521,2025-03-22,Summer Sale,Email,Central,Desktop,Loyal
3870,2025-03-22,Diwali Bonanza,Google Search,South,Mobile,Premium
9185,2025-03-22,Black Friday,Google Search,East,Tablet,Loyal
2425,2025-03-22,Diwali Bonanza,LinkedIn,East,Mobile,Premium
2713,2025-03-23,Weekend Special,Email,West,Tablet,Premium
7165,2025-03-23,Summer Sale,Facebook,East,Tablet,Premium
549,2025-03-23,New Year Blast,Google Search,East,Desktop,New
9981,2025-03-23,Back to School,Facebook,Central,Tablet,Loyal
3073,2025-03-23,Mega Clearance,Email,South,Mobile,Premium
3484,2025-03-23,Back to School,Email,South,Tablet,Loyal
6567,2025-03-23,New Year Blast,Instagram,Central,Desktop,New
3594,2025-03-23,Flash Sale,Email,West,Mobile,Returning
8354,2025-03-23,New Year Blast,Google Search,North,Desktop,New
7780,2025-03-23,Summer Sale,LinkedIn,East,Tablet,Premium
6055,2025-03-23,Diwali Bonanza,LinkedIn,North,Mobile,Returning
6500,2025-03-23,Summer Sale,Instagram,West,Desktop,Loyal
6611,2025-03-23,Mega Clearance,Facebook,South,Tablet,Loyal
3290,2025-03-23,Diwali Bonanza,Google Search,East,Mobile,Returning
8723,2025-03-23,Flash Sale,Instagram,Central,Tablet,Loyal
5715,2025-03-23,Flash Sale,Facebook,East,Tablet,New
3460,2025-03-23,Summer Sale,YouTube,East,Mobile,New
4326,2025-03-23,Mega Clearance,Google Search,West,Mobile,Premium
2010,2025-03-23,Weekend Special,YouTube,East,Mobile,Returning
3173,2025-03-23,Summer Sale,Facebook,West,Tablet,Returning
7491,2025-03-23,Flash Sale,Instagram,Central,Tablet,Premium
7413,2025-03-23,Winter Sale,Google Search,Central,Mobile,Loyal
2436,2025-03-23,Black Friday,LinkedIn,North,Mobile,New
9179,2025-03-23,New Year Blast,Email,West,Desktop,Premium
3153,2025-03-23,Winter Sale,Email,South,Tablet,Loyal
8470,2025-03-23,Festive Combo,Email,North,Desktop,Returning
6023,2025-03-23,Festive Combo,Facebook,East,Tablet,Premium
2571,2025-03-23,Flash Sale,LinkedIn,Central,Mobile,Returning
7249,2025-03-23,Summer Sale,Google Search,West,Mobile,New
3881,2025-03-23,Black Friday,Facebook,South,Tablet,Returning
6345,2025-03-23,Weekend Special,Facebook,West,Mobile,Returning
8858,2025-03-23,Flash Sale,YouTube,East,Tablet,New
5238,2025-03-23,Diwali Bonanza,Google Search,North,Mobile,Returning
5056,2025-03-23,Flash Sale,Google Search,West,Mobile,Premium
3619,2025-03-24,New Year Blast,YouTube,West,Mobile,New
9994,2025-03-24,Black Friday,Email,Central,Tablet,Loyal
9272,2025-03-24,Mega Clearance,Instagram,West,Mobile,Loyal
787,2025-03-24,Mega Clearance,Instagram,North,Desktop,Loyal
9801,2025-03-24,Weekend Special,Email,South,Mobile,New
4278,2025-03-24,Black Friday,YouTube,West,Mobile,Returning
7434,2025-03-24,Back to School,Email,South,Tablet,Premium
9290,2025-03-24,Diwali Bonanza,Email,South,Desktop,Premium
2594,2025-03-24,Black Friday,Email,Central,Tablet,Premium
3677,2025-03-24,Back to School,Google Search,North,Desktop,Returning
2921,2025-03-24,Winter Sale,Email,Central,Desktop,Loyal
8501,2025-03-24,Diwali Bonanza,YouTube,West,Desktop,Premium
2692,2025-03-24,Back to School,YouTube,North,Desktop,Premium
4888,2025-03-24,Weekend Special,Email,North,Desktop,New
4232,2025-03-24,Back to School,Instagram,South,Tablet,Premium
1262,2025-03-24,Black Friday,Google Search,North,Desktop,Returning
1066,2025-03-24,New Year Blast,Email,Central,Tablet,Returning
3375,2025-03-24,Summer Sale,Instagram,South,Tablet,Loyal
871,2025-03-24,Flash Sale,YouTube,North,Mobile,Returning
9668,2025-03-24,Winter Sale,YouTube,Central,Desktop,Loyal
8460,2025-03-24,Festive Combo,Instagram,West,Tablet,Loyal
3426,2025-03-24,Flash Sale,Email,North,Tablet,New
8569,2025-03-25,Black Friday,Email,Central,Tablet,Loyal
7318,2025-03-25,New Year Blast,Google Search,Central,Mobile,Loyal
5628,2025-03-25,Winter Sale,Instagram,North,Mobile,Returning
8590,2025-03-25,New Year Blast,Facebook,Central,Desktop,Returning
9963,2025-03-25,Summer Sale,Google Search,East,Mobile,Loyal
6294,2025-03-25,Flash Sale,Instagram,Central,Tablet,Loyal
6908,2025-03-25,Back to School,Email,East,Desktop,New
4343,2025-03-25,New Year Blast,Facebook,West,Mobile,Loyal
8261,2025-03-25,Back to School,Instagram,West,Mobile,Loyal
14,2025-03-25,Festive Combo,LinkedIn,East,Tablet,Returning
3894,2025-03-25,Diwali Bonanza,Instagram,North,Desktop,New
8119,2025-03-25,Flash Sale,Google Search,East,Tablet,Loyal
9321,2025-03-25,Flash Sale,Instagram,Central,Desktop,Premium
1292,2025-03-25,Mega Clearance,Google Search,South,Desktop,Loyal
5737,2025-03-25,Diwali Bonanza,Email,Central,Tablet,Returning
12,2025-03-25,Back to School,Instagram,South,Tablet,Premium
2712,2025-03-25,Flash Sale,Google Search,Central,Tablet,Loyal
2188,2025-03-25,Flash Sale,LinkedIn,South,Mobile,New
6222,2025-03-25,Mega Clearance,Email,Central,Mobile,New
8934,2025-03-25,Weekend Special,YouTube,Central,Tablet,Premium
3706,2025-03-25,Summer Sale,Google Search,South,Tablet,Returning
9855,2025-03-25,New Year Blast,Google Search,South,Mobile,Premium
3254,2025-03-25,Summer Sale,YouTube,West,Mobile,Loyal
3041,2025-03-25,Back to School,Google Search,East,Desktop,New
2381,2025-03-25,Flash Sale,YouTube,Central,Mobile,Loyal
2523,2025-03-25,Black Friday,Google Search,West,Tablet,Premium
4212,2025-03-25,Back to School,Google Search,South,Desktop,Returning
7134,2025-03-25,Winter Sale,Instagram,South,Mobile,Returning
7363,2025-03-25,Summer Sale,Google Search,North,Desktop,New
7291,2025-03-25,Festive Combo,Facebook,West,Tablet,Loyal
2991,2025-03-25,Mega Clearance,LinkedIn,North,Desktop,New
7285,2025-03-25,Weekend Special,Instagram,West,Desktop,Loyal
6868,2025-03-25,Summer Sale,Google Search,West,Desktop,New
368,2025-03-25,Flash Sale,Email,East,Tablet,Premium
6449,2025-03-25,Winter Sale,Google Search,South,Mobile,Returning
6114,2025-03-26,Winter Sale,Facebook,East,Tablet,Loyal
5068,2025-03-26,Back to School,Facebook,Central,Desktop,Premium
5174,2025-03-26,Summer Sale,Google Search,West,Mobile,Premium
8334,2025-03-26,Weekend Special,LinkedIn,West,Desktop,Loyal
720,2025-03-26,Flash Sale,Google Search,South,Mobile,Returning
4581,2025-03-26,Summer Sale,YouTube,South,Tablet,New
8768,2025-03-26,Summer Sale,Facebook,North,Desktop,Loyal
8920,2025-03-26,Diwali Bonanza,YouTube,Central,Mobile,New
4769,2025-03-26,Winter Sale,Email,North,Desktop,New
9989,2025-03-26,Back to School,Google Search,South,Tablet,Returning
7961,2025-03-26,New Year Blast,YouTube,East,Tablet,New
203,2025-03-26,New Year Blast,LinkedIn,East,Tablet,Premium
5416,2025-03-26,Black Friday,YouTube,South,Mobile,Returning
9356,2025-03-26,Mega Clearance,LinkedIn,North,Tablet,Returning
5919,2025-03-26,Diwali Bonanza,Instagram,South,Tablet,Loyal
7274,2025-03-26,Weekend Special,YouTube,South,Mobile,Loyal
8575,2025-03-26,Festive Combo,Instagram,West,Tablet,Loyal
5728,2025-03-27,Flash Sale,LinkedIn,South,Mobile,Premium
8722,2025-03-27,Mega Clearance,Google Search,South,Mobile,New
578,2025-03-27,Back to School,Facebook,East,Tablet,New
2072,2025-03-27,Diwali Bonanza,Instagram,West,Mobile,New
848,2025-03-27,New Year Blast,Facebook,Central,Desktop,New
7063,2025-03-27,Black Friday,Google Search,Central,Tablet,New
917,2025-03-27,Back to School,LinkedIn,Central,Tablet,Loyal
1702,2025-03-27,Festive Combo,LinkedIn,West,Tablet,Loyal
4115,2025-03-27,Summer Sale,Instagram,North,Tablet,Returning
6545,2025-03-27,Winter Sale,Email,South,Desktop,Returning
3574,2025-03-27,Diwali Bonanza,Google Search,North,Mobile,New
5653,2025-03-27,Flash Sale,YouTube,Central,Mobile,Premium
3733,2025-03-27,Festive Combo,Facebook,South,Mobile,Loyal
3689,2025-03-27,Flash Sale,Google Search,South,Mobile,Loyal
1675,2025-03-27,Summer Sale,LinkedIn,Central,Mobile,Premium
4167,2025-03-27,Black Friday,YouTube,West,Tablet,Returning
1863,2025-03-27,Mega Clearance,Instagram,South,Desktop,New
5675,2025-03-27,Back to School,Instagram,East,Mobile,New
9145,2025-03-27,Winter Sale,Instagram,East,Mobile,Premium
9131,2025-03-27,Mega Clearance,YouTube,North,Desktop,Premium
451,2025-03-28,Diwali Bonanza,YouTube,Central,Desktop,Returning
3074,2025-03-28,Diwali Bonanza,YouTube,Central,Tablet,New
9921,2025-03-28,Winter Sale,Google Search,East,Mobile,New
7647,2025-03-28,Festive Combo,Instagram,Central,Desktop,Returning
1667,2025-03-28,Winter Sale,YouTube,North,Tablet,Premium
5153,2025-03-28,Summer Sale,Google Search,West,Tablet,Returning
2343,2025-03-28,Summer Sale,Facebook,East,Desktop,New
3076,2025-03-28,Weekend Special,Facebook,West,Mobile,Premium
6867,2025-03-28,Flash Sale,Instagram,South,Mobile,New
6035,2025-03-28,Diwali Bonanza,Email,South,Tablet,New
3652,2025-03-28,Summer Sale,LinkedIn,Central,Desktop,Returning
2442,2025-03-28,Back to School,LinkedIn,East,Mobile,Returning
5680,2025-03-28,Winter Sale,Facebook,North,Desktop,New
1745,2025-03-28,Festive Combo,Google Search,West,Tablet,Returning
483,2025-03-28,Diwali Bonanza,Instagram,East,Desktop,Loyal
263,2025-03-28,Winter Sale,Email,North,Tablet,Returning
3268,2025-03-28,Mega Clearance,Instagram,North,Mobile,Loyal
9789,2025-03-28,Mega Clearance,Facebook,North,Tablet,New
9589,2025-03-28,Diwali Bonanza,Email,North,Tablet,Loyal
7039,2025-03-28,Weekend Special,YouTube,South,Desktop,Loyal
4706,2025-03-28,Flash Sale,Google Search,East,Tablet,Loyal
6383,2025-03-29,Black Friday,Instagram,Central,Desktop,Premium
6107,2025-03-29,New Year Blast,YouTube,North,Tablet,Premium
4808,2025-03-29,Winter Sale,Google Search,West,Tablet,New
5927,2025-03-29,Back to School,Email,North,Tablet,Returning
3003,2025-03-29,Flash Sale,LinkedIn,North,Desktop,Premium
9930,2025-03-29,Weekend Special,Instagram,Central,Mobile,Loyal
4025,2025-03-29,Diwali Bonanza,Email,East,Mobile,Premium
4054,2025-03-29,New Year Blast,LinkedIn,East,Tablet,Premium
7658,2025-03-29,Winter Sale,Google Search,Central,Mobile,Loyal
3616,2025-03-29,Black Friday,Facebook,East,Desktop,Returning
5150,2025-03-29,Mega Clearance,Google Search,West,Tablet,Premium
1114,2025-03-29,New Year Blast,Instagram,Central,Tablet,Returning
8194,2025-03-29,Black Friday,Facebook,South,Mobile,Returning
4476,2025-03-29,Festive Combo,LinkedIn,West,Mobile,New
3172,2025-03-29,Weekend Special,Email,East,Desktop,Premium
6170,2025-03-29,Weekend Special,Instagram,West,Mobile,Premium
2716,2025-03-29,Summer Sale,Email,East,Desktop,Returning
1870,2025-03-29,Black Friday,Google Search,Central,Mobile,Premium
189,2025-03-29,Diwali Bonanza,Google Search,Central,Desktop,Returning
5695,2025-03-29,Flash Sale,YouTube,Central,Desktop,Premium
1991,2025-03-29,Mega Clearance,LinkedIn,South,Tablet,Loyal
8830,2025-03-29,Summer Sale,LinkedIn,South,Desktop,Loyal
8195,2025-03-29,Summer Sale,Email,West,Mobile,Premium
6048,2025-03-30,Summer Sale,Google Search,South,Tablet,Returning
5175,2025-03-30,Mega Clearance,Facebook,Central,Mobile,Loyal
4399,2025-03-30,Black Friday,Instagram,West,Mobile,Loyal
9876,2025-03-30,Mega Clearance,Instagram,West,Desktop,Premium
4376,2025-03-30,Summer Sale,YouTube,Central,Desktop,Loyal
8783,2025-03-30,Back to School,Facebook,East,Desktop,Returning
9775,2025-03-30,Weekend Special,Instagram,East,Desktop,New
4380,2025-03-30,Diwali Bonanza,Instagram,North,Mobile,Returning
148,2025-03-30,Weekend Special,Google Search,South,Mobile,Loyal
6285,2025-03-30,Festive Combo,Email,East,Tablet,Premium
7111,2025-03-30,Flash Sale,Facebook,East,Tablet,Returning
6207,2025-03-30,Winter Sale,Facebook,East,Desktop,New
3930,2025-03-30,Mega Clearance,YouTube,East,Tablet,Returning
4410,2025-03-30,New Year Blast,YouTube,South,Mobile,Returning
5954,2025-03-30,Black Friday,YouTube,North,Mobile,Returning
2339,2025-03-30,Summer Sale,Instagram,East,Tablet,Premium
4658,2025-03-30,Diwali Bonanza,Instagram,West,Tablet,Loyal
2885,2025-03-30,Flash Sale,Email,Central,Mobile,Returning
4831,2025-03-30,New Year Blast,Email,Central,Desktop,Loyal
2637,2025-03-30,Black Friday,YouTube,Central,Desktop,Returning
3558,2025-03-30,New Year Blast,Instagram,East,Tablet,Premium
4338,2025-03-30,Summer Sale,Facebook,South,Desktop,New
4337,2025-03-30,Diwali Bonanza,Instagram,South,Mobile,Returning
6166,2025-03-30,Black Friday,YouTube,South,Desktop,Loyal
5205,2025-03-30,Black Friday,Instagram,South,Tablet,New
7340,2025-03-30,New Year Blast,LinkedIn,South,Desktop,Returning
5112,2025-03-30,Weekend Special,YouTube,South,Desktop,Premium
5664,2025-03-30,Diwali Bonanza,YouTube,North,Desktop,Returning
9743,2025-03-30,New Year Blast,Email,East,Mobile,Returning
9688,2025-03-30,Mega Clearance,Facebook,South,Tablet,Returning
3704,2025-03-30,Weekend Special,Instagram,East,Desktop,New
4126,2025-03-30,Flash Sale,Google Search,North,Tablet,New
1120,2025-03-30,Winter Sale,YouTube,Central,Desktop,New
6154,2025-03-31,Weekend Special,Email,South,Tablet,Premium
5621,2025-03-31,Winter Sale,LinkedIn,Central,Tablet,New
9344,2025-03-31,Festive Combo,Google Search,East,Mobile,Premium
875,2025-03-31,Festive Combo,LinkedIn,North,Mobile,Premium
5419,2025-03-31,Diwali Bonanza,Google Search,East,Mobile,Premium
825,2025-03-31,Mega Clearance,Google Search,East,Mobile,Returning
8101,2025-03-31,Flash Sale,Google Search,Central,Mobile,New
255,2025-03-31,Diwali Bonanza,LinkedIn,Central,Tablet,Returning
5752,2025-03-31,Weekend Special,LinkedIn,Central,Tablet,Returning
4306,2025-03-31,Diwali Bonanza,LinkedIn,North,Mobile,New
4932,2025-03-31,Winter Sale,YouTube,Central,Tablet,Returning
3809,2025-03-31,Winter Sale,Instagram,North,Desktop,Premium
2678,2025-03-31,Back to School,LinkedIn,South,Tablet,New
1092,2025-03-31,Winter Sale,Instagram,North,Mobile,New
635,2025-03-31,Weekend Special,YouTube,Central,Desktop,Returning
393,2025-03-31,Flash Sale,Facebook,North,Desktop,Loyal
8178,2025-03-31,Festive Combo,YouTube,West,Mobile,Returning
3569,2025-03-31,New Year Blast,Facebook,South,Tablet,Returning
9965,2025-03-31,Winter Sale,Google Search,West,Desktop,New
5976,2025-03-31,Back to School,YouTube,South,Tablet,Premium
1082,2025-03-31,Black Friday,Instagram,East,Tablet,Loyal
399,2025-03-31,Mega Clearance,YouTube,West,Desktop,Premium
4420,2025-03-31,Winter Sale,LinkedIn,East,Mobile,Premium
1476,2025-03-31,Weekend Special,Google Search,North,Desktop,Loyal
1041,2025-04-01,Festive Combo,Email,West,Tablet,Premium
5788,2025-04-01,Weekend Special,Google Search,North,Desktop,Returning
3751,2025-04-01,Back to School,Instagram,East,Mobile,New
7572,2025-04-01,Back to School,LinkedIn,East,Desktop,Returning
8377,2025-04-01,Flash Sale,Email,East,Tablet,Loyal
855,2025-04-01,Festive Combo,Email,Central,Mobile,New
2435,2025-04-01,Festive Combo,Email,North,Tablet,Premium
631,2025-04-01,Back to School,Google Search,North,Mobile,Returning
4502,2025-04-01,Black Friday,Instagram,West,Tablet,Returning
7826,2025-04-01,Summer Sale,YouTube,East,Desktop,Premium
9726,2025-04-01,Festive Combo,Email,South,Tablet,Returning
3037,2025-04-01,Weekend Special,YouTube,South,Mobile,Loyal
7329,2025-04-01,Flash Sale,Facebook,West,Mobile,Loyal
7610,2025-04-01,Weekend Special,Email,East,Desktop,Loyal
6853,2025-04-01,Summer Sale,Facebook,South,Desktop,New
8720,2025-04-01,Winter Sale,Email,North,Tablet,New
908,2025-04-01,Flash Sale,LinkedIn,South,Tablet,Premium
1881,2025-04-01,Black Friday,Email,West,Tablet,Returning
8655,2025-04-01,New Year Blast,Google Search,North,Mobile,New
5747,2025-04-01,Black Friday,Google Search,West,Tablet,Loyal
467,2025-04-02,Back to School,Google Search,South,Tablet,Returning
7072,2025-04-02,Weekend Special,LinkedIn,East,Mobile,New
7297,2025-04-02,New Year Blast,Google Search,West,Desktop,New
5689,2025-04-02,Weekend Special,LinkedIn,East,Desktop,New
7982,2025-04-02,Back to School,YouTube,Central,Tablet,New
458,2025-04-02,Winter Sale,Google Search,Central,Mobile,Returning
9738,2025-04-02,Diwali Bonanza,Facebook,North,Desktop,Premium
867,2025-04-02,Back to School,Email,Central,Desktop,Premium
588,2025-04-02,Black Friday,Email,North,Desktop,New
9864,2025-04-02,New Year Blast,Email,West,Desktop,Returning
1324,2025-04-02,Summer Sale,YouTube,West,Tablet,New
7268,2025-04-02,Black Friday,Facebook,North,Desktop,New
1898,2025-04-02,Flash Sale,Email,East,Tablet,Returning
9709,2025-04-02,Mega Clearance,Google Search,West,Tablet,Premium
5368,2025-04-02,Weekend Special,LinkedIn,North,Desktop,Returning
2948,2025-04-02,Diwali Bonanza,Email,South,Mobile,New
7336,2025-04-02,New Year Blast,LinkedIn,South,Tablet,New
8658,2025-04-02,Diwali Bonanza,YouTube,East,Tablet,Premium
1605,2025-04-02,Black Friday,Google Search,South,Desktop,New
2421,2025-04-02,Diwali Bonanza,YouTube,West,Tablet,Loyal
6887,2025-04-02,New Year Blast,YouTube,North,Mobile,Returning
1947,2025-04-02,Festive Combo,Instagram,West,Desktop,Loyal
9708,2025-04-03,Back to School,Email,South,Tablet,Loyal
287,2025-04-03,Mega Clearance,Facebook,West,Mobile,Loyal
4353,2025-04-03,Flash Sale,LinkedIn,North,Tablet,Returning
3900,2025-04-03,Diwali Bonanza,Instagram,Central,Mobile,Premium
7930,2025-04-03,Back to School,LinkedIn,East,Desktop,Loyal
1317,2025-04-03,Back to School,LinkedIn,West,Mobile,Returning
4013,2025-04-03,Winter Sale,Email,North,Desktop,Returning
9901,2025-04-03,Back to School,Facebook,North,Mobile,Returning
6530,2025-04-03,Weekend Special,Facebook,North,Tablet,Returning
5591,2025-04-03,Back to School,YouTube,East,Desktop,Premium
2703,2025-04-03,Festive Combo,Google Search,South,Desktop,Returning
8661,2025-04-03,Back to School,Google Search,Central,Tablet,New
1805,2025-04-03,Back to School,YouTube,Central,Tablet,Loyal
8548,2025-04-03,New Year Blast,Email,Central,Mobile,New
9991,2025-04-03,Black Friday,LinkedIn,South,Mobile,Loyal
3283,2025-04-03,Black Friday,YouTube,East,Desktop,Returning
3469,2025-04-03,Black Friday,LinkedIn,Central,Mobile,Premium
9424,2025-04-03,Mega Clearance,Google Search,North,Mobile,Premium
3757,2025-04-03,Flash Sale,Google Search,East,Mobile,Premium
7007,2025-04-03,New Year Blast,YouTube,West,Desktop,Loyal
7558,2025-04-03,Flash Sale,LinkedIn,South,Tablet,Returning
8988,2025-04-03,Back to School,YouTube,West,Mobile,Loyal
816,2025-04-03,Mega Clearance,Google Search,Central,Desktop,New
7681,2025-04-03,Mega Clearance,Email,West,Mobile,Premium
4960,2025-04-03,Black Friday,Google Search,East,Tablet,Returning
8899,2025-04-03,Back to School,Google Search,North,Desktop,Premium
9495,2025-04-03,New Year Blast,LinkedIn,Central,Tablet,Returning
7591,2025-04-03,Black Friday,YouTube,West,Mobile,Returning
9474,2025-04-03,Summer Sale,Email,East,Desktop,New
3827,2025-04-04,Black Friday,Google Search,South,Mobile,Returning
2463,2025-04-04,Black Friday,Facebook,West,Mobile,New
1695,2025-04-04,Festive Combo,YouTube,North,Mobile,Loyal
4319,2025-04-04,New Year Blast,Instagram,West,Tablet,Returning
2669,2025-04-04,Weekend Special,Instagram,South,Tablet,Premium
3755,2025-04-04,Winter Sale,Facebook,North,Desktop,Premium
3434,2025-04-04,Back to School,Email,Central,Tablet,Premium
4486,2025-04-04,Weekend Special,Instagram,Central,Desktop,Loyal
6557,2025-04-04,Black Friday,LinkedIn,East,Desktop,Returning
8480,2025-04-04,Winter Sale,Facebook,North,Tablet,New
5733,2025-04-04,Flash Sale,Instagram,North,Desktop,Loyal
1726,2025-04-04,Weekend Special,Google Search,West,Tablet,Returning
9258,2025-04-04,Summer Sale,Instagram,South,Mobile,New
9866,2025-04-04,Summer Sale,Google Search,North,Tablet,New
7330,2025-04-04,Black Friday,Facebook,East,Desktop,New
6890,2025-04-04,Flash Sale,Instagram,East,Mobile,Loyal
4656,2025-04-04,Festive Combo,LinkedIn,South,Mobile,Returning
3912,2025-04-04,Diwali Bonanza,Google Search,East,Desktop,Returning
739,2025-04-04,Winter Sale,LinkedIn,West,Desktop,Premium
7849,2025-04-04,New Year Blast,Facebook,South,Desktop,Premium
4124,2025-04-04,Diwali Bonanza,Instagram,North,Desktop,Premium
5528,2025-04-04,Flash Sale,Instagram,South,Tablet,Premium
7968,2025-04-04,Winter Sale,Facebook,Central,Mobile,Premium
4438,2025-04-04,Diwali Bonanza,LinkedIn,West,Desktop,Premium
3585,2025-04-04,Summer Sale,Instagram,East,Desktop,Loyal
7970,2025-04-04,Festive Combo,Email,East,Mobile,Loyal
2630,2025-04-04,Winter Sale,Instagram,East,Mobile,Loyal
6057,2025-04-04,Festive Combo,Google Search,East,Desktop,Premium
3066,2025-04-04,Mega Clearance,Facebook,Central,Mobile,Returning
6133,2025-04-04,Festive Combo,Instagram,North,Tablet,Returning
940,2025-04-04,Diwali Bonanza,Instagram,North,Tablet,Loyal
1534,2025-04-04,New Year Blast,Google Search,South,Desktop,Loyal
897,2025-04-04,Weekend Special,Instagram,West,Mobile,Returning
5187,2025-04-04,Back to School,Google Search,North,Tablet,Premium
6443,2025-04-04,Back to School,Instagram,Central,Tablet,Loyal
3479,2025-04-04,New Year Blast,YouTube,North,Tablet,Loyal
2906,2025-04-04,Festive Combo,Instagram,South,Desktop,Loyal
1112,2025-04-04,Back to School,Instagram,West,Desktop,New
5470,2025-04-04,New Year Blast,Google Search,West,Desktop,Premium
8063,2025-04-04,Black Friday,YouTube,West,Desktop,New
6648,2025-04-05,Back to School,Instagram,West,Tablet,Loyal
8863,2025-04-05,Festive Combo,YouTube,Central,Mobile,Premium
8072,2025-04-05,Flash Sale,Email,West,Desktop,Premium
1038,2025-04-05,Flash Sale,LinkedIn,West,Mobile,Returning
8237,2025-04-05,Summer Sale,Instagram,East,Mobile,Premium
904,2025-04-05,Festive Combo,LinkedIn,South,Desktop,Premium
5824,2025-04-05,Back to School,Google Search,East,Tablet,New
4314,2025-04-05,Flash Sale,Instagram,West,Mobile,New
1311,2025-04-05,Back to School,Google Search,North,Mobile,Premium
4632,2025-04-05,Flash Sale,YouTube,South,Mobile,Loyal
2121,2025-04-05,Diwali Bonanza,YouTube,South,Mobile,Returning
5600,2025-04-05,Festive Combo,Facebook,Central,Mobile,Loyal
8174,2025-04-05,Back to School,LinkedIn,West,Desktop,Returning
8429,2025-04-05,Summer Sale,Instagram,South,Tablet,Premium
815,2025-04-05,Black Friday,Email,East,Mobile,New
3229,2025-04-05,Black Friday,Instagram,South,Desktop,Loyal
3383,2025-04-05,Black Friday,YouTube,Central,Desktop,New
1032,2025-04-05,Back to School,Facebook,North,Desktop,Loyal
3575,2025-04-05,Black Friday,Facebook,North,Mobile,New
9595,2025-04-05,Festive Combo,Instagram,North,Mobile,Premium
8564,2025-04-05,Festive Combo,LinkedIn,South,Desktop,Returning
8924,2025-04-05,Back to School,LinkedIn,West,Tablet,Loyal
2119,2025-04-05,Black Friday,Email,East,Tablet,Loyal
1089,2025-04-06,Mega Clearance,Google Search,East,Tablet,Premium
5467,2025-04-06,Summer Sale,Instagram,Central,Tablet,New
9285,2025-04-06,Diwali Bonanza,Email,South,Mobile,New
9536,2025-04-06,Winter Sale,YouTube,North,Mobile,Premium
7823,2025-04-06,Winter Sale,Google Search,East,Tablet,Premium
3313,2025-04-06,Weekend Special,Instagram,West,Mobile,Premium
9161,2025-04-06,Festive Combo,Email,Central,Tablet,New
6729,2025-04-06,Mega Clearance,Email,West,Desktop,Loyal
8803,2025-04-06,Weekend Special,Facebook,Central,Mobile,Premium
2555,2025-04-06,New Year Blast,Instagram,West,Tablet,Loyal
8824,2025-04-06,Black Friday,LinkedIn,South,Desktop,Premium
394,2025-04-06,New Year Blast,Google Search,North,Desktop,New
2358,2025-04-06,Back to School,Instagram,South,Desktop,Returning
398,2025-04-06,Summer Sale,YouTube,East,Desktop,Returning
4139,2025-04-06,Winter Sale,Google Search,East,Desktop,Premium
9703,2025-04-06,New Year Blast,LinkedIn,East,Desktop,Loyal
943,2025-04-06,Winter Sale,Instagram,East,Mobile,Loyal
9736,2025-04-06,Festive Combo,Instagram,Central,Desktop,Returning
8507,2025-04-06,Mega Clearance,LinkedIn,West,Mobile,New
6959,2025-04-06,Summer Sale,YouTube,East,Desktop,Premium
9349,2025-04-06,Diwali Bonanza,Google Search,West,Mobile,Premium
7271,2025-04-06,Festive Combo,LinkedIn,South,Desktop,Returning
6590,2025-04-06,Mega Clearance,Google Search,South,Desktop,Loyal
6413,2025-04-06,Diwali Bonanza,Google Search,East,Mobile,Returning
6697,2025-04-06,New Year Blast,Facebook,West,Desktop,Premium
785,2025-04-06,Diwali Bonanza,YouTube,Central,Mobile,Loyal
5857,2025-04-06,Flash Sale,Instagram,North,Mobile,Loyal
7936,2025-04-06,Mega Clearance,Google Search,North,Mobile,Premium
1826,2025-04-06,Flash Sale,Instagram,North,Mobile,Loyal
7462,2025-04-06,Diwali Bonanza,Instagram,East,Mobile,Returning
1727,2025-04-06,Black Friday,Google Search,South,Mobile,Premium
2611,2025-04-06,Weekend Special,Email,West,Tablet,Loyal
2830,2025-04-07,Black Friday,YouTube,West,Mobile,New
6282,2025-04-07,Flash Sale,YouTube,East,Mobile,Returning
6284,2025-04-07,Festive Combo,LinkedIn,North,Mobile,Loyal
3054,2025-04-07,Summer Sale,Email,East,Mobile,Premium
8040,2025-04-07,Black Friday,Instagram,North,Tablet,Returning
2052,2025-04-07,Festive Combo,Google Search,East,Mobile,Premium
6933,2025-04-07,New Year Blast,YouTube,West,Desktop,Returning
2515,2025-04-07,Diwali Bonanza,Facebook,East,Mobile,New
3579,2025-04-07,Back to School,LinkedIn,North,Desktop,New
696,2025-04-07,Diwali Bonanza,Email,South,Mobile,Loyal
1641,2025-04-07,Festive Combo,Google Search,East,Tablet,Loyal
7818,2025-04-07,New Year Blast,Facebook,South,Desktop,Returning
7718,2025-04-07,Mega Clearance,YouTube,South,Desktop,New
6020,2025-04-07,Flash Sale,Email,Central,Tablet,Premium
6624,2025-04-07,Winter Sale,LinkedIn,Central,Tablet,Returning
3867,2025-04-07,New Year Blast,YouTube,East,Desktop,Loyal
8467,2025-04-07,Flash Sale,LinkedIn,Central,Tablet,Returning
2063,2025-04-07,Flash Sale,Facebook,Central,Desktop,Loyal
1595,2025-04-07,Festive Combo,YouTube,West,Tablet,Premium
2646,2025-04-07,Flash Sale,Google Search,East,Mobile,Loyal
4045,2025-04-07,New Year Blast,Instagram,West,Desktop,New
2654,2025-04-07,Winter Sale,Instagram,Central,Tablet,Returning
8409,2025-04-07,Diwali Bonanza,Google Search,Central,Mobile,Returning
6829,2025-04-07,Flash Sale,Email,East,Desktop,Premium
3826,2025-04-07,Summer Sale,Email,Central,Tablet,Premium
5617,2025-04-07,Flash Sale,Email,South,Tablet,Loyal
6803,2025-04-07,Back to School,Email,North,Tablet,Returning
7405,2025-04-07,Festive Combo,Facebook,Central,Mobile,Loyal
423,2025-04-07,Winter Sale,Google Search,West,Tablet,New
7422,2025-04-07,Winter Sale,Facebook,East,Tablet,New
4095,2025-04-07,Weekend Special,Email,North,Mobile,Loyal
6424,2025-04-08,Flash Sale,YouTube,East,Mobile,Premium
7357,2025-04-08,Winter Sale,LinkedIn,North,Mobile,Premium
3864,2025-04-08,Back to School,Email,East,Tablet,Loyal
6852,2025-04-08,Back to School,Facebook,North,Desktop,New
8886,2025-04-08,Mega Clearance,LinkedIn,North,Desktop,Returning
5758,2025-04-08,Festive Combo,Facebook,North,Mobile,Returning
963,2025-04-08,Mega Clearance,Facebook,Central,Desktop,Premium
5911,2025-04-08,Flash Sale,Instagram,North,Tablet,Loyal
9620,2025-04-08,Black Friday,Email,West,Tablet,New
375,2025-04-08,Summer Sale,LinkedIn,East,Desktop,Returning
356,2025-04-08,Diwali Bonanza,LinkedIn,Central,Desktop,Loyal
6875,2025-04-08,Diwali Bonanza,YouTube,North,Tablet,New
1094,2025-04-08,Back to School,LinkedIn,Central,Desktop,Premium
8032,2025-04-08,New Year Blast,Facebook,East,Desktop,Premium
4739,2025-04-08,Back to School,Instagram,West,Mobile,Loyal
5070,2025-04-08,Summer Sale,Email,Central,Desktop,Returning
5834,2025-04-08,Winter Sale,Facebook,West,Mobile,Loyal
7166,2025-04-08,Back to School,Google Search,West,Desktop,Premium
3352,2025-04-08,Winter Sale,Facebook,South,Tablet,Returning
7967,2025-04-08,Summer Sale,LinkedIn,Central,Desktop,Loyal
5719,2025-04-08,New Year Blast,Facebook,East,Desktop,Loyal
8447,2025-04-08,Flash Sale,Instagram,South,Desktop,Premium
9450,2025-04-08,Back to School,LinkedIn,West,Tablet,New
7602,2025-04-08,Back to School,YouTube,East,Tablet,New
1403,2025-04-08,New Year Blast,Instagram,West,Desktop,Returning
4617,2025-04-08,Diwali Bonanza,YouTube,Central,Tablet,Loyal
7948,2025-04-08,Festive Combo,LinkedIn,South,Mobile,Loyal
7236,2025-04-09,Black Friday,Instagram,East,Desktop,Loyal
5329,2025-04-09,Festive Combo,Google Search,East,Desktop,Returning
3857,2025-04-09,New Year Blast,YouTube,West,Desktop,Premium
8478,2025-04-09,New Year Blast,LinkedIn,East,Tablet,Loyal
7703,2025-04-09,Festive Combo,YouTube,South,Mobile,Premium
9074,2025-04-09,Festive Combo,Instagram,South,Desktop,Returning
9522,2025-04-09,Mega Clearance,Facebook,North,Desktop,New
1039,2025-04-09,Black Friday,Google Search,West,Mobile,Premium
8529,2025-04-09,New Year Blast,LinkedIn,West,Tablet,Premium
4997,2025-04-09,Summer Sale,Google Search,North,Tablet,Returning
9509,2025-04-09,Flash Sale,Instagram,South,Desktop,Premium
4832,2025-04-09,New Year Blast,Facebook,North,Tablet,Premium
135,2025-04-09,Black Friday,YouTube,West,Desktop,Premium
948,2025-04-09,New Year Blast,LinkedIn,North,Mobile,Returning
1858,2025-04-09,Festive Combo,Google Search,North,Tablet,Premium
7053,2025-04-09,New Year Blast,Google Search,East,Tablet,Premium
1212,2025-04-09,Winter Sale,Email,North,Tablet,Premium
1992,2025-04-09,Mega Clearance,YouTube,West,Mobile,Loyal
8115,2025-04-09,Back to School,LinkedIn,West,Desktop,Premium
9416,2025-04-09,Mega Clearance,LinkedIn,East,Desktop,Returning
8577,2025-04-09,Black Friday,Google Search,West,Tablet,Returning
5633,2025-04-09,Summer Sale,Instagram,West,Tablet,Loyal
1845,2025-04-09,Diwali Bonanza,LinkedIn,North,Tablet,Returning
9518,2025-04-09,Flash Sale,LinkedIn,Central,Tablet,Returning
4826,2025-04-09,Black Friday,YouTube,South,Desktop,Returning
459,2025-04-09,Mega Clearance,Email,East,Desktop,Premium
8097,2025-04-09,Black Friday,Facebook,North,Desktop,Loyal
8585,2025-04-09,Winter Sale,Email,North,Desktop,Returning
1100,2025-04-09,New Year Blast,Instagram,Central,Desktop,Loyal
8833,2025-04-10,Winter Sale,YouTube,North,Desktop,Premium
1928,2025-04-10,New Year Blast,Google Search,North,Mobile,Premium
6343,2025-04-10,Diwali Bonanza,LinkedIn,West,Mobile,Returning
7042,2025-04-10,Diwali Bonanza,YouTube,West,Tablet,Returning
7720,2025-04-10,Flash Sale,Google Search,North,Desktop,Premium
4036,2025-04-10,Winter Sale,Email,South,Desktop,New
8059,2025-04-10,Winter Sale,Google Search,East,Desktop,Returning
5557,2025-04-10,Flash Sale,Facebook,South,Mobile,Premium
3933,2025-04-10,Black Friday,YouTube,North,Mobile,New
1076,2025-04-10,Summer Sale,Google Search,North,Desktop,New
7046,2025-04-10,New Year Blast,YouTube,Central,Desktop,Loyal
4256,2025-04-10,Diwali Bonanza,Facebook,West,Mobile,Returning
5576,2025-04-10,Mega Clearance,Google Search,North,Desktop,Returning
9940,2025-04-10,Weekend Special,Instagram,West,Mobile,Returning
876,2025-04-10,Summer Sale,Email,Central,Tablet,Returning
4948,2025-04-10,Festive Combo,YouTube,West,Tablet,Returning
2213,2025-04-10,Mega Clearance,Instagram,South,Desktop,Returning
4611,2025-04-10,Back to School,YouTube,Central,Desktop,Premium
8570,2025-04-10,Flash Sale,Email,North,Tablet,Premium
707,2025-04-10,Weekend Special,Google Search,West,Tablet,Premium
7301,2025-04-10,Winter Sale,Facebook,East,Mobile,Loyal
6464,2025-04-10,Summer Sale,Google Search,West,Desktop,Loyal
1572,2025-04-10,Back to School,Google Search,Central,Mobile,Returning
9434,2025-04-10,Weekend Special,Facebook,East,Desktop,Loyal
784,2025-04-10,New Year Blast,LinkedIn,South,Tablet,New
2334,2025-04-10,Mega Clearance,YouTube,North,Desktop,Premium
3217,2025-04-10,Back to School,Instagram,South,Desktop,Returning
5381,2025-04-10,Flash Sale,Facebook,East,Desktop,Premium
5830,2025-04-10,Flash Sale,Google Search,East,Mobile,Loyal
8804,2025-04-10,Summer Sale,LinkedIn,West,Mobile,New
3715,2025-04-10,Summer Sale,Facebook,Central,Mobile,Loyal
8077,2025-04-10,Mega Clearance,Google Search,Central,Mobile,New
2279,2025-04-10,Mega Clearance,Instagram,East,Desktop,New
5083,2025-04-10,New Year Blast,Instagram,North,Mobile,Premium
3185,2025-04-10,Weekend Special,Instagram,Central,Desktop,New
4040,2025-04-11,Summer Sale,Instagram,Central,Desktop,Returning
6599,2025-04-11,Mega Clearance,Email,West,Desktop,New
4132,2025-04-11,Flash Sale,Email,Central,Mobile,New
5028,2025-04-11,Flash Sale,YouTube,South,Tablet,Returning
5581,2025-04-11,Summer Sale,YouTube,North,Desktop,Returning
3137,2025-04-11,Flash Sale,Instagram,West,Tablet,Loyal
7104,2025-04-11,Flash Sale,Email,West,Mobile,Loyal
5047,2025-04-11,Summer Sale,Email,North,Mobile,Loyal
592,2025-04-11,Weekend Special,Facebook,South,Mobile,Loyal
9770,2025-04-11,Back to School,Instagram,West,Tablet,New
5259,2025-04-11,Weekend Special,Email,West,Tablet,Premium
6909,2025-04-11,Black Friday,YouTube,North,Tablet,Premium
6791,2025-04-11,Diwali Bonanza,LinkedIn,West,Tablet,Returning
9294,2025-04-11,Festive Combo,Instagram,North,Desktop,Returning
448,2025-04-11,Back to School,Facebook,West,Tablet,Returning
4226,2025-04-11,Weekend Special,Email,North,Tablet,Returning
5384,2025-04-11,Black Friday,Instagram,West,Tablet,Loyal
2141,2025-04-11,New Year Blast,LinkedIn,West,Tablet,Premium
2468,2025-04-11,Festive Combo,Google Search,West,Mobile,Loyal
4404,2025-04-11,Festive Combo,Facebook,West,Desktop,Loyal
9286,2025-04-11,Weekend Special,Instagram,South,Tablet,Returning
6904,2025-04-12,Back to School,LinkedIn,West,Tablet,Loyal
8443,2025-04-12,Flash Sale,Google Search,West,Mobile,Returning
1020,2025-04-12,Weekend Special,LinkedIn,Central,Tablet,New
9556,2025-04-12,Mega Clearance,Google Search,North,Mobile,New
3364,2025-04-12,Festive Combo,YouTube,South,Tablet,Returning
2911,2025-04-12,New Year Blast,Google Search,West,Tablet,Loyal
7214,2025-04-12,Festive Combo,YouTube,South,Mobile,Loyal
8656,2025-04-12,Winter Sale,Instagram,North,Tablet,Loyal
3322,2025-04-12,Weekend Special,YouTube,East,Tablet,Returning
8204,2025-04-12,Festive Combo,YouTube,East,Tablet,Loyal
3450,2025-04-12,Festive Combo,Email,West,Tablet,New
6589,2025-04-12,Weekend Special,Instagram,West,Tablet,Returning
7467,2025-04-12,Winter Sale,Email,West,Mobile,New
953,2025-04-12,Back to School,Google Search,South,Mobile,Returning
7759,2025-04-12,New Year Blast,Instagram,East,Tablet,New
6190,2025-04-12,Back to School,LinkedIn,West,Mobile,Returning
9200,2025-04-12,Weekend Special,YouTube,West,Desktop,Premium
2740,2025-04-12,Festive Combo,Email,South,Desktop,Premium
2469,2025-04-12,Winter Sale,Email,Central,Mobile,Loyal
2389,2025-04-12,Weekend Special,Email,West,Desktop,New
2650,2025-04-12,New Year Blast,YouTube,West,Desktop,Loyal
1399,2025-04-12,New Year Blast,YouTube,South,Mobile,Loyal
8849,2025-04-12,Weekend Special,YouTube,West,Tablet,New
2550,2025-04-12,Diwali Bonanza,Google Search,South,Tablet,New
2252,2025-04-12,Winter Sale,Email,South,Mobile,Loyal
1220,2025-04-12,Back to School,Facebook,North,Desktop,Returning
5844,2025-04-12,Winter Sale,Email,North,Mobile,New
2031,2025-04-12,Black Friday,Google Search,West,Desktop,New
9490,2025-04-12,Winter Sale,Instagram,North,Tablet,Returning
1699,2025-04-12,Black Friday,LinkedIn,South,Tablet,Returning
9314,2025-04-12,Diwali Bonanza,Google Search,West,Desktop,Premium
4663,2025-04-13,New Year Blast,Email,East,Desktop,Premium
3741,2025-04-13,Weekend Special,Instagram,South,Mobile,Premium
777,2025-04-13,New Year Blast,Facebook,East,Tablet,Premium
3748,2025-04-13,Back to School,Facebook,West,Desktop,Loyal
9313,2025-04-13,Flash Sale,Instagram,South,Desktop,Premium
3790,2025-04-13,Flash Sale,Google Search,North,Mobile,Loyal
2632,2025-04-13,Black Friday,Instagram,North,Desktop,Loyal
3967,2025-04-13,Black Friday,YouTube,Central,Mobile,New
4203,2025-04-13,Diwali Bonanza,Email,West,Mobile,Premium
6575,2025-04-13,Back to School,Email,West,Desktop,Premium
9780,2025-04-13,Black Friday,Email,West,Mobile,Returning
8055,2025-04-13,Winter Sale,YouTube,East,Tablet,New
7877,2025-04-13,Flash Sale,Facebook,North,Mobile,Premium
7523,2025-04-13,Festive Combo,Facebook,East,Desktop,Returning
1284,2025-04-13,Diwali Bonanza,LinkedIn,East,Tablet,Loyal
9744,2025-04-13,Mega Clearance,LinkedIn,West,Tablet,New
2020,2025-04-13,Mega Clearance,Instagram,East,Tablet,New
9444,2025-04-13,Festive Combo,Email,Central,Mobile,Premium
619,2025-04-13,Weekend Special,Facebook,Central,Mobile,Loyal
1957,2025-04-13,Flash Sale,Instagram,North,Desktop,Premium
7205,2025-04-13,Back to School,Google Search,West,Desktop,Loyal
72,2025-04-13,Festive Combo,Instagram,East,Mobile,Returning
1473,2025-04-13,Diwali Bonanza,Email,West,Mobile,Loyal
6766,2025-04-14,Black Friday,Google Search,East,Desktop,Premium
4630,2025-04-14,Weekend Special,Facebook,North,Mobile,New
6075,2025-04-14,Winter Sale,YouTube,West,Desktop,Premium
7601,2025-04-14,Diwali Bonanza,Email,South,Desktop,Loyal
9057,2025-04-14,Mega Clearance,LinkedIn,East,Tablet,New
9251,2025-04-14,Weekend Special,Google Search,West,Tablet,Returning
7612,2025-04-14,Black Friday,Google Search,Central,Desktop,Loyal
7684,2025-04-14,Festive Combo,LinkedIn,North,Desktop,New
8179,2025-04-14,Back to School,YouTube,West,Mobile,Loyal
5122,2025-04-14,Mega Clearance,LinkedIn,Central,Tablet,Premium
1200,2025-04-14,Flash Sale,Instagram,West,Desktop,New
1461,2025-04-14,New Year Blast,Email,West,Mobile,Premium
3261,2025-04-14,Back to School,LinkedIn,North,Desktop,New
1672,2025-04-14,Black Friday,Instagram,South,Mobile,New
5870,2025-04-14,Summer Sale,LinkedIn,Central,Mobile,New
666,2025-04-14,Diwali Bonanza,Email,East,Desktop,New
1889,2025-04-14,Diwali Bonanza,LinkedIn,Central,Desktop,Returning
4703,2025-04-14,Summer Sale,Email,Central,Tablet,Returning
854,2025-04-14,Weekend Special,Email,West,Mobile,New
5698,2025-04-14,Summer Sale,Email,East,Tablet,Loyal
2518,2025-04-14,New Year Blast,Facebook,West,Desktop,Returning
2880,2025-04-14,Diwali Bonanza,Instagram,South,Tablet,Loyal
8463,2025-04-14,Black Friday,Google Search,Central,Desktop,New
6934,2025-04-15,New Year Blast,Instagram,South,Mobile,New
9844,2025-04-15,New Year Blast,YouTube,South,Tablet,New
4555,2025-04-15,Black Friday,Instagram,West,Mobile,Returning
6291,2025-04-15,New Year Blast,Instagram,West,Tablet,Premium
5032,2025-04-15,Black Friday,LinkedIn,West,Tablet,Loyal
4692,2025-04-15,Back to School,LinkedIn,West,Desktop,New
53,2025-04-15,Back to School,Facebook,East,Desktop,Returning
3664,2025-04-15,Mega Clearance,Google Search,North,Desktop,Premium
2810,2025-04-15,Diwali Bonanza,Google Search,North,Desktop,New
1013,2025-04-15,Weekend Special,Email,East,Tablet,Loyal
8850,2025-04-15,Black Friday,YouTube,West,Tablet,Returning
2665,2025-04-15,New Year Blast,LinkedIn,North,Desktop,Loyal
8210,2025-04-15,New Year Blast,Email,North,Tablet,New
2156,2025-04-15,Weekend Special,YouTube,East,Tablet,New
2783,2025-04-15,Diwali Bonanza,Instagram,North,Mobile,Loyal
6799,2025-04-15,Back to School,LinkedIn,South,Tablet,Loyal
61,2025-04-15,New Year Blast,Email,West,Desktop,New
4886,2025-04-15,Diwali Bonanza,YouTube,North,Tablet,Premium
1690,2025-04-15,Summer Sale,Facebook,Central,Desktop,Premium
253,2025-04-15,New Year Blast,Facebook,South,Desktop,Premium
6511,2025-04-15,Black Friday,Google Search,Central,Tablet,Loyal
7206,2025-04-15,Back to School,Google Search,Central,Desktop,New
102,2025-04-16,Flash Sale,LinkedIn,Central,Tablet,New
513,2025-04-16,New Year Blast,YouTube,North,Tablet,New
9702,2025-04-16,Back to School,LinkedIn,South,Mobile,Loyal
6184,2025-04-16,Summer Sale,Google Search,South,Tablet,New
5522,2025-04-16,Flash Sale,YouTube,East,Tablet,New
8842,2025-04-16,New Year Blast,YouTube,West,Mobile,Loyal
5535,2025-04-16,Winter Sale,LinkedIn,East,Tablet,Returning
1103,2025-04-16,Weekend Special,Instagram,Central,Desktop,Premium
534,2025-04-16,Black Friday,Google Search,Central,Desktop,Premium
1482,2025-04-16,Back to School,Facebook,East,Tablet,Loyal
8742,2025-04-16,Back to School,Google Search,North,Desktop,Returning
2811,2025-04-16,Black Friday,Email,East,Tablet,Returning
4109,2025-04-16,Weekend Special,LinkedIn,West,Tablet,Premium
6515,2025-04-16,New Year Blast,Facebook,East,Desktop,Loyal
655,2025-04-16,Diwali Bonanza,YouTube,East,Mobile,Loyal
6474,2025-04-16,Winter Sale,YouTube,South,Desktop,Returning
1867,2025-04-16,Diwali Bonanza,Google Search,South,Tablet,Returning
4884,2025-04-16,Weekend Special,LinkedIn,North,Mobile,Premium
6360,2025-04-16,Diwali Bonanza,YouTube,West,Mobile,Loyal
3840,2025-04-16,Summer Sale,YouTube,East,Tablet,Loyal
8462,2025-04-16,Festive Combo,Facebook,Central,Mobile,Returning
4806,2025-04-16,Mega Clearance,Google Search,East,Mobile,New
1618,2025-04-17,Black Friday,Facebook,West,Mobile,Loyal
604,2025-04-17,Festive Combo,Instagram,West,Desktop,New
2288,2025-04-17,Festive Combo,Email,South,Mobile,Returning
2569,2025-04-17,Mega Clearance,Email,North,Mobile,Loyal
7417,2025-04-17,New Year Blast,Email,North,Tablet,Premium
3513,2025-04-17,Flash Sale,Instagram,South,Desktop,Returning
3164,2025-04-17,Black Friday,LinkedIn,Central,Tablet,Loyal
6911,2025-04-17,Back to School,Google Search,North,Mobile,Loyal
4312,2025-04-17,Mega Clearance,Facebook,South,Mobile,Returning
1281,2025-04-17,New Year Blast,LinkedIn,Central,Desktop,New
9879,2025-04-17,Summer Sale,Facebook,South,Desktop,New
5160,2025-04-17,Back to School,YouTube,East,Desktop,Premium
147,2025-04-17,Black Friday,Instagram,North,Mobile,Returning
5800,2025-04-17,New Year Blast,Facebook,North,Tablet,New
2005,2025-04-17,Flash Sale,Google Search,West,Mobile,Loyal
4108,2025-04-17,Mega Clearance,Email,Central,Mobile,Loyal
731,2025-04-17,Festive Combo,Instagram,South,Mobile,New
1782,2025-04-17,Winter Sale,Facebook,Central,Tablet,Returning
2146,2025-04-17,Mega Clearance,LinkedIn,Central,Desktop,Premium
1077,2025-04-17,Mega Clearance,LinkedIn,West,Mobile,Premium
3878,2025-04-17,Back to School,Google Search,South,Mobile,Premium
8312,2025-04-17,Festive Combo,Instagram,South,Mobile,Loyal
4097,2025-04-17,Flash Sale,Facebook,Central,Mobile,Premium
7013,2025-04-17,Festive Combo,LinkedIn,Central,Mobile,Premium
8100,2025-04-17,Back to School,Facebook,North,Desktop,Returning
4370,2025-04-17,Black Friday,Facebook,Central,Tablet,Loyal
5637,2025-04-17,Black Friday,LinkedIn,West,Tablet,Premium
9009,2025-04-17,Winter Sale,Google Search,Central,Tablet,Premium
6636,2025-04-17,Diwali Bonanza,Google Search,North,Mobile,Premium
8355,2025-04-17,Weekend Special,LinkedIn,East,Desktop,Loyal
4794,2025-04-17,New Year Blast,Instagram,East,Tablet,Loyal
440,2025-04-17,Back to School,Instagram,North,Mobile,Returning
8007,2025-04-18,Winter Sale,LinkedIn,North,Tablet,New
3455,2025-04-18,Weekend Special,YouTube,Central,Tablet,Premium
2980,2025-04-18,Summer Sale,Google Search,South,Mobile,Premium
7609,2025-04-18,Summer Sale,Email,South,Desktop,Loyal
6522,2025-04-18,Black Friday,Google Search,South,Mobile,Returning
1856,2025-04-18,Mega Clearance,LinkedIn,North,Mobile,Returning
6342,2025-04-18,Flash Sale,YouTube,West,Tablet,Returning
8292,2025-04-18,Black Friday,Instagram,East,Mobile,New
7229,2025-04-18,Weekend Special,LinkedIn,Central,Mobile,Premium
800,2025-04-18,Black Friday,YouTube,West,Mobile,Returning
4065,2025-04-18,Weekend Special,Email,East,Desktop,New
3118,2025-04-18,Winter Sale,Instagram,South,Tablet,New
1634,2025-04-18,Festive Combo,LinkedIn,Central,Mobile,Premium
2413,2025-04-18,Weekend Special,YouTube,South,Tablet,Loyal
7393,2025-04-18,Mega Clearance,LinkedIn,West,Desktop,New
4604,2025-04-18,Black Friday,Email,East,Desktop,Loyal
7650,2025-04-18,Mega Clearance,Email,Central,Desktop,Returning
6109,2025-04-18,Diwali Bonanza,Instagram,East,Mobile,Premium
6840,2025-04-18,Weekend Special,Instagram,Central,Tablet,New
9802,2025-04-18,Diwali Bonanza,Email,Central,Desktop,Loyal
7539,2025-04-18,Weekend Special,Email,East,Desktop,Loyal
9036,2025-04-18,Summer Sale,Email,West,Mobile,Premium
6812,2025-04-18,Back to School,Facebook,North,Mobile,New
5950,2025-04-18,Flash Sale,Instagram,North,Mobile,Premium
1613,2025-04-18,Winter Sale,LinkedIn,Central,Mobile,Returning
814,2025-04-19,Flash Sale,YouTube,Central,Mobile,Returning
8691,2025-04-19,Festive Combo,Google Search,South,Desktop,Loyal
6576,2025-04-19,Black Friday,LinkedIn,East,Desktop,Loyal
17,2025-04-19,Festive Combo,LinkedIn,West,Mobile,Premium
4618,2025-04-19,Diwali Bonanza,Facebook,Central,Desktop,Premium
721,2025-04-19,Summer Sale,Email,Central,Mobile,New
32,2025-04-19,Weekend Special,YouTube,South,Tablet,Premium
4626,2025-04-19,New Year Blast,LinkedIn,North,Tablet,Returning
6039,2025-04-19,Back to School,LinkedIn,North,Desktop,Loyal
3024,2025-04-19,Diwali Bonanza,Instagram,Central,Desktop,Loyal
6772,2025-04-19,Mega Clearance,YouTube,West,Mobile,Loyal
7115,2025-04-19,Diwali Bonanza,YouTube,North,Desktop,Premium
7006,2025-04-19,Back to School,Instagram,East,Mobile,Premium
1194,2025-04-19,Weekend Special,LinkedIn,Central,Mobile,Returning
2378,2025-04-19,New Year Blast,LinkedIn,North,Desktop,Loyal
8790,2025-04-19,Mega Clearance,YouTube,West,Tablet,New
2060,2025-04-19,Diwali Bonanza,LinkedIn,Central,Desktop,Premium
5382,2025-04-19,Mega Clearance,Instagram,West,Tablet,Loyal
4078,2025-04-19,Festive Combo,Facebook,West,Mobile,Premium
1962,2025-04-19,Summer Sale,YouTube,West,Desktop,Premium
127,2025-04-19,Back to School,Instagram,East,Desktop,Premium
7856,2025-04-19,New Year Blast,YouTube,South,Desktop,Premium
4952,2025-04-19,New Year Blast,Email,North,Mobile,Premium
5909,2025-04-20,Winter Sale,Email,West,Desktop,New
386,2025-04-20,Black Friday,Email,East,Tablet,Premium
330,2025-04-20,Mega Clearance,Instagram,West,Mobile,New
5422,2025-04-20,Weekend Special,Email,North,Desktop,Loyal
9564,2025-04-20,Festive Combo,LinkedIn,South,Mobile,Returning
3657,2025-04-20,Diwali Bonanza,Instagram,Central,Desktop,Loyal
8218,2025-04-20,Black Friday,Google Search,North,Tablet,New
7704,2025-04-20,Festive Combo,LinkedIn,South,Mobile,Premium
989,2025-04-20,Back to School,Google Search,East,Tablet,Returning
5854,2025-04-20,Festive Combo,Instagram,East,Tablet,Loyal
6395,2025-04-20,Black Friday,Email,West,Tablet,New
4145,2025-04-20,Mega Clearance,Instagram,North,Mobile,New
4606,2025-04-20,Winter Sale,YouTube,East,Tablet,Loyal
45,2025-04-20,Flash Sale,Google Search,South,Desktop,New
8351,2025-04-20,Festive Combo,Facebook,South,Tablet,Loyal
9650,2025-04-20,Back to School,Instagram,East,Desktop,Loyal
4096,2025-04-20,Summer Sale,Instagram,South,Desktop,Loyal
5229,2025-04-20,New Year Blast,YouTube,East,Mobile,Returning
2479,2025-04-20,New Year Blast,Email,East,Desktop,Loyal
5219,2025-04-20,Diwali Bonanza,Email,North,Desktop,Returning
2553,2025-04-20,Festive Combo,Email,East,Tablet,Loyal
5481,2025-04-20,Weekend Special,Google Search,South,Desktop,New
5380,2025-04-21,Flash Sale,Instagram,West,Mobile,New
9149,2025-04-21,Back to School,Email,South,Desktop,Returning
2826,2025-04-21,Winter Sale,LinkedIn,West,Mobile,New
7083,2025-04-21,Festive Combo,LinkedIn,North,Mobile,Returning
8438,2025-04-21,Diwali Bonanza,LinkedIn,West,Tablet,Returning
9661,2025-04-21,Festive Combo,Instagram,South,Tablet,Returning
2012,2025-04-21,Back to School,Google Search,South,Mobile,Premium
2209,2025-04-21,Flash Sale,Email,North,Tablet,Returning
2861,2025-04-21,Mega Clearance,LinkedIn,North,Mobile,Returning
4284,2025-04-21,Winter Sale,LinkedIn,East,Desktop,Returning
8689,2025-04-21,New Year Blast,Google Search,East,Desktop,Loyal
4484,2025-04-21,Flash Sale,Email,North,Tablet,New
3240,2025-04-21,Summer Sale,Email,West,Desktop,New
7183,2025-04-21,Mega Clearance,Google Search,South,Tablet,New
5249,2025-04-21,Festive Combo,Google Search,Central,Desktop,New
6417,2025-04-21,Black Friday,Instagram,South,Tablet,Loyal
5041,2025-04-21,Weekend Special,YouTube,Central,Tablet,New
6637,2025-04-21,Winter Sale,Email,East,Mobile,New
6807,2025-04-21,Weekend Special,Facebook,East,Desktop,Loyal
606,2025-04-21,Back to School,Facebook,North,Tablet,Returning
4014,2025-04-21,New Year Blast,LinkedIn,North,Desktop,Loyal
5930,2025-04-21,Diwali Bonanza,Facebook,East,Tablet,Premium
8311,2025-04-21,New Year Blast,YouTube,Central,Mobile,Returning
2765,2025-04-21,Flash Sale,LinkedIn,North,Desktop,Returning
8632,2025-04-21,Flash Sale,LinkedIn,South,Tablet,New
6606,2025-04-21,Back to School,LinkedIn,East,Desktop,Loyal
2314,2025-04-21,Winter Sale,Email,South,Mobile,Returning
5166,2025-04-21,Flash Sale,LinkedIn,East,Tablet,Premium
9423,2025-04-21,Winter Sale,Email,South,Tablet,Premium
9287,2025-04-22,Back to School,Email,North,Desktop,Returning
6065,2025-04-22,Festive Combo,Email,West,Tablet,Premium
8322,2025-04-22,Mega Clearance,Instagram,South,Tablet,Returning
8931,2025-04-22,Festive Combo,Google Search,Central,Desktop,Loyal
1823,2025-04-22,New Year Blast,YouTube,Central,Mobile,Loyal
4294,2025-04-22,Weekend Special,LinkedIn,Central,Desktop,New
4263,2025-04-22,Black Friday,Instagram,North,Tablet,Premium
4480,2025-04-22,Back to School,Email,West,Tablet,Returning
5290,2025-04-22,Festive Combo,Email,Central,Mobile,New
7888,2025-04-22,Winter Sale,Facebook,South,Desktop,Returning
3212,2025-04-22,New Year Blast,Instagram,East,Mobile,Loyal
8971,2025-04-22,Black Friday,Google Search,East,Mobile,Premium
6888,2025-04-22,Summer Sale,Instagram,North,Mobile,Loyal
1619,2025-04-22,New Year Blast,LinkedIn,West,Tablet,Returning
3674,2025-04-22,Black Friday,Email,East,Desktop,Premium
4513,2025-04-22,New Year Blast,Google Search,North,Mobile,Loyal
2519,2025-04-22,Back to School,Google Search,South,Desktop,New
7792,2025-04-22,Mega Clearance,Instagram,East,Desktop,Premium
3116,2025-04-22,Back to School,Google Search,North,Desktop,New
7480,2025-04-22,Diwali Bonanza,LinkedIn,South,Mobile,Returning
945,2025-04-22,Back to School,LinkedIn,East,Desktop,Premium
8843,2025-04-22,Flash Sale,Facebook,North,Desktop,Returning
4789,2025-04-22,Winter Sale,Email,Central,Desktop,Loyal
6492,2025-04-22,Back to School,Instagram,Central,Desktop,Loyal
406,2025-04-23,Diwali Bonanza,LinkedIn,South,Desktop,Premium
8220,2025-04-23,Summer Sale,Email,South,Desktop,Returning
2918,2025-04-23,Mega Clearance,Email,Central,Desktop,Premium
2258,2025-04-23,Winter Sale,Instagram,West,Desktop,Premium
9898,2025-04-23,Weekend Special,YouTube,South,Tablet,Premium
5161,2025-04-23,New Year Blast,Instagram,North,Desktop,Loyal
3681,2025-04-23,Black Friday,Instagram,East,Mobile,New
2544,2025-04-23,Weekend Special,Facebook,South,Mobile,New
2920,2025-04-23,Diwali Bonanza,LinkedIn,South,Tablet,New
8613,2025-04-23,Festive Combo,Facebook,North,Desktop,Returning
1680,2025-04-23,Winter Sale,YouTube,East,Tablet,Premium
1925,2025-04-23,Flash Sale,Facebook,Central,Tablet,New
5475,2025-04-23,Weekend Special,Email,West,Tablet,Loyal
4266,2025-04-23,Summer Sale,Google Search,East,Mobile,Loyal
3615,2025-04-23,Back to School,LinkedIn,East,Mobile,Loyal
4200,2025-04-23,Summer Sale,Instagram,West,Desktop,New
3264,2025-04-23,Flash Sale,Facebook,Central,Tablet,Premium
1598,2025-04-23,Summer Sale,YouTube,South,Tablet,Returning
9816,2025-04-23,Winter Sale,Instagram,Central,Tablet,New
7090,2025-04-23,Diwali Bonanza,LinkedIn,South,Desktop,Loyal
1604,2025-04-23,New Year Blast,YouTube,South,Desktop,Returning
7461,2025-04-23,Black Friday,Email,East,Desktop,Returning
3805,2025-04-23,Flash Sale,Facebook,West,Tablet,New
2938,2025-04-23,Mega Clearance,YouTube,Central,Tablet,Returning
1222,2025-04-23,Winter Sale,LinkedIn,Central,Desktop,New
5754,2025-04-24,Black Friday,Google Search,West,Mobile,Premium
295,2025-04-24,Festive Combo,Instagram,North,Desktop,New
1559,2025-04-24,Summer Sale,Instagram,East,Mobile,New
3032,2025-04-24,Festive Combo,Facebook,West,Mobile,Loyal
6363,2025-04-24,Mega Clearance,LinkedIn,Central,Tablet,Loyal
4070,2025-04-24,Back to School,Google Search,East,Tablet,New
3868,2025-04-24,Winter Sale,Google Search,South,Tablet,Premium
873,2025-04-24,Back to School,Google Search,Central,Mobile,Loyal
9587,2025-04-24,Weekend Special,YouTube,South,Desktop,Premium
3995,2025-04-24,Summer Sale,Email,Central,Tablet,Returning
5295,2025-04-24,Black Friday,LinkedIn,North,Mobile,New
2409,2025-04-24,Winter Sale,Email,East,Tablet,Loyal
7184,2025-04-24,Festive Combo,Google Search,Central,Mobile,Returning
6592,2025-04-24,Festive Combo,Facebook,North,Desktop,New
5869,2025-04-24,Festive Combo,Instagram,Central,Desktop,Returning
8483,2025-04-24,Summer Sale,Email,West,Tablet,New
700,2025-04-24,Weekend Special,YouTube,West,Tablet,Premium
3667,2025-04-24,Back to School,Email,Central,Mobile,Premium
1000,2025-04-24,Flash Sale,Instagram,West,Mobile,Returning
3769,2025-04-24,Festive Combo,LinkedIn,West,Mobile,Loyal
3311,2025-04-24,Black Friday,Email,Central,Mobile,Premium
5488,2025-04-24,Diwali Bonanza,YouTube,West,Desktop,New
4561,2025-04-24,Winter Sale,Google Search,South,Tablet,Returning
5375,2025-04-24,Summer Sale,YouTube,North,Mobile,New
3417,2025-04-24,New Year Blast,Google Search,South,Mobile,New
8752,2025-04-24,Mega Clearance,Google Search,Central,Desktop,New
131,2025-04-24,Flash Sale,YouTube,South,Desktop,Premium
2375,2025-04-24,Mega Clearance,Facebook,South,Desktop,Premium
7398,2025-04-24,Weekend Special,Instagram,North,Tablet,Returning
6949,2025-04-25,New Year Blast,Google Search,Central,Tablet,New
4735,2025-04-25,New Year Blast,YouTube,Central,Tablet,Loyal
8892,2025-04-25,Weekend Special,YouTube,North,Desktop,Returning
2691,2025-04-25,Diwali Bonanza,Instagram,South,Desktop,Premium
8150,2025-04-25,New Year Blast,YouTube,West,Tablet,Returning
8836,2025-04-25,Weekend Special,Facebook,North,Mobile,Premium
5640,2025-04-25,New Year Blast,Instagram,Central,Tablet,Loyal
1286,2025-04-25,Summer Sale,Google Search,South,Desktop,Premium
5722,2025-04-25,Weekend Special,YouTube,North,Mobile,New
241,2025-04-25,Winter Sale,Instagram,Central,Desktop,New
2513,2025-04-25,Mega Clearance,YouTube,East,Tablet,Loyal
2687,2025-04-25,Summer Sale,Email,Central,Mobile,New
6369,2025-04-25,New Year Blast,LinkedIn,West,Desktop,New
1111,2025-04-25,Diwali Bonanza,Email,East,Desktop,Loyal
9422,2025-04-25,Festive Combo,Email,East,Desktop,Loyal
704,2025-04-25,New Year Blast,LinkedIn,East,Desktop,Premium
6022,2025-04-25,Winter Sale,Facebook,West,Desktop,Returning
8552,2025-04-25,New Year Blast,Facebook,East,Desktop,New
7721,2025-04-25,Summer Sale,Instagram,North,Mobile,Premium
3851,2025-04-25,Summer Sale,Email,East,Tablet,Loyal
4245,2025-04-25,Back to School,Email,South,Tablet,New
6336,2025-04-25,Black Friday,Google Search,Central,Tablet,New
4622,2025-04-25,Weekend Special,Instagram,South,Mobile,Returning
4206,2025-04-25,New Year Blast,Instagram,West,Tablet,New
6974,2025-04-25,Summer Sale,LinkedIn,South,Mobile,Premium
9192,2025-04-25,Summer Sale,Google Search,North,Mobile,Premium
4165,2025-04-25,Mega Clearance,Email,West,Desktop,Premium
2606,2025-04-26,Festive Combo,Google Search,South,Tablet,Returning
434,2025-04-26,New Year Blast,YouTube,South,Desktop,New
1247,2025-04-26,Back to School,Instagram,East,Tablet,Loyal
7652,2025-04-26,Summer Sale,Email,West,Tablet,Premium
2546,2025-04-26,New Year Blast,Facebook,East,Desktop,Loyal
716,2025-04-26,Back to School,Instagram,South,Mobile,Loyal
1139,2025-04-26,Diwali Bonanza,LinkedIn,Central,Mobile,Loyal
9048,2025-04-26,Black Friday,LinkedIn,West,Tablet,Premium
1025,2025-04-26,Diwali Bonanza,Instagram,West,Tablet,Returning
3675,2025-04-26,Summer Sale,Google Search,West,Desktop,Loyal
3743,2025-04-26,Black Friday,Instagram,South,Mobile,Returning
3761,2025-04-26,Winter Sale,YouTube,North,Mobile,New
381,2025-04-26,New Year Blast,Instagram,South,Tablet,Loyal
5215,2025-04-26,Winter Sale,Google Search,South,Tablet,Loyal
8440,2025-04-26,Weekend Special,LinkedIn,Central,Mobile,New
7790,2025-04-26,Summer Sale,LinkedIn,South,Desktop,Loyal
1762,2025-04-26,Summer Sale,Facebook,West,Tablet,Loyal
4228,2025-04-26,Back to School,YouTube,Central,Desktop,Returning
7325,2025-04-26,Black Friday,Instagram,North,Desktop,Returning
9998,2025-04-26,Diwali Bonanza,Google Search,Central,Tablet,Premium
3181,2025-04-26,Winter Sale,Instagram,South,Tablet,Returning
8732,2025-04-26,Winter Sale,Google Search,North,Mobile,Loyal
2680,2025-04-26,Diwali Bonanza,YouTube,South,Desktop,Loyal
8957,2025-04-26,Weekend Special,LinkedIn,South,Tablet,New
8347,2025-04-26,Winter Sale,Facebook,West,Mobile,New
1829,2025-04-26,Festive Combo,LinkedIn,East,Desktop,Premium
6185,2025-04-26,Black Friday,Email,Central,Mobile,New
5723,2025-04-26,New Year Blast,Email,North,Tablet,Premium
8404,2025-04-26,Back to School,Instagram,Central,Desktop,New
2142,2025-04-26,Black Friday,YouTube,South,Desktop,Returning
9315,2025-04-26,Diwali Bonanza,LinkedIn,North,Desktop,Returning
284,2025-04-26,Diwali Bonanza,Facebook,North,Desktop,New
8751,2025-04-26,Weekend Special,Instagram,West,Desktop,Returning
1358,2025-04-26,Mega Clearance,YouTube,North,Tablet,New
8110,2025-04-26,Back to School,Email,East,Mobile,Loyal
2424,2025-04-26,Flash Sale,LinkedIn,West,Desktop,Loyal
783,2025-04-26,Back to School,Email,Central,Tablet,Returning
2753,2025-04-27,Mega Clearance,Facebook,North,Tablet,Premium
9807,2025-04-27,Festive Combo,YouTube,West,Mobile,Loyal
9826,2025-04-27,New Year Blast,LinkedIn,North,Desktop,New
8508,2025-04-27,Back to School,LinkedIn,East,Desktop,Premium
4248,2025-04-27,Festive Combo,Google Search,West,Mobile,Loyal
2466,2025-04-27,Black Friday,Email,Central,Desktop,Loyal
4419,2025-04-27,Weekend Special,Instagram,East,Desktop,Premium
4625,2025-04-27,Diwali Bonanza,Email,East,Desktop,Returning
5933,2025-04-27,Festive Combo,Email,South,Tablet,Premium
185,2025-04-27,Winter Sale,LinkedIn,North,Tablet,New
8376,2025-04-27,Festive Combo,YouTube,Central,Tablet,Loyal
3625,2025-04-27,Festive Combo,Google Search,Central,Mobile,Returning
4761,2025-04-27,Black Friday,Facebook,East,Mobile,Loyal
3777,2025-04-27,Mega Clearance,YouTube,North,Mobile,Loyal
5708,2025-04-27,Diwali Bonanza,Email,West,Mobile,Premium
3784,2025-04-27,Mega Clearance,Facebook,Central,Tablet,Returning
473,2025-04-27,Back to School,Email,West,Desktop,Returning
8816,2025-04-27,Diwali Bonanza,YouTube,West,Mobile,Returning
5642,2025-04-27,Black Friday,Facebook,East,Tablet,Loyal
2843,2025-04-27,Back to School,LinkedIn,North,Desktop,Premium
583,2025-04-27,Weekend Special,Google Search,North,Mobile,Returning
8535,2025-04-27,Summer Sale,Google Search,West,Desktop,Returning
233,2025-04-27,Flash Sale,Instagram,West,Desktop,Loyal
4655,2025-04-27,New Year Blast,Google Search,North,Tablet,New
2077,2025-04-27,Weekend Special,Email,South,Mobile,New
996,2025-04-27,Mega Clearance,Google Search,West,Mobile,Premium
2167,2025-04-27,Flash Sale,YouTube,Central,Tablet,New
2761,2025-04-27,Black Friday,LinkedIn,Central,Tablet,Loyal
8770,2025-04-27,New Year Blast,LinkedIn,West,Desktop,New
8096,2025-04-27,Back to School,Email,Central,Mobile,Premium
2963,2025-04-27,Festive Combo,Instagram,West,Desktop,Loyal
6479,2025-04-27,Back to School,Facebook,North,Mobile,New
4163,2025-04-28,New Year Blast,Email,East,Tablet,Loyal
555,2025-04-28,Flash Sale,Google Search,North,Mobile,Premium
422,2025-04-28,Black Friday,LinkedIn,East,Mobile,Premium
8597,2025-04-28,Flash Sale,Email,East,Mobile,Loyal
6523,2025-04-28,Mega Clearance,Instagram,East,Tablet,New
4601,2025-04-28,Winter Sale,LinkedIn,West,Mobile,Premium
3539,2025-04-28,Festive Combo,Instagram,South,Desktop,Premium
2528,2025-04-28,Winter Sale,YouTube,West,Desktop,New
5221,2025-04-28,Mega Clearance,Facebook,South,Mobile,Returning
465,2025-04-28,Black Friday,YouTube,Central,Desktop,Premium
8141,2025-04-28,Summer Sale,YouTube,West,Desktop,Returning
6712,2025-04-28,Festive Combo,YouTube,Central,Desktop,New
2275,2025-04-28,Black Friday,Google Search,East,Tablet,New
36,2025-04-28,Winter Sale,Google Search,East,Mobile,Returning
6499,2025-04-28,Weekend Special,YouTube,Central,Mobile,Loyal
853,2025-04-28,Flash Sale,LinkedIn,South,Mobile,New
5756,2025-04-28,Flash Sale,Instagram,North,Mobile,Returning
9353,2025-04-28,Black Friday,LinkedIn,North,Mobile,New
1844,2025-04-28,Winter Sale,Facebook,West,Mobile,Premium
7576,2025-04-29,Weekend Special,Instagram,North,Desktop,Loyal
3890,2025-04-29,Mega Clearance,Email,East,Desktop,Returning
4270,2025-04-29,Mega Clearance,Instagram,South,Desktop,New
1036,2025-04-29,Summer Sale,Instagram,North,Tablet,Loyal
2933,2025-04-29,Flash Sale,Email,West,Mobile,Returning
4495,2025-04-29,Flash Sale,Google Search,West,Desktop,Loyal
8320,2025-04-29,Mega Clearance,YouTube,North,Desktop,Loyal
8205,2025-04-29,Weekend Special,Google Search,North,Mobile,Returning
1939,2025-04-29,Black Friday,YouTube,South,Tablet,Returning
597,2025-04-29,Weekend Special,LinkedIn,East,Desktop,New
8103,2025-04-29,Winter Sale,LinkedIn,North,Desktop,New
4460,2025-04-29,Weekend Special,Email,East,Tablet,Returning
1465,2025-04-29,Summer Sale,Email,North,Desktop,Premium
4835,2025-04-29,Back to School,LinkedIn,North,Desktop,Returning
5336,2025-04-29,Weekend Special,LinkedIn,North,Tablet,Premium
8013,2025-04-29,Winter Sale,Facebook,East,Mobile,Loyal
3662,2025-04-29,Winter Sale,Google Search,North,Desktop,Premium
4035,2025-04-29,Festive Combo,Email,Central,Mobile,Returning
5875,2025-04-29,Black Friday,YouTube,Central,Desktop,Loyal
2576,2025-04-29,Festive Combo,Instagram,North,Tablet,Loyal
8504,2025-04-30,Weekend Special,LinkedIn,Central,Tablet,Returning
3649,2025-04-30,Winter Sale,Google Search,North,Desktop,Loyal
1524,2025-04-30,Flash Sale,Instagram,Central,Mobile,Loyal
7110,2025-04-30,Winter Sale,Instagram,North,Tablet,Loyal
8209,2025-04-30,Back to School,Instagram,Central,Tablet,Returning
4116,2025-04-30,Winter Sale,Email,North,Tablet,Premium
1583,2025-04-30,Mega Clearance,YouTube,Central,Mobile,Loyal
1751,2025-04-30,Black Friday,Instagram,North,Desktop,New
2800,2025-04-30,Diwali Bonanza,Facebook,Central,Desktop,Premium
2362,2025-04-30,Weekend Special,Google Search,West,Desktop,Premium
7636,2025-04-30,Black Friday,YouTube,South,Mobile,Loyal
8147,2025-04-30,Winter Sale,LinkedIn,East,Tablet,Premium
8718,2025-04-30,Weekend Special,Instagram,South,Mobile,Loyal
6176,2025-04-30,Weekend Special,LinkedIn,East,Desktop,New
2198,2025-04-30,Winter Sale,YouTube,North,Mobile,Loyal
8350,2025-04-30,Summer Sale,Facebook,North,Tablet,Loyal
1741,2025-04-30,Mega Clearance,LinkedIn,West,Tablet,New
289,2025-04-30,Weekend Special,Facebook,East,Desktop,Returning
11,2025-04-30,Winter Sale,LinkedIn,East,Desktop,Premium
8233,2025-04-30,Back to School,YouTube,East,Mobile,New
3276,2025-04-30,Flash Sale,Facebook,Central,Mobile,New
7687,2025-04-30,Mega Clearance,LinkedIn,North,Mobile,Returning
4112,2025-04-30,Summer Sale,Email,North,Tablet,New
5859,2025-04-30,Winter Sale,YouTube,Central,Mobile,Premium
1687,2025-04-30,Summer Sale,Email,North,Desktop,Returning
4174,2025-05-01,Diwali Bonanza,YouTube,West,Mobile,Loyal
9706,2025-05-01,Diwali Bonanza,Facebook,West,Desktop,New
2157,2025-05-01,Festive Combo,Google Search,Central,Tablet,New
3580,2025-05-01,Weekend Special,Instagram,East,Tablet,Returning
6253,2025-05-01,Flash Sale,LinkedIn,Central,Tablet,Returning
6878,2025-05-01,New Year Blast,Facebook,Central,Desktop,New
3461,2025-05-01,Back to School,YouTube,Central,Tablet,Loyal
4714,2025-05-01,Diwali Bonanza,LinkedIn,South,Mobile,Loyal
3281,2025-05-01,Flash Sale,Email,South,Mobile,Premium
7854,2025-05-01,Back to School,Facebook,West,Desktop,Premium
8937,2025-05-01,Flash Sale,LinkedIn,West,Desktop,Loyal
3891,2025-05-01,Summer Sale,Facebook,East,Tablet,Returning
8913,2025-05-01,Weekend Special,Email,South,Tablet,Premium
7787,2025-05-01,Weekend Special,Email,West,Desktop,New
9724,2025-05-01,Black Friday,LinkedIn,North,Desktop,Returning
4220,2025-05-01,Back to School,Instagram,South,Desktop,New
9813,2025-05-01,Summer Sale,Email,Central,Tablet,Loyal
7315,2025-05-01,Back to School,YouTube,Central,Desktop,Returning
2794,2025-05-01,Winter Sale,Instagram,East,Desktop,New
9540,2025-05-01,Flash Sale,Instagram,North,Desktop,Loyal
2613,2025-05-01,Back to School,Email,East,Mobile,Returning
3783,2025-05-01,Diwali Bonanza,Facebook,South,Tablet,Loyal
1503,2025-05-01,Mega Clearance,Email,Central,Tablet,Returning
9865,2025-05-01,Weekend Special,Instagram,Central,Desktop,Premium
1131,2025-05-01,Flash Sale,YouTube,Central,Desktop,Premium
3803,2025-05-01,Summer Sale,LinkedIn,East,Mobile,Premium
9861,2025-05-01,Mega Clearance,YouTube,North,Mobile,Loyal
2419,2025-05-01,Flash Sale,Email,South,Desktop,New
8216,2025-05-01,Black Friday,YouTube,North,Desktop,New
402,2025-05-01,Festive Combo,Instagram,East,Desktop,New
1219,2025-05-01,Festive Combo,Email,Central,Desktop,Loyal
1375,2025-05-01,Winter Sale,Email,Central,Mobile,Premium
8488,2025-05-01,Festive Combo,Facebook,North,Desktop,Returning
6605,2025-05-01,Summer Sale,LinkedIn,North,Desktop,Premium
5508,2025-05-02,Summer Sale,Google Search,Central,Mobile,Premium
69,2025-05-02,Diwali Bonanza,Facebook,West,Mobile,Returning
7511,2025-05-02,Weekend Special,Email,West,Desktop,Premium
7737,2025-05-02,New Year Blast,Google Search,Central,Desktop,Returning
335,2025-05-02,Festive Combo,Google Search,East,Tablet,Premium
5981,2025-05-02,Summer Sale,Instagram,East,Tablet,New
2137,2025-05-02,Winter Sale,Facebook,West,Desktop,New
2203,2025-05-02,Black Friday,Instagram,Central,Desktop,Loyal
195,2025-05-02,Flash Sale,Email,East,Tablet,Premium
2919,2025-05-02,Diwali Bonanza,Google Search,Central,Tablet,Premium
8505,2025-05-02,Mega Clearance,Facebook,South,Tablet,Loyal
9136,2025-05-02,Weekend Special,LinkedIn,East,Desktop,Returning
5774,2025-05-02,Back to School,Facebook,North,Mobile,Loyal
1140,2025-05-02,Weekend Special,Instagram,West,Tablet,Premium
1157,2025-05-02,Festive Combo,YouTube,South,Mobile,Premium
1091,2025-05-02,Back to School,LinkedIn,East,Mobile,Premium
4577,2025-05-02,Summer Sale,LinkedIn,West,Mobile,Loyal
5584,2025-05-02,Festive Combo,Email,East,Tablet,New
9739,2025-05-02,Diwali Bonanza,Instagram,North,Mobile,Loyal
3368,2025-05-02,Diwali Bonanza,Instagram,East,Tablet,Returning
7566,2025-05-02,Summer Sale,Facebook,West,Mobile,Loyal
9473,2025-05-02,Flash Sale,YouTube,East,Tablet,Returning
903,2025-05-02,New Year Blast,LinkedIn,Central,Desktop,Premium
600,2025-05-02,New Year Blast,Instagram,East,Desktop,Premium
3327,2025-05-02,Flash Sale,LinkedIn,East,Mobile,New
4131,2025-05-02,Flash Sale,LinkedIn,South,Mobile,Premium
2551,2025-05-02,Diwali Bonanza,LinkedIn,East,Mobile,Loyal
8156,2025-05-02,New Year Blast,YouTube,South,Desktop,Loyal
6953,2025-05-03,Flash Sale,YouTube,South,Mobile,Premium
5663,2025-05-03,Back to School,Google Search,South,Tablet,Loyal
2432,2025-05-03,Diwali Bonanza,LinkedIn,South,Desktop,Returning
1117,2025-05-03,Mega Clearance,Facebook,Central,Mobile,Loyal
5156,2025-05-03,Festive Combo,YouTube,East,Mobile,Premium
4620,2025-05-03,Diwali Bonanza,LinkedIn,West,Desktop,Returning
7709,2025-05-03,Winter Sale,Google Search,West,Desktop,New
5234,2025-05-03,Flash Sale,Email,Central,Mobile,New
2066,2025-05-03,Winter Sale,Email,North,Desktop,Returning
8998,2025-05-03,Summer Sale,Facebook,North,Desktop,Premium
8750,2025-05-03,Black Friday,Email,North,Mobile,Loyal
8191,2025-05-03,Black Friday,Google Search,North,Mobile,Loyal
519,2025-05-03,New Year Blast,Google Search,South,Desktop,Returning
1369,2025-05-03,Winter Sale,Facebook,South,Mobile,Returning
9194,2025-05-03,New Year Blast,LinkedIn,Central,Tablet,Premium
4120,2025-05-03,Weekend Special,YouTube,North,Mobile,Loyal
302,2025-05-03,Flash Sale,YouTube,Central,Desktop,New
9852,2025-05-03,Back to School,LinkedIn,East,Desktop,New
7415,2025-05-03,Flash Sale,Instagram,West,Desktop,Premium
9442,2025-05-03,New Year Blast,Instagram,North,Mobile,Returning
8112,2025-05-03,Summer Sale,Facebook,South,Tablet,Loyal
7105,2025-05-03,Weekend Special,YouTube,West,Desktop,Returning
7646,2025-05-03,Summer Sale,Facebook,South,Desktop,New
4623,2025-05-03,Diwali Bonanza,Google Search,Central,Mobile,Premium
8555,2025-05-03,Back to School,LinkedIn,Central,Tablet,Premium
9478,2025-05-03,Weekend Special,Email,East,Tablet,Returning
9481,2025-05-03,Weekend Special,Instagram,East,Desktop,Returning
7648,2025-05-03,Weekend Special,Facebook,Central,Desktop,Premium
4235,2025-05-03,Festive Combo,Facebook,North,Tablet,Loyal
8958,2025-05-04,Summer Sale,Facebook,South,Tablet,Loyal
5441,2025-05-04,Summer Sale,Email,North,Mobile,New
5167,2025-05-04,Diwali Bonanza,Google Search,West,Desktop,Premium
8668,2025-05-04,Weekend Special,YouTube,North,Mobile,New
7251,2025-05-04,Mega Clearance,Google Search,East,Mobile,Returning
5334,2025-05-04,Festive Combo,LinkedIn,West,Desktop,Loyal
8976,2025-05-04,Black Friday,Facebook,East,Desktop,Premium
5256,2025-05-04,Mega Clearance,Instagram,West,Mobile,Returning
5401,2025-05-04,New Year Blast,YouTube,East,Desktop,Returning
7136,2025-05-04,Summer Sale,Google Search,North,Mobile,Premium
3243,2025-05-04,Mega Clearance,Instagram,Central,Desktop,New
9783,2025-05-04,Black Friday,LinkedIn,North,Desktop,Returning
9320,2025-05-04,Winter Sale,YouTube,South,Mobile,Premium
1932,2025-05-04,New Year Blast,Google Search,Central,Tablet,New
7679,2025-05-04,Mega Clearance,Instagram,South,Tablet,Loyal
7973,2025-05-04,Summer Sale,LinkedIn,South,Tablet,New
8256,2025-05-04,Winter Sale,Instagram,North,Desktop,New
2892,2025-05-04,Mega Clearance,Email,East,Desktop,New
5732,2025-05-04,Winter Sale,YouTube,North,Desktop,Returning
305,2025-05-04,Mega Clearance,LinkedIn,South,Tablet,New
6756,2025-05-04,Back to School,Facebook,Central,Mobile,Returning
3142,2025-05-04,Weekend Special,Email,North,Desktop,New
424,2025-05-04,Black Friday,Google Search,North,Tablet,New
3562,2025-05-04,Mega Clearance,Google Search,South,Tablet,Loyal
358,2025-05-04,Black Friday,Email,East,Mobile,New
5201,2025-05-04,Summer Sale,Facebook,Central,Tablet,Premium
2662,2025-05-04,Back to School,Facebook,West,Mobile,Premium
8159,2025-05-04,Winter Sale,YouTube,West,Desktop,New
6186,2025-05-04,Weekend Special,LinkedIn,North,Desktop,Returning
7448,2025-05-04,New Year Blast,YouTube,West,Mobile,Returning
9096,2025-05-04,Summer Sale,Email,West,Desktop,Loyal
5169,2025-05-05,Diwali Bonanza,YouTube,West,Tablet,Returning
6482,2025-05-05,Diwali Bonanza,Facebook,North,Mobile,New
1589,2025-05-05,Diwali Bonanza,Google Search,North,Mobile,Premium
9570,2025-05-05,Flash Sale,Google Search,West,Mobile,New
38,2025-05-05,Festive Combo,LinkedIn,South,Mobile,New
7292,2025-05-05,Diwali Bonanza,Email,South,Tablet,New
1005,2025-05-05,Winter Sale,Instagram,West,Desktop,New
6691,2025-05-05,Festive Combo,Email,North,Mobile,New
5599,2025-05-05,Back to School,Instagram,North,Mobile,New
5025,2025-05-05,Black Friday,LinkedIn,South,Tablet,New
1746,2025-05-05,Black Friday,Facebook,North,Mobile,Loyal
6513,2025-05-05,New Year Blast,Email,West,Mobile,Loyal
4999,2025-05-05,Winter Sale,Facebook,South,Desktop,Loyal
7912,2025-05-05,Black Friday,Facebook,East,Desktop,Loyal
8866,2025-05-05,Diwali Bonanza,Google Search,West,Mobile,Premium
1714,2025-05-05,Festive Combo,Google Search,East,Tablet,New
6710,2025-05-05,Diwali Bonanza,Instagram,West,Tablet,Loyal
9606,2025-05-06,Winter Sale,Instagram,East,Desktop,Returning
6813,2025-05-06,Weekend Special,LinkedIn,Central,Mobile,New
9949,2025-05-06,Weekend Special,LinkedIn,Central,Tablet,New
1062,2025-05-06,Weekend Special,Instagram,Central,Tablet,Returning
6822,2025-05-06,Mega Clearance,YouTube,East,Tablet,Loyal
3195,2025-05-06,Flash Sale,Instagram,West,Tablet,Loyal
7098,2025-05-06,Flash Sale,Instagram,South,Mobile,Premium
8813,2025-05-06,Winter Sale,YouTube,East,Tablet,Premium
1144,2025-05-06,Festive Combo,YouTube,North,Tablet,Premium
7917,2025-05-06,New Year Blast,Instagram,North,Desktop,Returning
2608,2025-05-06,Black Friday,LinkedIn,South,Mobile,New
7584,2025-05-06,New Year Blast,Email,East,Mobile,Premium
4391,2025-05-06,Back to School,Facebook,Central,Tablet,Returning
8991,2025-05-06,New Year Blast,Google Search,West,Tablet,Premium
4180,2025-05-06,Festive Combo,Google Search,North,Tablet,New
4982,2025-05-06,Festive Combo,Google Search,North,Tablet,Premium
8527,2025-05-06,New Year Blast,Email,East,Tablet,Loyal
8458,2025-05-06,Weekend Special,LinkedIn,West,Desktop,Premium
3801,2025-05-06,Winter Sale,YouTube,North,Tablet,New
7059,2025-05-06,Mega Clearance,YouTube,East,Tablet,Loyal
5243,2025-05-06,Flash Sale,Email,North,Desktop,Premium
9240,2025-05-06,Back to School,Instagram,West,Mobile,Returning
7257,2025-05-06,Winter Sale,YouTube,West,Desktop,Premium
8061,2025-05-06,New Year Blast,Google Search,East,Tablet,New
4682,2025-05-06,Flash Sale,Facebook,North,Tablet,Premium
6633,2025-05-06,Back to School,LinkedIn,East,Desktop,New
6634,2025-05-06,Summer Sale,LinkedIn,Central,Tablet,New
5383,2025-05-06,Black Friday,Google Search,Central,Mobile,Returning
3158,2025-05-06,Flash Sale,Instagram,East,Mobile,Premium
5324,2025-05-06,Back to School,Google Search,Central,Desktop,Loyal
5388,2025-05-06,Flash Sale,LinkedIn,Central,Desktop,New
5493,2025-05-06,Back to School,Facebook,North,Desktop,Premium
2369,2025-05-06,Diwali Bonanza,YouTube,Central,Desktop,New
4992,2025-05-06,Diwali Bonanza,Facebook,South,Tablet,Loyal
8865,2025-05-06,Flash Sale,Email,Central,Tablet,Returning
6985,2025-05-06,New Year Blast,Facebook,West,Desktop,Returning
2344,2025-05-07,New Year Blast,YouTube,South,Tablet,Returning
8043,2025-05-07,Black Friday,Facebook,West,Mobile,Loyal
4833,2025-05-07,Flash Sale,LinkedIn,West,Tablet,Returning
7145,2025-05-07,Black Friday,Email,Central,Desktop,Loyal
2117,2025-05-07,Black Friday,Google Search,West,Mobile,Loyal
7023,2025-05-07,Mega Clearance,Email,Central,Desktop,Premium
4087,2025-05-07,Flash Sale,YouTube,Central,Mobile,Returning
6848,2025-05-07,New Year Blast,Facebook,East,Desktop,Loyal
354,2025-05-07,Diwali Bonanza,Google Search,North,Desktop,Loyal
475,2025-05-07,Winter Sale,Google Search,East,Mobile,Loyal
3723,2025-05-07,Weekend Special,Instagram,North,Tablet,Loyal
1231,2025-05-07,Back to School,LinkedIn,Central,Mobile,Returning
926,2025-05-07,New Year Blast,LinkedIn,South,Mobile,Returning
3973,2025-05-07,Winter Sale,Email,South,Desktop,Loyal
1850,2025-05-07,Back to School,Google Search,South,Mobile,New
5060,2025-05-07,Back to School,Facebook,South,Tablet,Returning
4880,2025-05-07,New Year Blast,Facebook,North,Mobile,Premium
408,2025-05-07,Mega Clearance,Google Search,Central,Desktop,Premium
5997,2025-05-07,Mega Clearance,Email,West,Tablet,Returning
6951,2025-05-07,Winter Sale,Instagram,West,Desktop,Premium
34,2025-05-07,Black Friday,Google Search,East,Mobile,Returning
9711,2025-05-07,Weekend Special,Instagram,North,Tablet,Loyal
2259,2025-05-07,Flash Sale,Google Search,South,Desktop,Premium
8491,2025-05-07,Black Friday,Google Search,West,Tablet,Returning
6873,2025-05-07,Flash Sale,LinkedIn,East,Tablet,New
539,2025-05-07,Flash Sale,LinkedIn,South,Tablet,Premium
7942,2025-05-07,Summer Sale,LinkedIn,East,Mobile,Returning
1841,2025-05-08,New Year Blast,Google Search,East,Tablet,Returning
5444,2025-05-08,Winter Sale,Instagram,East,Desktop,Returning
4895,2025-05-08,Diwali Bonanza,Google Search,East,Desktop,New
4840,2025-05-08,Flash Sale,Email,East,Mobile,Premium
8042,2025-05-08,Diwali Bonanza,LinkedIn,West,Mobile,Loyal
2627,2025-05-08,Mega Clearance,Facebook,South,Mobile,Loyal
1655,2025-05-08,Diwali Bonanza,Email,West,Desktop,Loyal
9183,2025-05-08,New Year Blast,YouTube,West,Desktop,New
328,2025-05-08,Winter Sale,Google Search,South,Desktop,Loyal
5822,2025-05-08,Summer Sale,Facebook,South,Desktop,New
2953,2025-05-08,Diwali Bonanza,YouTube,Central,Mobile,New
8357,2025-05-08,Back to School,Email,North,Desktop,Loyal
6232,2025-05-08,New Year Blast,Instagram,Central,Desktop,Loyal
586,2025-05-08,Flash Sale,YouTube,East,Desktop,New
2773,2025-05-08,Festive Combo,Email,West,Mobile,Premium
4170,2025-05-08,New Year Blast,YouTube,West,Desktop,Returning
8157,2025-05-08,Flash Sale,Email,West,Mobile,New
3454,2025-05-08,Black Friday,Facebook,East,Desktop,Returning
3398,2025-05-08,Black Friday,Email,South,Mobile,Premium
6705,2025-05-08,Winter Sale,Instagram,East,Desktop,Loyal
7890,2025-05-08,Flash Sale,Email,Central,Desktop,New
642,2025-05-08,Winter Sale,Instagram,East,Mobile,New
5941,2025-05-08,Summer Sale,YouTube,Central,Tablet,Returning
6037,2025-05-08,Summer Sale,Instagram,East,Desktop,Premium
9368,2025-05-09,Summer Sale,Email,Central,Mobile,Premium
4807,2025-05-09,Black Friday,LinkedIn,West,Tablet,Loyal
343,2025-05-09,Black Friday,YouTube,Central,Desktop,Returning
6134,2025-05-09,Flash Sale,Facebook,Central,Tablet,New
2746,2025-05-09,Back to School,YouTube,South,Tablet,New
4936,2025-05-09,Black Friday,YouTube,West,Tablet,New
3175,2025-05-09,Winter Sale,LinkedIn,North,Desktop,Premium
2016,2025-05-09,Diwali Bonanza,Facebook,East,Desktop,New
2101,2025-05-09,Diwali Bonanza,LinkedIn,Central,Mobile,Premium
3019,2025-05-09,Flash Sale,Google Search,West,Desktop,Returning
8247,2025-05-09,Mega Clearance,LinkedIn,West,Tablet,Returning
4251,2025-05-09,Festive Combo,LinkedIn,North,Tablet,Returning
7241,2025-05-09,Mega Clearance,Instagram,North,Mobile,Premium
7529,2025-05-09,Mega Clearance,Google Search,Central,Tablet,Premium
1628,2025-05-09,New Year Blast,YouTube,East,Mobile,Returning
292,2025-05-09,Summer Sale,YouTube,West,Desktop,New
1169,2025-05-09,Black Friday,Google Search,North,Tablet,New
8264,2025-05-09,New Year Blast,Google Search,Central,Mobile,Returning
7311,2025-05-09,Back to School,Facebook,East,Desktop,Returning
2898,2025-05-09,New Year Blast,Instagram,East,Tablet,Returning
2472,2025-05-09,Flash Sale,Email,East,Desktop,Returning
2957,2025-05-09,Weekend Special,LinkedIn,South,Tablet,Loyal
5559,2025-05-09,Flash Sale,Email,West,Tablet,New
7348,2025-05-09,Flash Sale,Instagram,South,Tablet,Loyal
7191,2025-05-09,Black Friday,Facebook,Central,Desktop,New
2941,2025-05-09,Winter Sale,Email,East,Desktop,Returning
6537,2025-05-10,New Year Blast,Facebook,East,Tablet,Premium
2722,2025-05-10,Black Friday,Email,East,Tablet,New
2864,2025-05-10,Mega Clearance,Google Search,Central,Desktop,Returning
2858,2025-05-10,Weekend Special,Google Search,North,Mobile,New
5667,2025-05-10,New Year Blast,LinkedIn,North,Desktop,New
6049,2025-05-10,New Year Blast,Email,North,Desktop,Loyal
7192,2025-05-10,Diwali Bonanza,Facebook,North,Tablet,New
8771,2025-05-10,New Year Blast,Facebook,West,Mobile,Loyal
9683,2025-05-10,Mega Clearance,Email,East,Tablet,Returning
1152,2025-05-10,Diwali Bonanza,Email,East,Desktop,Premium
3016,2025-05-10,Flash Sale,Facebook,West,Desktop,Loyal
7388,2025-05-10,Weekend Special,YouTube,East,Tablet,Returning
9741,2025-05-10,Back to School,Google Search,North,Tablet,Loyal
5393,2025-05-10,Summer Sale,Facebook,West,Desktop,Loyal
9106,2025-05-10,New Year Blast,LinkedIn,West,Desktop,Returning
8495,2025-05-10,Summer Sale,Google Search,East,Desktop,Loyal
314,2025-05-10,Summer Sale,YouTube,South,Desktop,Premium
3104,2025-05-10,Black Friday,YouTube,Central,Tablet,Returning
2631,2025-05-10,Festive Combo,Google Search,South,Desktop,Loyal
7919,2025-05-10,Festive Combo,Facebook,West,Mobile,Loyal
5636,2025-05-10,Weekend Special,Facebook,Central,Tablet,Premium
1309,2025-05-10,Summer Sale,Google Search,East,Tablet,New
7659,2025-05-10,New Year Blast,Instagram,West,Tablet,Returning
141,2025-05-10,Festive Combo,Google Search,North,Desktop,Loyal
8629,2025-05-10,Weekend Special,Facebook,South,Mobile,New
4223,2025-05-10,Mega Clearance,YouTube,East,Mobile,Premium
1173,2025-05-10,New Year Blast,LinkedIn,North,Tablet,Loyal
9039,2025-05-10,New Year Blast,LinkedIn,North,Mobile,Loyal
5097,2025-05-10,Flash Sale,Facebook,Central,Desktop,Loyal
1716,2025-05-11,Black Friday,Email,Central,Tablet,Returning
2908,2025-05-11,Mega Clearance,Google Search,East,Mobile,Loyal
3081,2025-05-11,Mega Clearance,LinkedIn,North,Mobile,Loyal
5210,2025-05-11,Diwali Bonanza,LinkedIn,East,Desktop,Loyal
5058,2025-05-11,Back to School,YouTube,Central,Mobile,Premium
2414,2025-05-11,Flash Sale,Google Search,Central,Mobile,Loyal
7266,2025-05-11,Summer Sale,Google Search,Central,Mobile,New
5560,2025-05-11,Festive Combo,YouTube,Central,Desktop,Returning
6287,2025-05-11,New Year Blast,Email,West,Desktop,Premium
911,2025-05-11,Festive Combo,YouTube,North,Desktop,Premium
8180,2025-05-11,Diwali Bonanza,Google Search,East,Tablet,Returning
5963,2025-05-11,Back to School,Instagram,East,Mobile,New
9954,2025-05-11,Mega Clearance,Instagram,West,Mobile,New
5935,2025-05-11,Festive Combo,Instagram,North,Mobile,New
78,2025-05-11,Summer Sale,YouTube,West,Mobile,Returning
3735,2025-05-11,Black Friday,LinkedIn,South,Tablet,Premium
6308,2025-05-11,Flash Sale,YouTube,North,Mobile,Returning
4155,2025-05-11,Festive Combo,Email,West,Tablet,Loyal
1015,2025-05-11,Diwali Bonanza,Google Search,East,Mobile,Premium
7638,2025-05-11,Winter Sale,Facebook,Central,Tablet,Returning
8160,2025-05-11,Summer Sale,Email,South,Desktop,New
5159,2025-05-11,Summer Sale,YouTube,West,Tablet,Loyal
5067,2025-05-11,Back to School,Google Search,East,Tablet,New
7617,2025-05-11,Black Friday,YouTube,North,Mobile,New
5920,2025-05-12,New Year Blast,Instagram,Central,Desktop,Returning
4588,2025-05-12,New Year Blast,YouTube,Central,Mobile,New
7859,2025-05-12,Summer Sale,LinkedIn,West,Mobile,Returning
9241,2025-05-12,Summer Sale,Instagram,East,Mobile,New
5505,2025-05-12,Back to School,Facebook,East,Tablet,Loyal
1705,2025-05-12,Flash Sale,LinkedIn,East,Desktop,Premium
4678,2025-05-12,New Year Blast,Instagram,North,Tablet,Loyal
8963,2025-05-12,Mega Clearance,YouTube,East,Desktop,New
5018,2025-05-12,New Year Blast,Facebook,North,Mobile,New
6969,2025-05-12,New Year Blast,Facebook,West,Mobile,Premium
9832,2025-05-12,Festive Combo,Facebook,Central,Tablet,New
734,2025-05-12,Black Friday,LinkedIn,East,Desktop,Loyal
5342,2025-05-12,Black Friday,LinkedIn,East,Mobile,Loyal
9405,2025-05-12,Winter Sale,LinkedIn,North,Tablet,New
1748,2025-05-12,Festive Combo,YouTube,North,Tablet,Returning
4825,2025-05-12,Weekend Special,Instagram,South,Mobile,New
4224,2025-05-12,Mega Clearance,Facebook,North,Desktop,Premium
5482,2025-05-12,Weekend Special,Email,East,Tablet,Returning
9762,2025-05-12,Festive Combo,Facebook,North,Desktop,Premium
8627,2025-05-12,Black Friday,LinkedIn,East,Tablet,Loyal
2401,2025-05-12,Winter Sale,LinkedIn,North,Mobile,Premium
9599,2025-05-12,Black Friday,YouTube,East,Mobile,Returning
3766,2025-05-13,New Year Blast,YouTube,West,Mobile,New
4619,2025-05-13,Summer Sale,Facebook,Central,Mobile,Premium
4621,2025-05-13,Diwali Bonanza,LinkedIn,West,Mobile,Returning
5351,2025-05-13,Festive Combo,Google Search,Central,Tablet,Returning
8794,2025-05-13,Festive Combo,Email,East,Desktop,Returning
5439,2025-05-13,Flash Sale,Facebook,East,Mobile,Returning
3143,2025-05-13,New Year Blast,Instagram,Central,Mobile,Returning
2452,2025-05-13,Back to School,YouTube,Central,Tablet,Loyal
6344,2025-05-13,Diwali Bonanza,Facebook,Central,Desktop,Loyal
9022,2025-05-13,Weekend Special,Instagram,West,Desktop,Returning
4288,2025-05-13,Flash Sale,YouTube,Central,Desktop,Returning
7713,2025-05-13,Mega Clearance,YouTube,West,Tablet,Returning
4277,2025-05-13,Diwali Bonanza,LinkedIn,North,Tablet,Loyal
9062,2025-05-13,Weekend Special,YouTube,North,Tablet,Loyal
5087,2025-05-13,Black Friday,Email,North,Desktop,New
9400,2025-05-13,Festive Combo,Instagram,South,Tablet,Returning
6989,2025-05-13,Winter Sale,YouTube,North,Mobile,New
1073,2025-05-13,Weekend Special,Email,Central,Desktop,Returning
6280,2025-05-13,Summer Sale,YouTube,Central,Tablet,New
2238,2025-05-13,Mega Clearance,Google Search,South,Tablet,Premium
8779,2025-05-14,Back to School,Google Search,Central,Mobile,Premium
2612,2025-05-14,Back to School,Instagram,West,Desktop,Premium
9560,2025-05-14,Black Friday,Email,East,Mobile,New
9111,2025-05-14,Festive Combo,Google Search,East,Mobile,New
3168,2025-05-14,New Year Blast,YouTube,South,Tablet,Loyal
5729,2025-05-14,Mega Clearance,Facebook,North,Mobile,Loyal
9223,2025-05-14,Back to School,Email,South,Mobile,Returning
3464,2025-05-14,New Year Blast,Email,South,Mobile,New
6977,2025-05-14,Black Friday,Email,North,Desktop,Loyal
6979,2025-05-14,Flash Sale,Email,South,Desktop,Loyal
9266,2025-05-14,Mega Clearance,Facebook,South,Desktop,Returning
1259,2025-05-14,Black Friday,LinkedIn,East,Desktop,New
608,2025-05-14,Diwali Bonanza,Google Search,West,Desktop,Returning
4034,2025-05-14,New Year Blast,Email,South,Mobile,Premium
2798,2025-05-14,Black Friday,Facebook,North,Tablet,New
403,2025-05-14,Back to School,YouTube,South,Mobile,New
1421,2025-05-14,Diwali Bonanza,YouTube,West,Desktop,New
2353,2025-05-14,Summer Sale,Google Search,Central,Tablet,Returning
5363,2025-05-14,Mega Clearance,YouTube,South,Mobile,Premium
3559,2025-05-14,New Year Blast,LinkedIn,North,Tablet,Returning
8012,2025-05-14,Flash Sale,LinkedIn,South,Desktop,Loyal
912,2025-05-14,Back to School,Instagram,Central,Tablet,Premium
1416,2025-05-14,Winter Sale,Instagram,North,Mobile,Loyal
9386,2025-05-14,Black Friday,LinkedIn,North,Desktop,New
6627,2025-05-14,New Year Blast,Google Search,Central,Tablet,Premium
8503,2025-05-14,Winter Sale,Facebook,Central,Mobile,Loyal
5885,2025-05-14,Winter Sale,Facebook,East,Tablet,Returning
1414,2025-05-14,Diwali Bonanza,Email,West,Desktop,Loyal
4062,2025-05-15,Back to School,Google Search,East,Mobile,Loyal
8911,2025-05-15,Flash Sale,Google Search,West,Tablet,Returning
5825,2025-05-15,Winter Sale,Email,South,Tablet,New
6457,2025-05-15,Back to School,LinkedIn,West,Tablet,Returning
5145,2025-05-15,New Year Blast,Email,South,Tablet,Loyal
3537,2025-05-15,Diwali Bonanza,YouTube,West,Mobile,Returning
8663,2025-05-15,Mega Clearance,Facebook,South,Desktop,Loyal
5796,2025-05-15,Mega Clearance,Google Search,West,Desktop,Loyal
1344,2025-05-15,Festive Combo,Email,West,Tablet,Premium
8123,2025-05-15,Winter Sale,Facebook,East,Tablet,Premium
6652,2025-05-15,Weekend Special,LinkedIn,West,Mobile,Premium
9525,2025-05-15,Black Friday,YouTube,East,Mobile,Loyal
5891,2025-05-15,Flash Sale,Instagram,West,Mobile,Loyal
2004,2025-05-15,Diwali Bonanza,Google Search,North,Desktop,Premium
3520,2025-05-15,Diwali Bonanza,Google Search,East,Desktop,Loyal
2185,2025-05-15,Mega Clearance,Facebook,North,Desktop,Loyal
9817,2025-05-15,Diwali Bonanza,Google Search,East,Desktop,Premium
938,2025-05-15,Winter Sale,LinkedIn,South,Tablet,Premium
1406,2025-05-15,Black Friday,Email,West,Mobile,Premium
6769,2025-05-15,Black Friday,LinkedIn,West,Mobile,Returning
569,2025-05-15,Black Friday,Google Search,North,Desktop,Premium
5267,2025-05-15,Festive Combo,Google Search,East,Desktop,Premium
826,2025-05-15,Winter Sale,YouTube,North,Mobile,New
6042,2025-05-15,Flash Sale,Google Search,North,Tablet,Returning
580,2025-05-15,Mega Clearance,YouTube,North,Desktop,Loyal
837,2025-05-15,Mega Clearance,Email,Central,Mobile,Loyal
3258,2025-05-15,Summer Sale,LinkedIn,Central,Tablet,Premium
5101,2025-05-16,Mega Clearance,Facebook,West,Tablet,Returning
5590,2025-05-16,New Year Blast,LinkedIn,East,Tablet,Returning
1901,2025-05-16,Winter Sale,Google Search,South,Tablet,Returning
372,2025-05-16,Mega Clearance,Email,South,Tablet,New
3481,2025-05-16,Mega Clearance,LinkedIn,North,Desktop,Loyal
8126,2025-05-16,Winter Sale,Email,North,Tablet,Loyal
8382,2025-05-16,Black Friday,LinkedIn,East,Tablet,Loyal
1625,2025-05-16,Winter Sale,Instagram,North,Desktop,New
5186,2025-05-16,Diwali Bonanza,Email,West,Tablet,Loyal
6579,2025-05-16,Back to School,Email,West,Tablet,Loyal
8817,2025-05-16,Black Friday,LinkedIn,North,Mobile,New
9270,2025-05-16,Black Friday,Instagram,North,Tablet,Loyal
2059,2025-05-16,Winter Sale,Email,North,Desktop,Loyal
8300,2025-05-16,Weekend Special,Facebook,Central,Desktop,Returning
2049,2025-05-16,New Year Blast,YouTube,North,Desktop,Returning
151,2025-05-16,Mega Clearance,YouTube,South,Desktop,New
7696,2025-05-16,Weekend Special,Instagram,West,Tablet,Loyal
991,2025-05-16,Back to School,Email,South,Mobile,Premium
2474,2025-05-16,Weekend Special,Facebook,East,Desktop,Premium
893,2025-05-16,Black Friday,Facebook,South,Mobile,Premium
9590,2025-05-16,Mega Clearance,YouTube,North,Desktop,Returning
5390,2025-05-16,Festive Combo,Instagram,Central,Desktop,Premium
2074,2025-05-16,Winter Sale,Facebook,North,Tablet,Premium
182,2025-05-16,Back to School,Email,West,Tablet,New
9339,2025-05-16,Weekend Special,Facebook,East,Mobile,Premium
9903,2025-05-16,Flash Sale,Facebook,West,Desktop,Returning
9206,2025-05-16,Weekend Special,Email,North,Tablet,Premium
2348,2025-05-16,Winter Sale,LinkedIn,East,Tablet,Premium
7169,2025-05-16,New Year Blast,Google Search,East,Mobile,New
9700,2025-05-16,Black Friday,LinkedIn,West,Mobile,Returning
7213,2025-05-16,Back to School,Instagram,West,Tablet,Premium
7009,2025-05-16,Mega Clearance,Facebook,North,Desktop,Loyal
5905,2025-05-16,New Year Blast,Email,North,Desktop,Loyal
3196,2025-05-16,New Year Blast,Email,North,Tablet,Loyal
1510,2025-05-16,Mega Clearance,LinkedIn,West,Desktop,Loyal
947,2025-05-17,Flash Sale,Google Search,Central,Desktop,Returning
3370,2025-05-17,Flash Sale,Google Search,West,Tablet,Loyal
7902,2025-05-17,Flash Sale,Instagram,East,Desktop,New
4412,2025-05-17,Winter Sale,LinkedIn,South,Mobile,Premium
1164,2025-05-17,Winter Sale,Instagram,Central,Desktop,Loyal
7568,2025-05-17,Mega Clearance,LinkedIn,South,Desktop,Premium
4837,2025-05-17,Festive Combo,LinkedIn,South,Desktop,Returning
6834,2025-05-17,Winter Sale,Google Search,North,Mobile,Premium
624,2025-05-17,Weekend Special,YouTube,North,Mobile,Loyal
9105,2025-05-17,Summer Sale,Instagram,North,Tablet,Loyal
8787,2025-05-17,Summer Sale,Google Search,West,Mobile,Loyal
9517,2025-05-17,Black Friday,Instagram,East,Desktop,Loyal
8268,2025-05-17,New Year Blast,Email,Central,Desktop,New
3486,2025-05-17,Weekend Special,LinkedIn,Central,Tablet,Returning
9537,2025-05-17,Mega Clearance,Instagram,Central,Tablet,Returning
1352,2025-05-17,Summer Sale,YouTube,West,Tablet,New
7751,2025-05-17,New Year Blast,Google Search,South,Mobile,Premium
2058,2025-05-17,Summer Sale,LinkedIn,Central,Desktop,Premium
2937,2025-05-18,Back to School,Instagram,West,Mobile,Returning
674,2025-05-18,Back to School,Google Search,East,Desktop,Premium
4310,2025-05-18,Weekend Special,LinkedIn,Central,Tablet,Returning
3080,2025-05-18,Black Friday,Email,North,Tablet,Loyal
9024,2025-05-18,Summer Sale,YouTube,West,Mobile,New
6354,2025-05-18,Festive Combo,Facebook,West,Mobile,Premium
9756,2025-05-18,Black Friday,YouTube,East,Mobile,Premium
8169,2025-05-18,Summer Sale,YouTube,West,Mobile,Loyal
8887,2025-05-18,New Year Blast,Instagram,North,Mobile,Premium
1988,2025-05-18,New Year Blast,Instagram,West,Tablet,Returning
2947,2025-05-18,Diwali Bonanza,Email,North,Desktop,Premium
6263,2025-05-18,New Year Blast,Google Search,East,Desktop,Returning
6094,2025-05-18,Festive Combo,YouTube,East,Tablet,Returning
4683,2025-05-18,Diwali Bonanza,Facebook,Central,Tablet,Loyal
6708,2025-05-18,Mega Clearance,LinkedIn,West,Desktop,New
3323,2025-05-18,Summer Sale,Google Search,East,Mobile,Loyal
7246,2025-05-18,Festive Combo,LinkedIn,Central,Mobile,Returning
6026,2025-05-18,Festive Combo,LinkedIn,North,Desktop,Loyal
1849,2025-05-18,Back to School,Instagram,East,Tablet,Loyal
529,2025-05-18,Weekend Special,Instagram,Central,Mobile,Loyal
2483,2025-05-18,Black Friday,Instagram,West,Desktop,Premium
9304,2025-05-18,Weekend Special,Facebook,East,Tablet,Loyal
8912,2025-05-18,Diwali Bonanza,LinkedIn,North,Desktop,Returning
4164,2025-05-19,Festive Combo,Google Search,Central,Mobile,New
4696,2025-05-19,Diwali Bonanza,YouTube,North,Mobile,New
6644,2025-05-19,Back to School,YouTube,East,Mobile,New
7530,2025-05-19,Flash Sale,Email,Central,Desktop,Returning
920,2025-05-19,Festive Combo,Instagram,Central,Tablet,Loyal
4535,2025-05-19,Festive Combo,LinkedIn,North,Desktop,Loyal
478,2025-05-19,Winter Sale,Facebook,North,Mobile,Loyal
3043,2025-05-19,Diwali Bonanza,Google Search,West,Desktop,New
1241,2025-05-19,Mega Clearance,Email,Central,Mobile,New
8490,2025-05-19,Festive Combo,Email,Central,Desktop,Premium
2907,2025-05-19,Mega Clearance,LinkedIn,Central,Desktop,Returning
8203,2025-05-19,Mega Clearance,Email,Central,Mobile,New
9971,2025-05-19,New Year Blast,Email,West,Tablet,Premium
6470,2025-05-19,Flash Sale,Email,Central,Tablet,Loyal
4640,2025-05-19,Summer Sale,YouTube,West,Desktop,Premium
7921,2025-05-19,Back to School,Email,West,Desktop,Returning
5975,2025-05-19,Summer Sale,YouTube,East,Desktop,Loyal
8526,2025-05-19,Diwali Bonanza,Facebook,West,Desktop,Premium
9680,2025-05-19,Black Friday,Instagram,South,Mobile,New
5177,2025-05-19,Back to School,YouTube,North,Mobile,New
3749,2025-05-19,Flash Sale,LinkedIn,Central,Tablet,Loyal
3503,2025-05-19,Flash Sale,Email,North,Mobile,Premium
7707,2025-05-19,New Year Blast,Google Search,North,Mobile,Premium
3994,2025-05-19,Weekend Special,Instagram,East,Tablet,New
9480,2025-05-19,New Year Blast,Facebook,North,Mobile,Loyal
7327,2025-05-19,Summer Sale,Google Search,East,Tablet,Returning
3957,2025-05-19,Black Friday,Email,South,Tablet,New
5575,2025-05-19,Winter Sale,Facebook,South,Desktop,New
9165,2025-05-19,Mega Clearance,Instagram,North,Mobile,Returning
6997,2025-05-19,Diwali Bonanza,LinkedIn,North,Tablet,Premium
4008,2025-05-19,New Year Blast,Instagram,East,Mobile,New
6126,2025-05-19,Back to School,Facebook,Central,Mobile,Loyal
2096,2025-05-19,Diwali Bonanza,YouTube,South,Desktop,New
6339,2025-05-20,Festive Combo,LinkedIn,West,Desktop,New
1701,2025-05-20,Festive Combo,Google Search,East,Desktop,Loyal
2704,2025-05-20,Mega Clearance,Facebook,West,Tablet,Returning
9827,2025-05-20,Winter Sale,YouTube,North,Desktop,New
155,2025-05-20,Weekend Special,Email,West,Desktop,New
294,2025-05-20,Festive Combo,Email,South,Desktop,New
5537,2025-05-20,Festive Combo,LinkedIn,West,Desktop,Loyal
8365,2025-05-20,Diwali Bonanza,Facebook,East,Desktop,Premium
8004,2025-05-20,Weekend Special,Email,West,Desktop,Returning
8036,2025-05-20,Diwali Bonanza,YouTube,East,Mobile,Loyal
8266,2025-05-20,New Year Blast,LinkedIn,Central,Tablet,Returning
4871,2025-05-20,New Year Blast,Facebook,West,Tablet,Loyal
3802,2025-05-20,Flash Sale,YouTube,West,Desktop,New
2347,2025-05-20,Black Friday,Facebook,East,Desktop,Loyal
3837,2025-05-20,Mega Clearance,LinkedIn,Central,Mobile,Loyal
2779,2025-05-20,Back to School,LinkedIn,East,Tablet,Returning
249,2025-05-20,Festive Combo,YouTube,West,Desktop,Loyal
1624,2025-05-20,Flash Sale,Google Search,South,Desktop,Returning
3811,2025-05-20,Summer Sale,Email,North,Tablet,Loyal
9004,2025-05-20,Black Friday,Facebook,Central,Mobile,Loyal
2986,2025-05-20,Back to School,Email,East,Desktop,Loyal
8244,2025-05-20,Flash Sale,Instagram,East,Tablet,Premium
60,2025-05-20,New Year Blast,Email,South,Tablet,Premium
5882,2025-05-20,Weekend Special,LinkedIn,South,Mobile,Premium
9672,2025-05-20,Back to School,Facebook,South,Desktop,Premium
2529,2025-05-21,Back to School,Google Search,South,Mobile,Returning
1760,2025-05-21,Mega Clearance,LinkedIn,South,Desktop,Premium
527,2025-05-21,Black Friday,Email,East,Mobile,Loyal
6183,2025-05-21,Summer Sale,LinkedIn,West,Mobile,Premium
6582,2025-05-21,Festive Combo,Instagram,East,Tablet,New
769,2025-05-21,Flash Sale,Instagram,East,Desktop,Returning
2407,2025-05-21,New Year Blast,LinkedIn,Central,Tablet,Premium
8541,2025-05-21,Mega Clearance,LinkedIn,South,Tablet,Returning
6251,2025-05-21,Back to School,Instagram,North,Mobile,New
3092,2025-05-21,Flash Sale,Google Search,East,Mobile,Loyal
616,2025-05-21,New Year Blast,LinkedIn,South,Mobile,Returning
2032,2025-05-21,Flash Sale,Google Search,North,Desktop,Returning
4067,2025-05-21,Back to School,Email,North,Mobile,Returning
4384,2025-05-21,Winter Sale,Instagram,Central,Tablet,Returning
9957,2025-05-21,Winter Sale,LinkedIn,North,Tablet,New
2786,2025-05-21,Festive Combo,Instagram,South,Tablet,Loyal
9523,2025-05-21,Diwali Bonanza,Email,East,Mobile,Returning
1379,2025-05-21,Festive Combo,LinkedIn,East,Tablet,New
9276,2025-05-21,Summer Sale,Email,South,Mobile,Loyal
5185,2025-05-21,Diwali Bonanza,LinkedIn,East,Mobile,Loyal
6475,2025-05-21,Diwali Bonanza,Facebook,East,Mobile,Premium
269,2025-05-21,Mega Clearance,Google Search,East,Tablet,New
322,2025-05-21,Summer Sale,Google Search,West,Desktop,Returning
9162,2025-05-21,Back to School,Instagram,Central,Mobile,New
6283,2025-05-21,Weekend Special,YouTube,East,Tablet,Premium
3485,2025-05-21,Weekend Special,Email,South,Mobile,Returning
1203,2025-05-21,Diwali Bonanza,LinkedIn,South,Tablet,Premium
9990,2025-05-21,Winter Sale,Facebook,East,Desktop,Returning
6947,2025-05-21,Back to School,Google Search,Central,Desktop,Premium
2237,2025-05-21,Festive Combo,LinkedIn,South,Mobile,Premium
5501,2025-05-21,Weekend Special,YouTube,West,Desktop,New
1775,2025-05-21,Festive Combo,Instagram,North,Mobile,New
2490,2025-05-21,Winter Sale,Google Search,South,Mobile,Premium
3498,2025-05-21,Summer Sale,Email,West,Desktop,New
7202,2025-05-21,Flash Sale,YouTube,South,Mobile,Returning
5696,2025-05-22,Diwali Bonanza,Google Search,South,Tablet,Loyal
7762,2025-05-22,Flash Sale,Google Search,East,Mobile,Loyal
4215,2025-05-22,Winter Sale,Email,West,Desktop,Loyal
3389,2025-05-22,Weekend Special,Facebook,North,Tablet,Returning
7913,2025-05-22,Mega Clearance,LinkedIn,South,Mobile,Loyal
8634,2025-05-22,Summer Sale,Email,South,Tablet,Returning
6005,2025-05-22,Back to School,LinkedIn,East,Desktop,Premium
668,2025-05-22,Weekend Special,LinkedIn,North,Tablet,Loyal
4494,2025-05-22,Flash Sale,LinkedIn,South,Mobile,Returning
3582,2025-05-22,Flash Sale,Email,South,Mobile,Premium
4425,2025-05-22,Black Friday,LinkedIn,North,Desktop,Loyal
2593,2025-05-22,Festive Combo,Google Search,East,Desktop,Premium
3182,2025-05-22,Back to School,YouTube,South,Desktop,New
1626,2025-05-22,Black Friday,Google Search,North,Mobile,Premium
7940,2025-05-22,New Year Blast,Facebook,East,Desktop,Returning
9641,2025-05-22,New Year Blast,Facebook,West,Tablet,Returning
1248,2025-05-22,Summer Sale,Google Search,East,Desktop,Loyal
1214,2025-05-22,Summer Sale,Facebook,North,Mobile,Loyal
823,2025-05-22,Back to School,Facebook,East,Desktop,Loyal
8847,2025-05-22,Mega Clearance,Google Search,North,Desktop,Premium
2977,2025-05-22,Flash Sale,Facebook,North,Mobile,Premium
9552,2025-05-22,Weekend Special,YouTube,East,Desktop,Premium
4834,2025-05-22,Mega Clearance,Email,East,Mobile,Loyal
2128,2025-05-22,Summer Sale,Facebook,East,Tablet,Returning
5751,2025-05-22,Back to School,Facebook,Central,Mobile,Premium
1174,2025-05-22,Flash Sale,YouTube,East,Desktop,Returning
3021,2025-05-23,Black Friday,YouTube,South,Desktop,New
8235,2025-05-23,Back to School,LinkedIn,East,Tablet,Loyal
74,2025-05-23,Back to School,YouTube,Central,Desktop,Premium
37,2025-05-23,Festive Combo,Facebook,Central,Mobile,Loyal
1525,2025-05-23,Winter Sale,Facebook,North,Tablet,Premium
7364,2025-05-23,New Year Blast,Facebook,East,Desktop,New
7645,2025-05-23,Mega Clearance,Google Search,South,Tablet,Premium
2874,2025-05-23,Flash Sale,Email,West,Mobile,New
7741,2025-05-23,Diwali Bonanza,YouTube,North,Tablet,Loyal
125,2025-05-23,Festive Combo,Facebook,West,Tablet,Loyal
2901,2025-05-23,New Year Blast,Email,West,Tablet,Returning
7383,2025-05-23,Back to School,Email,East,Mobile,Premium
7103,2025-05-23,Mega Clearance,Google Search,West,Desktop,Premium
7598,2025-05-23,Winter Sale,Email,Central,Mobile,Premium
6731,2025-05-23,Diwali Bonanza,Facebook,South,Tablet,New
8285,2025-05-23,Festive Combo,LinkedIn,West,Mobile,Premium
111,2025-05-23,Flash Sale,Instagram,North,Desktop,New
1273,2025-05-23,Black Friday,Google Search,North,Tablet,Loyal
4350,2025-05-23,Diwali Bonanza,Google Search,North,Desktop,Returning
3709,2025-05-23,Festive Combo,Instagram,South,Tablet,Returning
6954,2025-05-23,New Year Blast,Email,South,Mobile,Returning
7084,2025-05-23,Mega Clearance,Facebook,North,Desktop,Premium
7102,2025-05-23,Black Friday,Facebook,West,Mobile,New
242,2025-05-23,Mega Clearance,Facebook,West,Tablet,New
9289,2025-05-23,New Year Blast,Google Search,South,Desktop,Premium
9608,2025-05-24,Winter Sale,Facebook,North,Mobile,New
8832,2025-05-24,Back to School,Instagram,West,Desktop,Loyal
1417,2025-05-24,Back to School,LinkedIn,East,Desktop,Premium
6432,2025-05-24,Mega Clearance,Instagram,South,Mobile,New
2048,2025-05-24,Back to School,YouTube,West,Mobile,New
3061,2025-05-24,Back to School,LinkedIn,North,Tablet,Premium
8698,2025-05-24,Flash Sale,Instagram,East,Mobile,Loyal
9723,2025-05-24,Festive Combo,Google Search,Central,Mobile,New
6404,2025-05-24,Flash Sale,Email,South,Desktop,Returning
2582,2025-05-24,New Year Blast,Instagram,Central,Desktop,Loyal
9482,2025-05-24,Summer Sale,Facebook,Central,Desktop,New
1946,2025-05-24,Mega Clearance,Instagram,East,Mobile,New
3180,2025-05-24,New Year Blast,Email,Central,Tablet,New
8138,2025-05-24,Black Friday,Instagram,South,Desktop,New
9453,2025-05-24,Winter Sale,Instagram,North,Desktop,Returning
675,2025-05-24,Festive Combo,YouTube,North,Mobile,Returning
8092,2025-05-24,Back to School,Email,South,Tablet,Loyal
9409,2025-05-24,Black Friday,Email,East,Tablet,Loyal
8239,2025-05-24,Summer Sale,Email,South,Mobile,New
5864,2025-05-24,Festive Combo,Instagram,Central,Desktop,Loyal
4336,2025-05-24,New Year Blast,Email,Central,Mobile,Returning
9284,2025-05-24,Flash Sale,Facebook,Central,Mobile,Returning
5237,2025-05-24,Flash Sale,Google Search,North,Tablet,Premium
492,2025-05-24,Flash Sale,Instagram,North,Tablet,Returning
2189,2025-05-24,New Year Blast,Google Search,South,Tablet,Premium
1876,2025-05-24,Diwali Bonanza,Instagram,North,Tablet,New
4417,2025-05-24,Festive Combo,Facebook,South,Tablet,Loyal
6805,2025-05-25,Festive Combo,LinkedIn,Central,Mobile,Premium
4645,2025-05-25,Mega Clearance,LinkedIn,East,Desktop,Loyal
3012,2025-05-25,Back to School,YouTube,East,Tablet,Returning
359,2025-05-25,Festive Combo,Email,West,Desktop,New
8250,2025-05-25,Flash Sale,LinkedIn,South,Desktop,Loyal
6121,2025-05-25,Festive Combo,YouTube,East,Tablet,Premium
7541,2025-05-25,Black Friday,LinkedIn,Central,Mobile,New
8263,2025-05-25,Back to School,YouTube,Central,Tablet,Returning
8712,2025-05-25,Mega Clearance,YouTube,South,Mobile,Loyal
6493,2025-05-25,Back to School,Facebook,West,Mobile,Premium
7426,2025-05-25,Winter Sale,Instagram,North,Tablet,Premium
5425,2025-05-25,Winter Sale,Google Search,South,Tablet,Returning
8980,2025-05-25,Winter Sale,Google Search,South,Mobile,Premium
5061,2025-05-25,Diwali Bonanza,LinkedIn,West,Tablet,Returning
4873,2025-05-25,Summer Sale,Email,Central,Tablet,Premium
4225,2025-05-25,Winter Sale,Google Search,North,Tablet,Loyal
8288,2025-05-25,New Year Blast,Email,East,Mobile,Premium
6673,2025-05-25,Back to School,Google Search,South,Desktop,New
1396,2025-05-25,Black Friday,Google Search,West,Desktop,Returning
7010,2025-05-25,Summer Sale,Google Search,West,Mobile,Loyal
4901,2025-05-25,Festive Combo,YouTube,North,Tablet,Loyal
7616,2025-05-25,Mega Clearance,Google Search,North,Desktop,Returning
1472,2025-05-25,Winter Sale,YouTube,West,Mobile,Returning
8030,2025-05-25,Winter Sale,Instagram,West,Desktop,Premium
8643,2025-05-25,Mega Clearance,Instagram,North,Desktop,New
9797,2025-05-25,Back to School,LinkedIn,West,Tablet,New
6800,2025-05-25,Weekend Special,YouTube,Central,Mobile,Premium
9227,2025-05-25,Mega Clearance,Facebook,Central,Desktop,Returning
2095,2025-05-26,Weekend Special,YouTube,Central,Mobile,New
8928,2025-05-26,Winter Sale,Facebook,West,Desktop,Loyal
2283,2025-05-26,Weekend Special,Email,South,Desktop,New
3849,2025-05-26,Black Friday,Email,East,Desktop,Premium
1216,2025-05-26,Black Friday,LinkedIn,East,Desktop,Loyal
4918,2025-05-26,Summer Sale,Email,East,Desktop,Premium
939,2025-05-26,Weekend Special,Instagram,West,Mobile,New
2787,2025-05-26,Diwali Bonanza,Email,South,Desktop,New
3830,2025-05-26,Festive Combo,Google Search,North,Mobile,Returning
4111,2025-05-26,Festive Combo,LinkedIn,North,Desktop,New
1833,2025-05-26,Summer Sale,Facebook,West,Desktop,Premium
9303,2025-05-26,Festive Combo,YouTube,East,Mobile,New
7331,2025-05-26,New Year Blast,Instagram,East,Desktop,New
3346,2025-05-26,Weekend Special,Email,Central,Desktop,Loyal
3270,2025-05-26,Summer Sale,Facebook,West,Mobile,Premium
2028,2025-05-26,Mega Clearance,Facebook,Central,Mobile,New
2034,2025-05-26,Summer Sale,YouTube,Central,Mobile,Loyal
1345,2025-05-26,Back to School,Google Search,North,Tablet,New
2035,2025-05-26,Diwali Bonanza,LinkedIn,North,Tablet,New
3294,2025-05-26,Back to School,LinkedIn,Central,Tablet,Loyal
5098,2025-05-26,Black Friday,Facebook,North,Mobile,New
5354,2025-05-26,Mega Clearance,YouTube,West,Tablet,Loyal
6765,2025-05-26,Flash Sale,Instagram,South,Mobile,Loyal
3477,2025-05-26,Weekend Special,Email,South,Desktop,Loyal
6689,2025-05-26,Summer Sale,Google Search,Central,Tablet,Returning
1435,2025-05-26,Diwali Bonanza,Google Search,East,Desktop,Loyal
7939,2025-05-26,Summer Sale,Instagram,Central,Mobile,Returning
9979,2025-05-26,New Year Blast,Instagram,East,Desktop,Premium
5096,2025-05-26,Mega Clearance,LinkedIn,West,Tablet,New
8588,2025-05-27,Flash Sale,Facebook,South,Desktop,Loyal
2832,2025-05-27,Back to School,Google Search,Central,Desktop,Loyal
8398,2025-05-27,Festive Combo,YouTube,West,Tablet,New
3545,2025-05-27,Festive Combo,Instagram,South,Mobile,New
3547,2025-05-27,Weekend Special,Email,West,Tablet,New
8225,2025-05-27,Back to School,Email,South,Mobile,Loyal
1920,2025-05-27,Winter Sale,Facebook,North,Tablet,New
3679,2025-05-27,Winter Sale,LinkedIn,Central,Desktop,Returning
9503,2025-05-27,Festive Combo,Google Search,North,Desktop,Premium
271,2025-05-27,Winter Sale,YouTube,North,Tablet,Loyal
1368,2025-05-27,Diwali Bonanza,Instagram,Central,Mobile,Loyal
2234,2025-05-27,Back to School,LinkedIn,East,Mobile,Returning
5021,2025-05-27,Back to School,LinkedIn,Central,Desktop,Returning
4411,2025-05-27,Weekend Special,Facebook,West,Desktop,Premium
5042,2025-05-27,New Year Blast,YouTube,North,Mobile,Premium
7555,2025-05-27,New Year Blast,YouTube,South,Mobile,New
7407,2025-05-27,Winter Sale,YouTube,Central,Mobile,Loyal
6509,2025-05-27,Back to School,Facebook,Central,Tablet,Loyal
7786,2025-05-27,Mega Clearance,Email,East,Mobile,Premium
5665,2025-05-28,Black Friday,Facebook,South,Mobile,Returning
6742,2025-05-28,Back to School,Facebook,West,Mobile,Premium
8168,2025-05-28,Winter Sale,LinkedIn,North,Mobile,Premium
4774,2025-05-28,Black Friday,Facebook,North,Mobile,Loyal
7176,2025-05-28,Festive Combo,Google Search,South,Desktop,Loyal
6655,2025-05-28,Flash Sale,YouTube,East,Mobile,Returning
5673,2025-05-28,Weekend Special,LinkedIn,East,Mobile,New
7073,2025-05-28,Diwali Bonanza,Google Search,East,Mobile,Premium
7161,2025-05-28,Black Friday,YouTube,South,Desktop,Returning
9914,2025-05-28,Mega Clearance,LinkedIn,South,Mobile,Loyal
8696,2025-05-28,Back to School,Google Search,South,Tablet,Premium
9976,2025-05-28,Festive Combo,Instagram,East,Mobile,New
2152,2025-05-28,Winter Sale,Email,Central,Mobile,Premium
8827,2025-05-28,Winter Sale,Facebook,East,Tablet,Loyal
9053,2025-05-28,Back to School,Facebook,South,Desktop,Returning
9659,2025-05-28,Weekend Special,Instagram,West,Desktop,Returning
150,2025-05-28,New Year Blast,YouTube,West,Mobile,Returning
9021,2025-05-28,Black Friday,Email,North,Tablet,Loyal
1357,2025-05-28,New Year Blast,Google Search,East,Tablet,Loyal
3155,2025-05-28,Weekend Special,Email,North,Desktop,Loyal
3154,2025-05-28,Festive Combo,Email,North,Mobile,Returning
2945,2025-05-28,Weekend Special,LinkedIn,West,Mobile,Returning
167,2025-05-28,Festive Combo,YouTube,West,Mobile,New
383,2025-05-28,Winter Sale,Email,Central,Desktop,Loyal
6272,2025-05-29,New Year Blast,YouTube,East,Desktop,Premium
4433,2025-05-29,Black Friday,Instagram,West,Desktop,New
9955,2025-05-29,Diwali Bonanza,YouTube,East,Tablet,New
259,2025-05-29,Winter Sale,LinkedIn,North,Desktop,Returning
6819,2025-05-29,Back to School,Google Search,West,Mobile,Returning
5102,2025-05-29,Summer Sale,Google Search,North,Tablet,Returning
8064,2025-05-29,Flash Sale,Google Search,South,Desktop,Returning
2711,2025-05-29,New Year Blast,Google Search,Central,Mobile,Returning
3990,2025-05-29,Back to School,Google Search,Central,Mobile,Loyal
3993,2025-05-29,Weekend Special,Email,North,Mobile,Returning
8917,2025-05-29,Summer Sale,Facebook,West,Mobile,Premium
6209,2025-05-29,Summer Sale,Email,East,Mobile,Returning
7980,2025-05-29,Winter Sale,Google Search,East,Tablet,Loyal
1442,2025-05-29,Festive Combo,LinkedIn,North,Desktop,Premium
1938,2025-05-29,Diwali Bonanza,Facebook,West,Mobile,New
808,2025-05-29,New Year Blast,Email,North,Desktop,Loyal
2151,2025-05-29,New Year Blast,LinkedIn,East,Mobile,Returning
2097,2025-05-29,Black Friday,Google Search,West,Desktop,Returning
5561,2025-05-29,Winter Sale,Email,East,Tablet,Premium
9839,2025-05-29,Weekend Special,Facebook,North,Tablet,Returning
536,2025-05-29,Mega Clearance,Instagram,Central,Tablet,New
817,2025-05-29,Winter Sale,Instagram,North,Mobile,Loyal
4925,2025-05-29,Winter Sale,YouTube,East,Desktop,New
9843,2025-05-29,Winter Sale,LinkedIn,West,Tablet,Returning
6461,2025-05-29,Mega Clearance,Instagram,West,Tablet,Loyal
8136,2025-05-29,Diwali Bonanza,LinkedIn,North,Tablet,Loyal
6738,2025-05-29,Black Friday,Instagram,Central,Mobile,New
9440,2025-05-30,Weekend Special,YouTube,West,Tablet,Loyal
6061,2025-05-30,New Year Blast,LinkedIn,West,Desktop,Premium
3000,2025-05-30,Back to School,YouTube,East,Tablet,New
4865,2025-05-30,Mega Clearance,LinkedIn,North,Tablet,Loyal
8942,2025-05-30,New Year Blast,LinkedIn,East,Mobile,Loyal
9513,2025-05-30,Mega Clearance,Email,Central,Desktop,Loyal
6312,2025-05-30,Weekend Special,YouTube,West,Desktop,New
2448,2025-05-30,New Year Blast,YouTube,South,Tablet,Premium
9545,2025-05-30,Black Friday,Email,East,Desktop,Returning
1018,2025-05-30,Flash Sale,Facebook,West,Tablet,New
6638,2025-05-30,Diwali Bonanza,Facebook,North,Tablet,Returning
1295,2025-05-30,Weekend Special,YouTube,North,Tablet,Returning
1069,2025-05-30,Festive Combo,Facebook,North,Tablet,Premium
4708,2025-05-30,Weekend Special,Facebook,North,Desktop,Returning
5602,2025-05-30,Festive Combo,LinkedIn,North,Tablet,New
5815,2025-05-30,Black Friday,Instagram,South,Tablet,Premium
3349,2025-05-30,Flash Sale,Facebook,North,Mobile,Premium
1768,2025-05-30,Diwali Bonanza,Facebook,South,Tablet,Returning
7087,2025-05-30,Summer Sale,LinkedIn,Central,Mobile,Loyal
9281,2025-05-30,Back to School,Email,Central,Tablet,Loyal
3184,2025-05-30,Black Friday,Facebook,South,Mobile,Premium
7639,2025-05-30,Mega Clearance,Facebook,South,Mobile,Returning
4676,2025-05-30,Summer Sale,Instagram,North,Desktop,Loyal
9840,2025-05-31,Winter Sale,Facebook,North,Mobile,Loyal
654,2025-05-31,Mega Clearance,LinkedIn,South,Mobile,New
9175,2025-05-31,Mega Clearance,YouTube,East,Desktop,New
2488,2025-05-31,Back to School,Google Search,East,Desktop,Loyal
1743,2025-05-31,Mega Clearance,Facebook,South,Tablet,New
4892,2025-05-31,Flash Sale,Facebook,Central,Mobile,Returning
3593,2025-05-31,Weekend Special,Facebook,West,Tablet,Loyal
4424,2025-05-31,Black Friday,LinkedIn,Central,Tablet,Premium
8496,2025-05-31,Flash Sale,LinkedIn,South,Mobile,Loyal
2393,2025-05-31,Back to School,LinkedIn,North,Desktop,Premium
3269,2025-05-31,Weekend Special,Google Search,North,Desktop,Premium
6288,2025-05-31,Diwali Bonanza,Google Search,West,Tablet,Premium
4785,2025-05-31,Summer Sale,Email,South,Mobile,Returning
2942,2025-05-31,Diwali Bonanza,LinkedIn,East,Mobile,Returning
2433,2025-05-31,Winter Sale,Google Search,South,Tablet,Loyal
6466,2025-05-31,Flash Sale,Email,East,Tablet,New
5757,2025-05-31,Festive Combo,Instagram,North,Tablet,Premium
8635,2025-05-31,Flash Sale,Instagram,Central,Tablet,New
3518,2025-05-31,Flash Sale,LinkedIn,East,Tablet,Loyal
6130,2025-05-31,Winter Sale,Facebook,East,Mobile,New
6247,2025-05-31,New Year Blast,YouTube,Central,Tablet,Returning
8451,2025-05-31,Flash Sale,YouTube,South,Tablet,New
2022,2025-05-31,Mega Clearance,YouTube,Central,Desktop,Loyal
1254,2025-05-31,Flash Sale,YouTube,Central,Mobile,Loyal
5339,2025-05-31,Summer Sale,LinkedIn,West,Tablet,Returning
6129,2025-05-31,New Year Blast,Instagram,Central,Desktop,Loyal
1582,2025-05-31,Flash Sale,LinkedIn,North,Tablet,Loyal
4534,2025-05-31,New Year Blast,Instagram,West,Desktop,New
9433,2025-05-31,Back to School,Google Search,South,Tablet,Loyal
7664,2025-05-31,New Year Blast,Email,West,Desktop,Loyal
8248,2025-06-01,Weekend Special,LinkedIn,East,Mobile,Premium
8614,2025-06-01,Diwali Bonanza,Email,Central,Mobile,Loyal
4517,2025-06-01,Summer Sale,Instagram,Central,Tablet,Returning
5862,2025-06-01,Flash Sale,Google Search,South,Desktop,Returning
5164,2025-06-01,Weekend Special,YouTube,South,Tablet,Premium
3651,2025-06-01,Festive Combo,YouTube,West,Mobile,Returning
2849,2025-06-01,Winter Sale,Facebook,South,Tablet,New
4568,2025-06-01,Festive Combo,YouTube,North,Tablet,Returning
7021,2025-06-01,Black Friday,Google Search,West,Mobile,Returning
4679,2025-06-01,Summer Sale,Facebook,South,Mobile,Loyal
5969,2025-06-01,Winter Sale,Google Search,East,Mobile,Premium
7727,2025-06-01,Diwali Bonanza,YouTube,West,Mobile,New
7076,2025-06-01,Mega Clearance,Facebook,Central,Desktop,New
3127,2025-06-01,Festive Combo,Google Search,West,Mobile,Returning
6375,2025-06-01,Black Friday,Email,West,Mobile,Premium
8772,2025-06-01,Back to School,Facebook,North,Desktop,Premium
9795,2025-06-01,Black Friday,Email,East,Mobile,Returning
6966,2025-06-01,Flash Sale,Google Search,West,Desktop,Loyal
1444,2025-06-01,Mega Clearance,Google Search,Central,Mobile,New
2966,2025-06-01,Back to School,Google Search,East,Desktop,Loyal
8540,2025-06-01,Festive Combo,LinkedIn,South,Desktop,Loyal
9231,2025-06-01,New Year Blast,Facebook,South,Desktop,Loyal
2609,2025-06-01,Black Friday,Google Search,Central,Desktop,Loyal
4279,2025-06-01,New Year Blast,LinkedIn,East,Desktop,Loyal
1621,2025-06-01,Festive Combo,Email,East,Mobile,New
1228,2025-06-01,Mega Clearance,Facebook,Central,Mobile,Returning
2008,2025-06-02,Summer Sale,Facebook,Central,Tablet,New
718,2025-06-02,New Year Blast,LinkedIn,Central,Tablet,Premium
531,2025-06-02,Summer Sale,LinkedIn,East,Desktop,New
652,2025-06-02,Black Friday,Google Search,North,Desktop,Loyal
694,2025-06-02,Winter Sale,LinkedIn,North,Desktop,Premium
4830,2025-06-02,New Year Blast,Email,West,Desktop,New
7924,2025-06-02,Festive Combo,YouTube,South,Desktop,Loyal
6008,2025-06-02,Festive Combo,Instagram,Central,Mobile,Loyal
7608,2025-06-02,Festive Combo,LinkedIn,North,Tablet,Returning
5397,2025-06-02,Winter Sale,Google Search,East,Desktop,Returning
3517,2025-06-02,Weekend Special,Email,East,Mobile,New
4845,2025-06-02,Winter Sale,Instagram,West,Mobile,Returning
6177,2025-06-02,New Year Blast,Email,East,Tablet,Loyal
9249,2025-06-02,Weekend Special,LinkedIn,Central,Tablet,New
6246,2025-06-02,Black Friday,Google Search,West,Desktop,Loyal
4635,2025-06-02,Festive Combo,Google Search,West,Mobile,Returning
7884,2025-06-02,Weekend Special,Email,Central,Tablet,New
2394,2025-06-02,Summer Sale,Email,North,Desktop,New
6405,2025-06-02,Black Friday,Instagram,East,Tablet,Loyal
2959,2025-06-02,Winter Sale,Email,West,Desktop,Loyal
1779,2025-06-02,Mega Clearance,Facebook,North,Desktop,New
9316,2025-06-02,Summer Sale,YouTube,South,Desktop,New
6370,2025-06-02,Mega Clearance,Email,Central,Desktop,Returning
2039,2025-06-02,Festive Combo,LinkedIn,North,Desktop,New
9886,2025-06-02,Winter Sale,Instagram,West,Desktop,Returning
9992,2025-06-02,Winter Sale,Email,West,Desktop,Returning
9982,2025-06-02,Flash Sale,Instagram,North,Tablet,Returning
8940,2025-06-02,Winter Sale,Email,South,Desktop,New
421,2025-06-02,Festive Combo,YouTube,Central,Desktop,Loyal
8935,2025-06-02,Black Friday,Email,Central,Mobile,Loyal
4239,2025-06-02,Festive Combo,Google Search,South,Mobile,Loyal
9897,2025-06-03,Flash Sale,LinkedIn,North,Tablet,Loyal
6228,2025-06-03,Winter Sale,LinkedIn,North,Mobile,Returning
6970,2025-06-03,Festive Combo,Google Search,East,Tablet,Loyal
2470,2025-06-03,Mega Clearance,Google Search,Central,Desktop,New
1763,2025-06-03,Diwali Bonanza,Google Search,Central,Desktop,Premium
1127,2025-06-03,Mega Clearance,YouTube,East,Desktop,Premium
5180,2025-06-03,Back to School,Google Search,South,Tablet,New
5330,2025-06-03,Back to School,Google Search,Central,Mobile,Returning
676,2025-06-03,Festive Combo,Instagram,East,Tablet,Loyal
2752,2025-06-03,Festive Combo,Instagram,Central,Tablet,Returning
1791,2025-06-03,Black Friday,Facebook,Central,Tablet,Returning
8392,2025-06-03,Mega Clearance,Google Search,East,Mobile,New
2364,2025-06-03,Mega Clearance,YouTube,Central,Mobile,Returning
9551,2025-06-03,Mega Clearance,LinkedIn,North,Desktop,Loyal
5534,2025-06-03,Winter Sale,Instagram,Central,Mobile,Premium
2960,2025-06-03,Back to School,Google Search,East,Desktop,Returning
5714,2025-06-03,Weekend Special,LinkedIn,South,Tablet,Loyal
992,2025-06-03,Winter Sale,Email,West,Tablet,Returning
4363,2025-06-03,Black Friday,YouTube,North,Tablet,Loyal
5341,2025-06-03,Weekend Special,Email,Central,Mobile,Returning
1704,2025-06-03,Mega Clearance,Email,South,Tablet,Returning
3730,2025-06-03,Summer Sale,LinkedIn,West,Desktop,Returning
2256,2025-06-03,Black Friday,Instagram,West,Desktop,Loyal
6842,2025-06-03,Festive Combo,Instagram,West,Mobile,New
3060,2025-06-03,Diwali Bonanza,YouTube,East,Desktop,Returning
8987,2025-06-03,Black Friday,Instagram,South,Desktop,Premium
9351,2025-06-03,Summer Sale,Email,Central,Desktop,New
2701,2025-06-03,Mega Clearance,LinkedIn,North,Mobile,Returning
1549,2025-06-03,Winter Sale,LinkedIn,North,Mobile,Premium
507,2025-06-03,Summer Sale,YouTube,North,Mobile,Premium
485,2025-06-03,Festive Combo,Google Search,East,Desktop,Returning
4839,2025-06-03,Winter Sale,Instagram,West,Desktop,Returning
433,2025-06-03,Flash Sale,Facebook,Central,Desktop,Returning
137,2025-06-04,Summer Sale,YouTube,Central,Mobile,Premium
5741,2025-06-04,Festive Combo,YouTube,South,Desktop,Premium
726,2025-06-04,Flash Sale,YouTube,North,Tablet,Premium
2099,2025-06-04,Mega Clearance,Instagram,South,Tablet,Loyal
5019,2025-06-04,Flash Sale,YouTube,East,Mobile,Returning
1455,2025-06-04,Winter Sale,Facebook,South,Mobile,Returning
9262,2025-06-04,Diwali Bonanza,Google Search,South,Tablet,Loyal
1859,2025-06-04,Festive Combo,Facebook,Central,Tablet,Returning
2037,2025-06-04,New Year Blast,Instagram,East,Desktop,New
4332,2025-06-04,Summer Sale,LinkedIn,West,Desktop,Loyal
3916,2025-06-04,Festive Combo,Google Search,East,Tablet,Loyal
6386,2025-06-04,Weekend Special,Email,West,Desktop,New
1976,2025-06-04,New Year Blast,Email,North,Tablet,Loyal
6844,2025-06-04,Back to School,Instagram,East,Desktop,Returning
1116,2025-06-04,Weekend Special,LinkedIn,West,Tablet,Loyal
5428,2025-06-04,Winter Sale,Facebook,North,Mobile,Premium
9064,2025-06-04,New Year Blast,YouTube,South,Mobile,Loyal
4286,2025-06-04,Weekend Special,Instagram,West,Tablet,Returning
9483,2025-06-04,Flash Sale,Email,Central,Desktop,New
6714,2025-06-04,Weekend Special,Instagram,West,Tablet,Returning
6214,2025-06-04,Flash Sale,Google Search,North,Tablet,New
4143,2025-06-04,New Year Blast,Facebook,South,Desktop,Returning
9779,2025-06-04,Back to School,Facebook,West,Desktop,New
2173,2025-06-04,Back to School,Email,East,Tablet,Returning
2280,2025-06-04,New Year Blast,LinkedIn,South,Mobile,Premium
8444,2025-06-04,Winter Sale,Facebook,West,Mobile,Premium
9097,2025-06-04,Diwali Bonanza,Email,South,Mobile,Loyal
7768,2025-06-04,Weekend Special,YouTube,North,Mobile,Loyal
5424,2025-06-04,Diwali Bonanza,Google Search,South,Desktop,Premium
6310,2025-06-04,Festive Combo,Facebook,Central,Tablet,Premium
6928,2025-06-05,Winter Sale,YouTube,East,Mobile,New
9626,2025-06-05,Black Friday,Facebook,North,Desktop,New
1543,2025-06-05,Mega Clearance,LinkedIn,West,Mobile,Returning
1700,2025-06-05,New Year Blast,Email,West,Tablet,Returning
7683,2025-06-05,Festive Combo,Instagram,East,Tablet,Loyal
1869,2025-06-05,Black Friday,Instagram,East,Tablet,New
7263,2025-06-05,Flash Sale,Email,North,Mobile,Loyal
2416,2025-06-05,New Year Blast,Instagram,West,Tablet,Loyal
5832,2025-06-05,Diwali Bonanza,Google Search,South,Mobile,Premium
4442,2025-06-05,Diwali Bonanza,YouTube,Central,Tablet,Loyal
7482,2025-06-05,Flash Sale,Facebook,East,Mobile,Returning
8242,2025-06-05,Summer Sale,Instagram,Central,Mobile,Loyal
2402,2025-06-05,Mega Clearance,Email,Central,Mobile,New
1047,2025-06-05,New Year Blast,LinkedIn,South,Desktop,Premium
1454,2025-06-05,Mega Clearance,Email,East,Tablet,Loyal
3097,2025-06-05,Black Friday,LinkedIn,South,Tablet,Premium
211,2025-06-05,Festive Combo,Google Search,North,Mobile,Returning
6388,2025-06-05,Festive Combo,Email,Central,Tablet,Returning
8960,2025-06-05,Summer Sale,Email,East,Desktop,Loyal
6591,2025-06-05,Weekend Special,Google Search,East,Mobile,Loyal
2091,2025-06-05,Festive Combo,Instagram,North,Desktop,New
3860,2025-06-05,Flash Sale,Google Search,South,Tablet,Returning
6704,2025-06-06,New Year Blast,LinkedIn,Central,Mobile,Premium
9461,2025-06-06,Summer Sale,YouTube,North,Mobile,Returning
2636,2025-06-06,Summer Sale,Email,Central,Desktop,New
3947,2025-06-06,Winter Sale,Google Search,East,Mobile,Premium
6460,2025-06-06,Diwali Bonanza,YouTube,Central,Tablet,New
1811,2025-06-06,Winter Sale,Instagram,West,Desktop,New
320,2025-06-06,Festive Combo,Email,West,Mobile,Loyal
5750,2025-06-06,Black Friday,YouTube,Central,Desktop,New
4378,2025-06-06,Black Friday,YouTube,East,Tablet,Premium
7309,2025-06-06,Back to School,Google Search,West,Desktop,New
1607,2025-06-06,Festive Combo,Facebook,East,Desktop,Returning
1350,2025-06-06,Winter Sale,Instagram,South,Mobile,Premium
4512,2025-06-06,Black Friday,Google Search,East,Tablet,New
2900,2025-06-06,Black Friday,Instagram,Central,Tablet,Loyal
4142,2025-06-06,Black Friday,LinkedIn,North,Mobile,Returning
4207,2025-06-06,Diwali Bonanza,Facebook,West,Desktop,Returning
3320,2025-06-06,Mega Clearance,Google Search,Central,Tablet,New
2102,2025-06-06,Winter Sale,Instagram,Central,Tablet,Loyal
7712,2025-06-06,Diwali Bonanza,LinkedIn,South,Tablet,Premium
6510,2025-06-06,Back to School,YouTube,West,Desktop,Premium
7536,2025-06-06,Summer Sale,Google Search,East,Desktop,New
5172,2025-06-06,Back to School,Google Search,East,Tablet,New
7427,2025-06-06,Weekend Special,LinkedIn,West,Mobile,New
8846,2025-06-06,Back to School,Google Search,South,Mobile,Returning
8277,2025-06-06,Festive Combo,LinkedIn,West,Desktop,Loyal
2535,2025-06-06,Flash Sale,YouTube,East,Desktop,Premium
3324,2025-06-07,Winter Sale,Instagram,East,Desktop,New
9550,2025-06-07,Weekend Special,Email,Central,Tablet,New
5406,2025-06-07,Mega Clearance,YouTube,East,Desktop,New
1710,2025-06-07,Mega Clearance,Google Search,West,Mobile,New
29,2025-06-07,Black Friday,Google Search,South,Tablet,New
4453,2025-06-07,Mega Clearance,Instagram,South,Desktop,Premium
7603,2025-06-07,Festive Combo,Email,Central,Desktop,Premium
8582,2025-06-07,Mega Clearance,Email,East,Tablet,Loyal
3410,2025-06-07,Diwali Bonanza,Facebook,North,Desktop,New
7109,2025-06-07,Winter Sale,Instagram,South,Desktop,Premium
5206,2025-06-07,Weekend Special,Instagram,North,Tablet,Premium
2266,2025-06-07,Festive Combo,LinkedIn,South,Tablet,Returning
3985,2025-06-07,Festive Combo,Instagram,Central,Desktop,Premium
932,2025-06-07,Back to School,LinkedIn,East,Mobile,Premium
4221,2025-06-07,Flash Sale,YouTube,West,Tablet,Returning
357,2025-06-07,Festive Combo,Google Search,North,Desktop,Loyal
9072,2025-06-07,Winter Sale,Instagram,West,Mobile,Premium
2896,2025-06-07,Festive Combo,Email,West,Desktop,Returning
8820,2025-06-07,Black Friday,Google Search,West,Desktop,Returning
9610,2025-06-07,Diwali Bonanza,Google Search,East,Mobile,Loyal
1890,2025-06-07,Back to School,LinkedIn,South,Mobile,New
868,2025-06-07,Mega Clearance,Instagram,West,Tablet,Returning
9628,2025-06-07,New Year Blast,LinkedIn,Central,Desktop,New
4015,2025-06-07,Festive Combo,LinkedIn,East,Tablet,Premium
281,2025-06-08,Weekend Special,LinkedIn,East,Mobile,New
7353,2025-06-08,Mega Clearance,Google Search,South,Mobile,Loyal
574,2025-06-08,Flash Sale,YouTube,South,Mobile,Returning
5847,2025-06-08,New Year Blast,LinkedIn,North,Tablet,Premium
7261,2025-06-08,Weekend Special,Facebook,East,Mobile,Loyal
576,2025-06-08,Diwali Bonanza,Google Search,North,Tablet,Returning
3583,2025-06-08,Flash Sale,Email,East,Tablet,New
283,2025-06-08,Diwali Bonanza,Facebook,East,Desktop,Returning
8724,2025-06-08,Flash Sale,Google Search,South,Mobile,Returning
5551,2025-06-08,Winter Sale,LinkedIn,Central,Desktop,Premium
270,2025-06-08,Festive Combo,LinkedIn,North,Mobile,Premium
2345,2025-06-08,Summer Sale,LinkedIn,East,Mobile,Premium
3233,2025-06-08,Weekend Special,YouTube,South,Tablet,Returning
3009,2025-06-08,Back to School,Facebook,South,Desktop,Returning
337,2025-06-08,Flash Sale,YouTube,West,Tablet,Loyal
9389,2025-06-08,Mega Clearance,Email,South,Desktop,Loyal
1931,2025-06-08,Black Friday,Email,South,Tablet,New
5685,2025-06-08,Mega Clearance,Instagram,West,Mobile,New
1436,2025-06-08,Mega Clearance,Facebook,East,Tablet,New
7972,2025-06-08,Winter Sale,Facebook,West,Mobile,Loyal
200,2025-06-08,Festive Combo,Google Search,Central,Desktop,Returning
6526,2025-06-08,Festive Combo,LinkedIn,West,Desktop,New
2457,2025-06-08,Black Friday,Facebook,South,Desktop,New
1934,2025-06-08,Summer Sale,Instagram,East,Desktop,Returning
4210,2025-06-08,Festive Combo,Facebook,East,Mobile,Premium
9653,2025-06-08,Back to School,Instagram,South,Mobile,New
6096,2025-06-08,New Year Blast,Facebook,East,Mobile,Loyal
1370,2025-06-08,Festive Combo,LinkedIn,Central,Desktop,Loyal
6525,2025-06-09,Weekend Special,Facebook,West,Tablet,Loyal
6739,2025-06-09,Summer Sale,YouTube,West,Desktop,Premium
6706,2025-06-09,Diwali Bonanza,Facebook,Central,Desktop,New
1097,2025-06-09,Summer Sale,YouTube,Central,Mobile,Premium
1105,2025-06-09,Mega Clearance,Instagram,Central,Desktop,New
5507,2025-06-09,Winter Sale,Email,West,Desktop,Loyal
5440,2025-06-09,Diwali Bonanza,Google Search,Central,Desktop,Loyal
8029,2025-06-09,Diwali Bonanza,LinkedIn,West,Mobile,Loyal
5181,2025-06-09,Black Friday,Instagram,South,Mobile,Returning
1754,2025-06-09,Summer Sale,Email,Central,Mobile,Loyal
6703,2025-06-09,Flash Sale,Email,West,Tablet,New
7423,2025-06-09,Weekend Special,Instagram,East,Tablet,New
247,2025-06-09,Back to School,Email,Central,Mobile,New
9889,2025-06-09,Festive Combo,LinkedIn,West,Tablet,Premium
7401,2025-06-09,Diwali Bonanza,YouTube,West,Tablet,Returning
4745,2025-06-09,Back to School,Email,Central,Mobile,New
9819,2025-06-09,Diwali Bonanza,Email,East,Desktop,Premium
2053,2025-06-09,Festive Combo,YouTube,South,Tablet,New
7125,2025-06-09,Back to School,Instagram,South,Mobile,Loyal
7465,2025-06-09,Weekend Special,YouTube,West,Tablet,Loyal
5845,2025-06-09,Summer Sale,Instagram,North,Tablet,Returning
2541,2025-06-09,Festive Combo,LinkedIn,East,Mobile,Premium
6901,2025-06-09,Festive Combo,YouTube,North,Desktop,New
4900,2025-06-09,Winter Sale,Google Search,South,Tablet,Premium
7615,2025-06-09,Mega Clearance,Google Search,Central,Desktop,Loyal
6491,2025-06-09,Diwali Bonanza,LinkedIn,East,Desktop,Loyal
7795,2025-06-09,Summer Sale,Email,South,Desktop,Premium
7220,2025-06-09,Black Friday,Email,South,Mobile,Premium
4547,2025-06-09,Back to School,Instagram,North,Tablet,Premium
6028,2025-06-10,Back to School,Instagram,West,Mobile,Returning
7691,2025-06-10,Flash Sale,Email,East,Mobile,New
1449,2025-06-10,Mega Clearance,YouTube,West,Tablet,Loyal
1393,2025-06-10,Mega Clearance,Google Search,North,Mobile,Returning
8932,2025-06-10,Back to School,LinkedIn,Central,Mobile,Returning
5569,2025-06-10,Winter Sale,LinkedIn,South,Mobile,Premium
9124,2025-06-10,Weekend Special,Instagram,East,Tablet,New
4923,2025-06-10,Black Friday,Instagram,West,Mobile,Returning
9791,2025-06-10,Weekend Special,LinkedIn,East,Desktop,Premium
5818,2025-06-10,New Year Blast,LinkedIn,West,Mobile,Loyal
4566,2025-06-10,Black Friday,Email,West,Tablet,New
9894,2025-06-10,Mega Clearance,Facebook,East,Desktop,Loyal
6182,2025-06-10,Mega Clearance,Email,East,Mobile,Loyal
1493,2025-06-10,Back to School,Google Search,East,Tablet,Returning
4018,2025-06-10,Summer Sale,LinkedIn,North,Mobile,Premium
7944,2025-06-10,Mega Clearance,YouTube,Central,Mobile,Loyal
5408,2025-06-10,Winter Sale,Google Search,Central,Mobile,Premium
48,2025-06-10,Summer Sale,Google Search,Central,Desktop,Returning
2932,2025-06-10,Back to School,LinkedIn,East,Mobile,Premium
4779,2025-06-10,Flash Sale,Facebook,East,Mobile,New
3655,2025-06-10,Mega Clearance,Instagram,North,Mobile,Returning
9836,2025-06-10,Flash Sale,Email,East,Desktop,Returning
1043,2025-06-10,Flash Sale,Email,Central,Tablet,New
4347,2025-06-10,Mega Clearance,Email,Central,Mobile,New
891,2025-06-10,Back to School,Facebook,Central,Desktop,Returning
7460,2025-06-10,Winter Sale,YouTube,West,Mobile,New
8669,2025-06-10,Back to School,LinkedIn,West,Tablet,Premium
4720,2025-06-10,Back to School,Facebook,Central,Tablet,New
9604,2025-06-10,Winter Sale,YouTube,South,Tablet,Premium
8962,2025-06-10,Black Friday,LinkedIn,East,Desktop,Returning
2899,2025-06-10,Back to School,Facebook,Central,Mobile,Premium
753,2025-06-11,Winter Sale,LinkedIn,North,Mobile,Loyal
4737,2025-06-11,Summer Sale,LinkedIn,West,Desktop,Loyal
8594,2025-06-11,Mega Clearance,YouTube,West,Mobile,Premium
4069,2025-06-11,Diwali Bonanza,Email,West,Desktop,Returning
3888,2025-06-11,Black Friday,YouTube,North,Mobile,Premium
1019,2025-06-11,Festive Combo,Email,Central,Mobile,Returning
8005,2025-06-11,Winter Sale,Instagram,North,Tablet,Loyal
6764,2025-06-11,Winter Sale,Google Search,Central,Mobile,Returning
7186,2025-06-11,Festive Combo,YouTube,North,Desktop,Returning
313,2025-06-11,New Year Blast,Email,West,Tablet,Loyal
5008,2025-06-11,Back to School,Facebook,South,Desktop,Premium
6017,2025-06-11,Summer Sale,YouTube,North,Desktop,Returning
1935,2025-06-11,Flash Sale,YouTube,East,Mobile,New
523,2025-06-11,Festive Combo,Email,North,Desktop,New
5418,2025-06-11,New Year Blast,LinkedIn,South,Tablet,Loyal
6586,2025-06-11,Black Friday,YouTube,Central,Desktop,Premium
3136,2025-06-11,New Year Blast,Email,South,Tablet,New
4041,2025-06-11,Winter Sale,Instagram,South,Mobile,Loyal
7537,2025-06-11,Mega Clearance,LinkedIn,North,Mobile,New
1735,2025-06-11,Black Friday,Instagram,West,Desktop,New
7748,2025-06-11,Winter Sale,Google Search,West,Mobile,Premium
4595,2025-06-11,Flash Sale,LinkedIn,North,Mobile,Loyal
6140,2025-06-11,Black Friday,Google Search,West,Mobile,Returning
6419,2025-06-11,Summer Sale,Google Search,South,Tablet,Premium
1297,2025-06-11,New Year Blast,Instagram,East,Mobile,Premium
984,2025-06-11,Weekend Special,Instagram,East,Desktop,Loyal
7005,2025-06-11,Summer Sale,LinkedIn,Central,Mobile,Loyal
9052,2025-06-11,Diwali Bonanza,Facebook,North,Tablet,New
8498,2025-06-11,Back to School,YouTube,East,Mobile,Premium
3653,2025-06-11,New Year Blast,YouTube,North,Tablet,Returning
1610,2025-06-12,Mega Clearance,LinkedIn,South,Mobile,Returning
919,2025-06-12,New Year Blast,YouTube,East,Tablet,Loyal
8405,2025-06-12,Winter Sale,LinkedIn,West,Desktop,New
7620,2025-06-12,New Year Blast,Google Search,East,Mobile,Premium
3447,2025-06-12,Diwali Bonanza,Google Search,East,Tablet,New
8122,2025-06-12,Winter Sale,Google Search,North,Desktop,Returning
960,2025-06-12,Weekend Special,YouTube,East,Desktop,Returning
5925,2025-06-12,Back to School,Email,North,Tablet,Loyal
6068,2025-06-12,Festive Combo,LinkedIn,West,Mobile,Loyal
5139,2025-06-12,Summer Sale,Google Search,East,Mobile,Loyal
1353,2025-06-12,Flash Sale,Email,West,Desktop,New
9427,2025-06-12,Winter Sale,Facebook,North,Desktop,Loyal
9075,2025-06-12,Festive Combo,LinkedIn,West,Tablet,Loyal
1275,2025-06-12,Mega Clearance,Email,Central,Mobile,Premium
9649,2025-06-12,Flash Sale,LinkedIn,East,Desktop,New
2524,2025-06-12,Flash Sale,Facebook,South,Mobile,Premium
8589,2025-06-12,Black Friday,Google Search,North,Tablet,Premium
5431,2025-06-12,Weekend Special,Google Search,East,Mobile,Premium
4181,2025-06-12,Winter Sale,YouTube,Central,Tablet,Premium
4890,2025-06-12,Diwali Bonanza,LinkedIn,North,Tablet,Returning
8106,2025-06-12,Festive Combo,YouTube,East,Mobile,Premium
7142,2025-06-12,Winter Sale,LinkedIn,Central,Tablet,Returning
9541,2025-06-12,Mega Clearance,Facebook,North,Desktop,Premium
5308,2025-06-12,Black Friday,Google Search,East,Desktop,Returning
382,2025-06-12,Festive Combo,Instagram,Central,Tablet,Premium
5746,2025-06-12,New Year Blast,YouTube,North,Tablet,Premium
601,2025-06-12,Festive Combo,Instagram,South,Mobile,Returning
7041,2025-06-12,New Year Blast,Facebook,South,Tablet,Loyal
6439,2025-06-12,Festive Combo,YouTube,North,Mobile,New
5332,2025-06-12,Flash Sale,Instagram,Central,Desktop,Returning
4153,2025-06-13,Weekend Special,Email,North,Mobile,Loyal
4819,2025-06-13,Mega Clearance,Email,South,Mobile,New
4589,2025-06-13,New Year Blast,YouTube,Central,Tablet,Premium
4822,2025-06-13,Black Friday,Email,South,Mobile,Returning
2476,2025-06-13,Weekend Special,LinkedIn,West,Mobile,Returning
353,2025-06-13,Black Friday,LinkedIn,North,Desktop,Loyal
5527,2025-06-13,Weekend Special,Facebook,North,Mobile,Loyal
7845,2025-06-13,Winter Sale,Instagram,West,Desktop,Premium
7629,2025-06-13,Festive Combo,Facebook,South,Mobile,Loyal
1902,2025-06-13,Diwali Bonanza,LinkedIn,West,Tablet,Loyal
7322,2025-06-13,Flash Sale,YouTube,East,Mobile,Returning
445,2025-06-13,Black Friday,Instagram,East,Desktop,New
4937,2025-06-13,Back to School,Email,East,Desktop,Loyal
7510,2025-06-13,Festive Combo,LinkedIn,West,Desktop,New
6203,2025-06-13,Diwali Bonanza,Google Search,South,Mobile,Returning
7565,2025-06-13,Festive Combo,Instagram,North,Desktop,Returning
5449,2025-06-13,Festive Combo,LinkedIn,West,Mobile,Premium
2751,2025-06-13,Festive Combo,Instagram,West,Desktop,Loyal
7194,2025-06-13,Diwali Bonanza,LinkedIn,Central,Mobile,Loyal
5538,2025-06-13,Mega Clearance,Google Search,West,Mobile,Premium
9225,2025-06-13,Festive Combo,Google Search,North,Desktop,Returning
9217,2025-06-13,Festive Combo,Instagram,North,Mobile,Premium
7868,2025-06-13,Summer Sale,LinkedIn,Central,Mobile,New
5017,2025-06-13,Summer Sale,Email,West,Tablet,Returning
9569,2025-06-13,Summer Sale,YouTube,North,Tablet,New
1367,2025-06-13,Winter Sale,YouTube,South,Desktop,Premium
8916,2025-06-13,Weekend Special,Email,North,Desktop,New
7732,2025-06-13,Weekend Special,Instagram,West,Desktop,Loyal
7736,2025-06-13,Back to School,Google Search,South,Desktop,New
9065,2025-06-13,Festive Combo,LinkedIn,South,Mobile,New
2019,2025-06-13,Mega Clearance,Google Search,Central,Desktop,Loyal
8482,2025-06-13,Mega Clearance,Email,West,Tablet,Premium
5924,2025-06-14,Weekend Special,LinkedIn,West,Mobile,Premium
5956,2025-06-14,Summer Sale,Facebook,Central,Mobile,New
7793,2025-06-14,Weekend Special,LinkedIn,North,Tablet,New
4723,2025-06-14,Festive Combo,Email,North,Tablet,Premium
5809,2025-06-14,Summer Sale,YouTube,North,Desktop,Premium
3250,2025-06-14,Summer Sale,LinkedIn,West,Mobile,Returning
2744,2025-06-14,Black Friday,Facebook,West,Tablet,Premium
7585,2025-06-14,Festive Combo,Google Search,East,Mobile,Premium
8978,2025-06-14,Festive Combo,LinkedIn,West,Mobile,Loyal
2614,2025-06-14,Black Friday,Email,Central,Mobile,New
4504,2025-06-14,Weekend Special,YouTube,West,Desktop,Loyal
3494,2025-06-14,Weekend Special,Email,North,Desktop,Premium
6188,2025-06-14,Weekend Special,Google Search,North,Tablet,New
4543,2025-06-14,Festive Combo,Instagram,East,Tablet,Loyal
750,2025-06-14,Black Friday,Instagram,East,Mobile,Returning
4274,2025-06-14,Winter Sale,Facebook,Central,Mobile,Loyal
229,2025-06-14,Mega Clearance,Facebook,North,Mobile,Premium
7290,2025-06-14,Back to School,YouTube,North,Mobile,Loyal
1007,2025-06-14,Back to School,Email,North,Desktop,Returning
319,2025-06-14,Winter Sale,Google Search,East,Tablet,Premium
273,2025-06-14,Mega Clearance,LinkedIn,Central,Mobile,New
9891,2025-06-14,Winter Sale,Email,West,Desktop,New
4514,2025-06-14,Diwali Bonanza,YouTube,Central,Desktop,Returning
6814,2025-06-14,Flash Sale,Email,South,Tablet,Loyal
942,2025-06-14,Summer Sale,Facebook,North,Tablet,New
2652,2025-06-14,Weekend Special,LinkedIn,Central,Desktop,Premium
4847,2025-06-15,New Year Blast,Facebook,East,Desktop,Premium
8800,2025-06-15,Back to School,Facebook,North,Mobile,Returning
2481,2025-06-15,Diwali Bonanza,Facebook,West,Mobile,Returning
1676,2025-06-15,Weekend Special,YouTube,South,Tablet,Returning
8346,2025-06-15,Weekend Special,Instagram,East,Desktop,Loyal
7162,2025-06-15,Black Friday,YouTube,Central,Mobile,Premium
7284,2025-06-15,Back to School,Google Search,Central,Desktop,Premium
5711,2025-06-15,Winter Sale,Google Search,West,Mobile,Loyal
1432,2025-06-15,Summer Sale,YouTube,North,Tablet,Loyal
9904,2025-06-15,Winter Sale,Instagram,Central,Desktop,Premium
5191,2025-06-15,Winter Sale,Google Search,West,Tablet,Premium
985,2025-06-15,Mega Clearance,Facebook,Central,Tablet,Returning
7573,2025-06-15,Diwali Bonanza,YouTube,West,Tablet,New
9772,2025-06-15,New Year Blast,Google Search,West,Desktop,Returning
2600,2025-06-15,Summer Sale,Google Search,South,Tablet,Premium
9575,2025-06-15,Back to School,LinkedIn,North,Desktop,Premium
1068,2025-06-15,Back to School,LinkedIn,North,Desktop,New
5137,2025-06-15,Mega Clearance,LinkedIn,West,Desktop,New
8953,2025-06-15,Flash Sale,LinkedIn,Central,Desktop,Premium
4093,2025-06-15,Black Friday,Instagram,Central,Tablet,Premium
2041,2025-06-15,Flash Sale,Facebook,South,Mobile,Returning
342,2025-06-15,Black Friday,Instagram,Central,Desktop,New
1408,2025-06-15,Flash Sale,YouTube,South,Tablet,Loyal
5676,2025-06-15,Black Friday,LinkedIn,West,Desktop,Returning
7107,2025-06-16,New Year Blast,Instagram,Central,Desktop,Loyal
5450,2025-06-16,New Year Blast,Google Search,Central,Tablet,Returning
6906,2025-06-16,Mega Clearance,Instagram,North,Tablet,Premium
1836,2025-06-16,Flash Sale,Email,West,Mobile,New
3554,2025-06-16,Weekend Special,Email,South,Desktop,Returning
3234,2025-06-16,Mega Clearance,Instagram,South,Tablet,Returning
3970,2025-06-16,Summer Sale,LinkedIn,West,Desktop,Loyal
8372,2025-06-16,Summer Sale,Instagram,East,Tablet,Premium
6374,2025-06-16,Back to School,Email,West,Mobile,Loyal
3343,2025-06-16,Back to School,Google Search,South,Mobile,Premium
1875,2025-06-16,Summer Sale,YouTube,North,Desktop,Returning
4749,2025-06-16,Flash Sale,Email,Central,Mobile,New
5978,2025-06-16,Back to School,Email,West,Mobile,Loyal
5990,2025-06-16,Winter Sale,Google Search,West,Mobile,Premium
9201,2025-06-16,Mega Clearance,Instagram,South,Mobile,New
187,2025-06-16,Summer Sale,Instagram,East,Desktop,Loyal
5133,2025-06-16,Diwali Bonanza,Facebook,Central,Tablet,New
2949,2025-06-16,Diwali Bonanza,Instagram,Central,Mobile,New
3111,2025-06-16,Summer Sale,Instagram,East,Desktop,Returning
6654,2025-06-16,Summer Sale,Email,Central,Mobile,Premium
2495,2025-06-16,Flash Sale,Facebook,South,Tablet,Premium
7391,2025-06-16,Diwali Bonanza,Facebook,West,Tablet,Returning
2489,2025-06-16,Weekend Special,Email,South,Mobile,Loyal
8584,2025-06-16,Black Friday,Email,North,Tablet,Loyal
8679,2025-06-16,Weekend Special,Google Search,East,Tablet,Returning
5539,2025-06-16,New Year Blast,YouTube,Central,Desktop,Returning
8556,2025-06-16,Mega Clearance,Google Search,West,Mobile,New
9562,2025-06-17,Weekend Special,YouTube,East,Desktop,Returning
2373,2025-06-17,New Year Blast,YouTube,West,Tablet,Loyal
3106,2025-06-17,Weekend Special,LinkedIn,Central,Desktop,New
9574,2025-06-17,Black Friday,YouTube,Central,Desktop,Returning
998,2025-06-17,Weekend Special,YouTube,South,Mobile,New
8410,2025-06-17,New Year Blast,Instagram,North,Tablet,New
2497,2025-06-17,Mega Clearance,Email,East,Tablet,Premium
7147,2025-06-17,Flash Sale,Google Search,North,Tablet,New
2778,2025-06-17,Back to School,Email,West,Tablet,Returning
8973,2025-06-17,Weekend Special,YouTube,East,Tablet,Returning
472,2025-06-17,Summer Sale,YouTube,East,Desktop,Loyal
4408,2025-06-17,Back to School,Google Search,Central,Tablet,Loyal
2770,2025-06-17,Black Friday,Instagram,West,Desktop,Premium
2791,2025-06-17,Mega Clearance,Google Search,East,Desktop,New
9462,2025-06-17,Flash Sale,YouTube,Central,Mobile,Premium
3325,2025-06-17,Back to School,Facebook,North,Mobile,Returning
4043,2025-06-17,Black Friday,LinkedIn,Central,Mobile,New
254,2025-06-17,Winter Sale,Google Search,West,Tablet,Loyal
7233,2025-06-17,Festive Combo,YouTube,South,Desktop,Returning
4017,2025-06-17,Diwali Bonanza,Google Search,South,Tablet,Returning
110,2025-06-17,Black Friday,LinkedIn,East,Desktop,Loyal
3287,2025-06-17,Mega Clearance,LinkedIn,West,Tablet,New
7644,2025-06-17,Summer Sale,LinkedIn,South,Tablet,Returning
4955,2025-06-17,Weekend Special,Instagram,East,Desktop,Premium
2246,2025-06-17,Diwali Bonanza,Email,East,Desktop,Loyal
7503,2025-06-17,Winter Sale,Instagram,Central,Desktop,Loyal
6088,2025-06-17,Winter Sale,Google Search,North,Tablet,New
2326,2025-06-18,Winter Sale,Instagram,East,Tablet,New
8431,2025-06-18,Diwali Bonanza,Instagram,West,Mobile,New
9465,2025-06-18,New Year Blast,Google Search,South,Mobile,Premium
4341,2025-06-18,Summer Sale,Facebook,West,Tablet,Premium
2473,2025-06-18,Weekend Special,LinkedIn,Central,Desktop,Premium
8644,2025-06-18,Winter Sale,Email,South,Tablet,Premium
8192,2025-06-18,Black Friday,Instagram,North,Mobile,Premium
7771,2025-06-18,Weekend Special,Google Search,Central,Mobile,Premium
7500,2025-06-18,Diwali Bonanza,Instagram,Central,Desktop,New
820,2025-06-18,Mega Clearance,YouTube,East,Tablet,Returning
1430,2025-06-18,Summer Sale,YouTube,Central,Desktop,Premium
1377,2025-06-18,Mega Clearance,YouTube,West,Tablet,Returning
1427,2025-06-18,Summer Sale,Instagram,North,Desktop,Premium
5896,2025-06-18,Summer Sale,Email,South,Desktop,New
1597,2025-06-18,Diwali Bonanza,Google Search,West,Mobile,Loyal
7144,2025-06-18,Back to School,LinkedIn,West,Tablet,Loyal
183,2025-06-18,Weekend Special,LinkedIn,East,Tablet,Loyal
5736,2025-06-18,Mega Clearance,Email,East,Desktop,Premium
4440,2025-06-18,Black Friday,Email,East,Tablet,New
5314,2025-06-18,Winter Sale,LinkedIn,West,Tablet,New
1070,2025-06-18,Weekend Special,LinkedIn,Central,Mobile,Returning
6013,2025-06-18,Flash Sale,YouTube,Central,Mobile,Loyal
1574,2025-06-18,New Year Blast,Google Search,North,Mobile,Loyal
5734,2025-06-18,Flash Sale,Email,North,Mobile,New
4867,2025-06-18,Black Friday,Email,North,Mobile,New
6998,2025-06-18,Back to School,Facebook,West,Desktop,Returning
4466,2025-06-18,Summer Sale,Facebook,West,Mobile,New
5090,2025-06-18,Summer Sale,YouTube,North,Mobile,New
1825,2025-06-18,New Year Blast,Instagram,North,Mobile,Premium
7853,2025-06-19,Winter Sale,Facebook,South,Desktop,Returning
9437,2025-06-19,Black Friday,Facebook,Central,Tablet,Returning
397,2025-06-19,Diwali Bonanza,YouTube,West,Tablet,Premium
3883,2025-06-19,Flash Sale,Email,North,Mobile,Returning
5045,2025-06-19,Black Friday,Email,North,Desktop,Returning
4593,2025-06-19,Flash Sale,LinkedIn,South,Mobile,Premium
4811,2025-06-19,Festive Combo,Google Search,West,Tablet,New
5989,2025-06-19,Festive Combo,LinkedIn,South,Desktop,Premium
9414,2025-06-19,Mega Clearance,Facebook,North,Tablet,Premium
9712,2025-06-19,Festive Combo,LinkedIn,North,Desktop,Loyal
5370,2025-06-19,Summer Sale,YouTube,South,Tablet,Premium
4760,2025-06-19,Weekend Special,Instagram,East,Tablet,Returning
613,2025-06-19,Winter Sale,Google Search,West,Mobile,Returning
3846,2025-06-19,New Year Blast,Instagram,South,Desktop,Premium
8795,2025-06-19,Summer Sale,Email,East,Desktop,New
9171,2025-06-19,Back to School,YouTube,East,Tablet,Loyal
9900,2025-06-19,Summer Sale,YouTube,South,Mobile,Returning
5966,2025-06-19,Weekend Special,Google Search,North,Desktop,New
1065,2025-06-19,Winter Sale,Google Search,North,Desktop,Returning
5490,2025-06-19,Flash Sale,YouTube,South,Tablet,Returning
4981,2025-06-19,Flash Sale,Instagram,West,Tablet,Premium
5803,2025-06-19,Black Friday,Facebook,West,Tablet,Loyal
8083,2025-06-19,Diwali Bonanza,Facebook,Central,Mobile,Returning
3555,2025-06-19,Black Friday,Instagram,North,Mobile,New
4954,2025-06-19,Back to School,Facebook,West,Tablet,New
3227,2025-06-19,Mega Clearance,Google Search,East,Mobile,Premium
7389,2025-06-19,Winter Sale,Facebook,South,Desktop,Premium
3643,2025-06-19,Back to School,Google Search,West,Desktop,Premium
6409,2025-06-19,New Year Blast,LinkedIn,Central,Desktop,Loyal
1639,2025-06-19,Mega Clearance,YouTube,Central,Tablet,Loyal
1936,2025-06-19,Flash Sale,YouTube,Central,Mobile,Returning
9475,2025-06-19,New Year Blast,Instagram,West,Desktop,Premium
6498,2025-06-19,Summer Sale,Facebook,East,Desktop,Premium
2623,2025-06-19,Black Friday,Email,Central,Desktop,Returning
6119,2025-06-19,New Year Blast,Email,South,Tablet,Loyal
818,2025-06-19,Back to School,Facebook,South,Mobile,Premium
5369,2025-06-19,Festive Combo,Google Search,East,Mobile,Returning
6172,2025-06-19,Back to School,Instagram,East,Desktop,Returning
793,2025-06-19,Back to School,Instagram,South,Tablet,Loyal
2838,2025-06-20,Back to School,YouTube,West,Desktop,Returning
2111,2025-06-20,Mega Clearance,Google Search,East,Tablet,Loyal
7996,2025-06-20,Flash Sale,YouTube,East,Tablet,New
2726,2025-06-20,Weekend Special,Google Search,South,Tablet,New
4829,2025-06-20,Diwali Bonanza,Facebook,East,Mobile,Loyal
9181,2025-06-20,Festive Combo,Facebook,Central,Tablet,New
5546,2025-06-20,New Year Blast,LinkedIn,West,Mobile,Premium
9069,2025-06-20,Diwali Bonanza,LinkedIn,West,Mobile,Loyal
2287,2025-06-20,Diwali Bonanza,YouTube,North,Mobile,Returning
3437,2025-06-20,Black Friday,YouTube,South,Tablet,Loyal
5589,2025-06-20,Mega Clearance,Instagram,West,Desktop,Loyal
3431,2025-06-20,Winter Sale,Google Search,East,Desktop,Premium
8604,2025-06-20,Summer Sale,YouTube,East,Mobile,Premium
6656,2025-06-20,Summer Sale,LinkedIn,West,Tablet,Premium
161,2025-06-20,Back to School,YouTube,North,Mobile,Premium
4019,2025-06-20,Back to School,Facebook,North,Mobile,New
7096,2025-06-20,Festive Combo,Email,South,Desktop,New
9961,2025-06-20,Winter Sale,LinkedIn,South,Mobile,Returning
218,2025-06-20,Black Friday,Facebook,Central,Mobile,New
7745,2025-06-20,Festive Combo,Facebook,South,Mobile,Returning
9970,2025-06-20,Summer Sale,YouTube,North,Mobile,Returning
1185,2025-06-20,New Year Blast,LinkedIn,North,Tablet,New
9307,2025-06-20,Diwali Bonanza,YouTube,East,Tablet,Premium
7400,2025-06-20,Diwali Bonanza,Email,East,Desktop,New
70,2025-06-20,Flash Sale,YouTube,South,Desktop,Returning
8487,2025-06-20,Back to School,LinkedIn,Central,Tablet,New
1684,2025-06-20,Diwali Bonanza,YouTube,East,Tablet,Loyal
3699,2025-06-20,Weekend Special,Email,North,Tablet,Premium
7278,2025-06-20,Black Friday,Email,West,Desktop,Returning
8631,2025-06-20,Mega Clearance,Instagram,North,Mobile,Returning
3863,2025-06-20,Flash Sale,Instagram,Central,Tablet,Loyal
4209,2025-06-20,Black Friday,Google Search,East,Desktop,Returning
6938,2025-06-20,Festive Combo,Email,East,Mobile,New
5619,2025-06-20,Black Friday,Google Search,Central,Mobile,Loyal
6736,2025-06-20,Diwali Bonanza,LinkedIn,North,Tablet,Returning
9363,2025-06-21,Winter Sale,Facebook,Central,Tablet,Returning
5874,2025-06-21,Mega Clearance,LinkedIn,West,Desktop,Returning
2729,2025-06-21,Back to School,Email,West,Desktop,Premium
6782,2025-06-21,Mega Clearance,Facebook,East,Desktop,New
6556,2025-06-21,New Year Blast,Email,North,Desktop,Premium
9939,2025-06-21,Festive Combo,Facebook,East,Tablet,Premium
7231,2025-06-21,Flash Sale,Facebook,Central,Desktop,Returning
2808,2025-06-21,Black Friday,Instagram,East,Desktop,New
5203,2025-06-21,Summer Sale,YouTube,East,Tablet,Returning
9690,2025-06-21,Summer Sale,Instagram,East,Tablet,New
6600,2025-06-21,Mega Clearance,Facebook,North,Tablet,Premium
8230,2025-06-21,Black Friday,LinkedIn,West,Tablet,New
3603,2025-06-21,Weekend Special,Instagram,North,Desktop,Loyal
3609,2025-06-21,Weekend Special,Email,North,Desktop,New
6914,2025-06-21,Summer Sale,Instagram,North,Desktop,Returning
5284,2025-06-21,Flash Sale,Instagram,Central,Tablet,New
8499,2025-06-21,Weekend Special,LinkedIn,West,Desktop,Returning
3716,2025-06-21,Summer Sale,LinkedIn,East,Desktop,Returning
395,2025-06-21,New Year Blast,LinkedIn,Central,Tablet,Loyal
5035,2025-06-21,New Year Blast,Email,East,Desktop,Returning
1484,2025-06-21,Diwali Bonanza,Google Search,South,Desktop,Loyal
5713,2025-06-21,Festive Combo,Instagram,North,Desktop,Returning
4637,2025-06-21,Mega Clearance,Instagram,South,Tablet,Premium
5753,2025-06-21,Festive Combo,Facebook,South,Tablet,New
5701,2025-06-21,Festive Combo,Email,South,Mobile,Returning
3194,2025-06-21,Flash Sale,Google Search,Central,Mobile,New
594,2025-06-21,Summer Sale,YouTube,West,Tablet,Premium
7763,2025-06-21,Black Friday,Facebook,South,Mobile,Premium
9279,2025-06-21,Flash Sale,LinkedIn,South,Desktop,New
2996,2025-06-22,Diwali Bonanza,Email,East,Tablet,Loyal
7586,2025-06-22,Festive Combo,Email,South,Desktop,Returning
8690,2025-06-22,Flash Sale,YouTube,Central,Tablet,Loyal
9893,2025-06-22,Winter Sale,Google Search,East,Tablet,New
5826,2025-06-22,Winter Sale,LinkedIn,West,Desktop,New
9679,2025-06-22,Weekend Special,LinkedIn,East,Mobile,New
6960,2025-06-22,Black Friday,YouTube,East,Desktop,Premium
545,2025-06-22,Weekend Special,Email,South,Tablet,Loyal
7492,2025-06-22,Summer Sale,Facebook,South,Tablet,Loyal
2392,2025-06-22,New Year Blast,Google Search,Central,Desktop,Returning
2036,2025-06-22,Summer Sale,Google Search,West,Mobile,Loyal
1001,2025-06-22,Winter Sale,LinkedIn,Central,Tablet,New
9218,2025-06-22,Mega Clearance,Instagram,Central,Desktop,Loyal
2400,2025-06-22,New Year Blast,LinkedIn,West,Mobile,Returning
6425,2025-06-22,Winter Sale,Email,North,Tablet,Returning
4899,2025-06-22,Diwali Bonanza,Instagram,South,Tablet,Loyal
7159,2025-06-22,Flash Sale,LinkedIn,South,Tablet,Returning
6547,2025-06-22,Mega Clearance,LinkedIn,South,Desktop,Loyal
4434,2025-06-22,Summer Sale,Facebook,South,Desktop,Premium
7385,2025-06-22,Diwali Bonanza,Instagram,South,Desktop,Loyal
6675,2025-06-22,Weekend Special,Facebook,East,Desktop,Premium
126,2025-06-22,Summer Sale,LinkedIn,East,Mobile,Loyal
1734,2025-06-22,Mega Clearance,LinkedIn,East,Desktop,Premium
8609,2025-06-22,Summer Sale,LinkedIn,Central,Desktop,New
3023,2025-06-22,Summer Sale,Google Search,West,Tablet,Returning
8291,2025-06-22,Back to School,YouTube,West,Desktop,Loyal
2702,2025-06-22,Weekend Special,Facebook,West,Tablet,Loyal
1521,2025-06-22,Flash Sale,LinkedIn,Central,Mobile,Returning
2190,2025-06-22,Mega Clearance,LinkedIn,North,Tablet,Premium
7065,2025-06-22,Summer Sale,Facebook,East,Mobile,Returning
3278,2025-06-23,Black Friday,Email,West,Tablet,New
8037,2025-06-23,Summer Sale,Instagram,West,Tablet,New
2645,2025-06-23,Black Friday,Instagram,South,Mobile,Loyal
8528,2025-06-23,Diwali Bonanza,LinkedIn,East,Mobile,Premium
8884,2025-06-23,Weekend Special,Facebook,West,Mobile,Returning
8517,2025-06-23,New Year Blast,YouTube,South,Mobile,New
6749,2025-06-23,Diwali Bonanza,LinkedIn,West,Mobile,New
1585,2025-06-23,Summer Sale,LinkedIn,Central,Desktop,Returning
9742,2025-06-23,Winter Sale,LinkedIn,North,Tablet,Loyal
8359,2025-06-23,Summer Sale,Google Search,East,Tablet,Returning
244,2025-06-23,Back to School,Google Search,South,Mobile,Loyal
4583,2025-06-23,Diwali Bonanza,YouTube,South,Desktop,Premium
1269,2025-06-23,Winter Sale,YouTube,West,Mobile,Returning
2766,2025-06-23,New Year Blast,YouTube,Central,Desktop,New
7774,2025-06-23,Flash Sale,YouTube,South,Desktop,Loyal
3007,2025-06-23,Diwali Bonanza,YouTube,West,Desktop,Premium
8749,2025-06-23,Mega Clearance,YouTube,West,Desktop,Premium
3702,2025-06-23,Black Friday,LinkedIn,Central,Tablet,Returning
1821,2025-06-23,Black Friday,Email,North,Desktop,Premium
4133,2025-06-23,Festive Combo,LinkedIn,Central,Desktop,New
6151,2025-06-23,Diwali Bonanza,Google Search,South,Tablet,Loyal
6168,2025-06-23,Weekend Special,Instagram,Central,Desktop,Returning
886,2025-06-23,Festive Combo,YouTube,West,Tablet,New
4985,2025-06-24,Summer Sale,Instagram,South,Tablet,Loyal
6,2025-06-24,New Year Blast,Facebook,South,Desktop,New
9745,2025-06-24,Festive Combo,Instagram,South,Tablet,Loyal
7773,2025-06-24,Summer Sale,Email,North,Tablet,New
5452,2025-06-24,Diwali Bonanza,Google Search,West,Desktop,New
351,2025-06-24,Mega Clearance,Facebook,East,Tablet,Premium
9031,2025-06-24,Flash Sale,Instagram,South,Tablet,New
4372,2025-06-24,Festive Combo,YouTube,Central,Tablet,Premium
884,2025-06-24,Winter Sale,Email,East,Tablet,Premium
3344,2025-06-24,Festive Combo,Google Search,Central,Mobile,Loyal
7376,2025-06-24,Flash Sale,YouTube,North,Mobile,Premium
1633,2025-06-24,Winter Sale,Instagram,South,Desktop,Loyal
6038,2025-06-24,Mega Clearance,Instagram,North,Mobile,Loyal
5755,2025-06-24,Black Friday,YouTube,South,Mobile,Returning
9297,2025-06-24,Black Friday,Google Search,Central,Tablet,Premium
9412,2025-06-24,New Year Blast,YouTube,North,Mobile,Loyal
3237,2025-06-24,Summer Sale,Email,South,Desktop,Premium
9298,2025-06-24,Weekend Special,LinkedIn,East,Tablet,Premium
7569,2025-06-24,Festive Combo,Google Search,South,Desktop,Premium
9380,2025-06-24,Back to School,Google Search,Central,Tablet,New
3753,2025-06-24,Diwali Bonanza,LinkedIn,Central,Mobile,Premium
2145,2025-06-24,Diwali Bonanza,YouTube,Central,Desktop,Returning
5647,2025-06-24,New Year Blast,Facebook,West,Mobile,Loyal
2604,2025-06-24,Weekend Special,Instagram,West,Mobile,Loyal
9544,2025-06-24,Black Friday,YouTube,West,Mobile,Loyal
1081,2025-06-24,Flash Sale,YouTube,Central,Tablet,New
3178,2025-06-24,Weekend Special,YouTube,South,Desktop,Returning
7802,2025-06-24,Black Friday,Instagram,North,Tablet,Returning
7483,2025-06-24,Flash Sale,Google Search,North,Tablet,Returning
2376,2025-06-24,Weekend Special,Google Search,Central,Tablet,Loyal
6948,2025-06-24,Weekend Special,LinkedIn,Central,Mobile,Loyal
6314,2025-06-24,Black Friday,Facebook,East,Mobile,Returning
9003,2025-06-25,Black Friday,Email,North,Mobile,Returning
6561,2025-06-25,Festive Combo,Facebook,Central,Tablet,New
546,2025-06-25,Summer Sale,Google Search,North,Tablet,Loyal
2478,2025-06-25,Weekend Special,Facebook,South,Mobile,Returning
6103,2025-06-25,Festive Combo,Google Search,West,Desktop,New
8606,2025-06-25,Festive Combo,LinkedIn,East,Desktop,Premium
7138,2025-06-25,Weekend Special,LinkedIn,East,Desktop,Returning
1966,2025-06-25,New Year Blast,Facebook,South,Desktop,Loyal
9295,2025-06-25,Weekend Special,YouTube,South,Mobile,Loyal
8882,2025-06-25,Festive Combo,LinkedIn,West,Tablet,Loyal
3307,2025-06-25,Back to School,Instagram,East,Mobile,Loyal
5433,2025-06-25,Mega Clearance,Email,North,Tablet,Premium
1693,2025-06-25,Black Friday,Facebook,Central,Mobile,Returning
3048,2025-06-25,Diwali Bonanza,Email,Central,Mobile,Loyal
5403,2025-06-25,Diwali Bonanza,Facebook,South,Desktop,Loyal
9658,2025-06-25,Diwali Bonanza,Instagram,North,Desktop,Loyal
7047,2025-06-25,Black Friday,LinkedIn,North,Desktop,Premium
505,2025-06-25,Festive Combo,Facebook,Central,Desktop,Premium
4464,2025-06-25,Weekend Special,Email,North,Mobile,Loyal
3980,2025-06-25,Back to School,Facebook,Central,Desktop,Loyal
8549,2025-06-25,Back to School,LinkedIn,Central,Tablet,New
8944,2025-06-25,Diwali Bonanza,LinkedIn,Central,Desktop,New
8532,2025-06-25,Back to School,Email,Central,Desktop,Premium
3416,2025-06-25,Back to School,Instagram,South,Tablet,New
7044,2025-06-26,Winter Sale,Google Search,North,Mobile,Loyal
2690,2025-06-26,Festive Combo,LinkedIn,South,Desktop,Premium
9793,2025-06-26,Black Friday,Google Search,West,Desktop,Premium
503,2025-06-26,Summer Sale,LinkedIn,North,Desktop,Loyal
8307,2025-06-26,Summer Sale,Google Search,West,Tablet,New
7088,2025-06-26,Winter Sale,Email,West,Desktop,Loyal
4979,2025-06-26,Black Friday,Facebook,South,Mobile,Loyal
352,2025-06-26,Flash Sale,Facebook,East,Tablet,New
384,2025-06-26,Diwali Bonanza,Instagram,North,Desktop,New
3631,2025-06-26,Diwali Bonanza,Email,East,Desktop,Loyal
685,2025-06-26,Diwali Bonanza,Instagram,North,Desktop,New
9186,2025-06-26,Festive Combo,Facebook,South,Desktop,Returning
8730,2025-06-26,Diwali Bonanza,LinkedIn,South,Desktop,New
4766,2025-06-26,Mega Clearance,Instagram,Central,Desktop,New
5767,2025-06-26,Summer Sale,Instagram,South,Tablet,Premium
3079,2025-06-26,Diwali Bonanza,LinkedIn,Central,Desktop,Premium
9317,2025-06-26,Diwali Bonanza,YouTube,East,Mobile,New
3356,2025-06-26,Summer Sale,Email,South,Desktop,Loyal
1594,2025-06-26,Black Friday,Facebook,South,Mobile,Premium
5932,2025-06-26,Mega Clearance,Email,Central,Desktop,Loyal
2308,2025-06-26,Summer Sale,Facebook,East,Desktop,Loyal
4542,2025-06-26,Back to School,Email,North,Tablet,New
4861,2025-06-26,Flash Sale,Facebook,South,Tablet,New
4413,2025-06-26,Flash Sale,Instagram,South,Tablet,Loyal
2397,2025-06-26,Festive Combo,YouTube,Central,Mobile,Loyal
5000,2025-06-26,Mega Clearance,YouTube,Central,Desktop,Loyal
5192,2025-06-26,Back to School,Instagram,South,Tablet,Loyal
913,2025-06-26,Summer Sale,LinkedIn,North,Desktop,Returning
2412,2025-06-27,Festive Combo,Facebook,West,Tablet,Loyal
8767,2025-06-27,Flash Sale,Email,Central,Tablet,Loyal
385,2025-06-27,Festive Combo,YouTube,East,Tablet,Loyal
1654,2025-06-27,New Year Blast,LinkedIn,Central,Mobile,Loyal
120,2025-06-27,Weekend Special,LinkedIn,East,Mobile,Premium
881,2025-06-27,New Year Blast,Facebook,Central,Mobile,Loyal
7468,2025-06-27,Diwali Bonanza,LinkedIn,North,Desktop,Returning
4231,2025-06-27,Winter Sale,Google Search,North,Mobile,New
8175,2025-06-27,Summer Sale,YouTube,South,Tablet,Premium
5759,2025-06-27,Summer Sale,Instagram,North,Desktop,New
2619,2025-06-27,Festive Combo,YouTube,South,Mobile,Premium
2158,2025-06-27,Winter Sale,LinkedIn,Central,Tablet,New
6118,2025-06-27,Mega Clearance,LinkedIn,South,Mobile,Premium
9962,2025-06-27,Weekend Special,Google Search,South,Desktop,Returning
6148,2025-06-27,Mega Clearance,Email,East,Tablet,Loyal
4198,2025-06-27,Mega Clearance,Google Search,East,Tablet,Loyal
6657,2025-06-27,Back to School,Email,South,Desktop,Premium
3668,2025-06-27,Black Friday,Instagram,Central,Desktop,Returning
931,2025-06-27,Festive Combo,Email,South,Mobile,Loyal
2069,2025-06-27,New Year Blast,YouTube,Central,Desktop,New
2366,2025-06-27,Festive Combo,LinkedIn,South,Desktop,New
2836,2025-06-27,New Year Blast,Facebook,West,Tablet,Loyal
2351,2025-06-27,New Year Blast,Facebook,East,Tablet,Premium
5544,2025-06-27,Black Friday,Instagram,Central,Desktop,Loyal
1255,2025-06-27,Flash Sale,LinkedIn,North,Desktop,Returning
7506,2025-06-27,Diwali Bonanza,Email,South,Mobile,Loyal
9222,2025-06-28,Mega Clearance,Instagram,North,Mobile,Returning
5189,2025-06-28,New Year Blast,Instagram,North,Desktop,Loyal
1900,2025-06-28,Winter Sale,Instagram,West,Tablet,Premium
2129,2025-06-28,Weekend Special,LinkedIn,Central,Mobile,Returning
691,2025-06-28,Festive Combo,Instagram,South,Desktop,Premium
2616,2025-06-28,Weekend Special,Facebook,West,Desktop,New
7406,2025-06-28,Mega Clearance,Facebook,South,Tablet,New
1712,2025-06-28,Weekend Special,YouTube,West,Tablet,Premium
7630,2025-06-28,Summer Sale,Facebook,East,Mobile,Returning
6091,2025-06-28,New Year Blast,Email,West,Mobile,Returning
6099,2025-06-28,Black Friday,LinkedIn,East,Mobile,Premium
517,2025-06-28,Back to School,LinkedIn,Central,Mobile,Premium
2349,2025-06-28,Weekend Special,LinkedIn,South,Mobile,Loyal
9888,2025-06-28,Flash Sale,Instagram,Central,Desktop,Loyal
264,2025-06-28,Back to School,YouTube,South,Mobile,New
5294,2025-06-28,Black Friday,YouTube,South,Mobile,Loyal
1742,2025-06-28,Flash Sale,LinkedIn,North,Tablet,Loyal
9060,2025-06-28,Weekend Special,Facebook,North,Desktop,Returning
1955,2025-06-28,Festive Combo,LinkedIn,Central,Desktop,New
4075,2025-06-28,Winter Sale,Facebook,West,Mobile,New
4592,2025-06-28,Back to School,Email,South,Desktop,Premium
4113,2025-06-28,Black Friday,Email,West,Mobile,Returning
8308,2025-06-28,Flash Sale,Email,West,Tablet,New
3845,2025-06-28,New Year Blast,LinkedIn,West,Mobile,Premium
8599,2025-06-28,Winter Sale,YouTube,North,Mobile,Returning
1008,2025-06-29,Mega Clearance,LinkedIn,Central,Mobile,Loyal
9884,2025-06-29,Flash Sale,Facebook,North,Tablet,Returning
3358,2025-06-29,Festive Combo,LinkedIn,East,Desktop,Premium
8275,2025-06-29,Winter Sale,Email,North,Tablet,Loyal
9384,2025-06-29,Back to School,LinkedIn,East,Desktop,New
9081,2025-06-29,Winter Sale,Email,Central,Desktop,Returning
7900,2025-06-29,Mega Clearance,YouTube,West,Desktop,Loyal
1504,2025-06-29,New Year Blast,Instagram,Central,Tablet,Returning
7906,2025-06-29,Summer Sale,YouTube,East,Tablet,New
7959,2025-06-29,Flash Sale,LinkedIn,North,Mobile,Loyal
5706,2025-06-29,Winter Sale,Email,South,Mobile,New
5142,2025-06-29,Winter Sale,Email,Central,Desktop,New
2572,2025-06-29,Winter Sale,Facebook,East,Mobile,Loyal
5328,2025-06-29,Black Friday,Email,Central,Tablet,New
2079,2025-06-29,Weekend Special,Instagram,West,Desktop,Premium
1348,2025-06-29,Summer Sale,YouTube,South,Mobile,Returning
9616,2025-06-29,Flash Sale,YouTube,Central,Desktop,Premium
321,2025-06-29,Festive Combo,Google Search,East,Tablet,Loyal
4786,2025-06-29,Winter Sale,LinkedIn,East,Desktop,Premium
859,2025-06-29,Mega Clearance,YouTube,Central,Mobile,Loyal
2599,2025-06-29,Back to School,LinkedIn,East,Mobile,Returning
1078,2025-06-29,Weekend Special,YouTube,South,Mobile,Returning
280,2025-06-29,New Year Blast,YouTube,West,Mobile,New
5786,2025-06-29,Summer Sale,YouTube,Central,Desktop,Premium
6737,2025-06-29,Mega Clearance,Email,West,Mobile,New
561,2025-06-29,Flash Sale,Instagram,South,Mobile,Premium
6382,2025-06-29,Flash Sale,YouTube,West,Mobile,Returning
2216,2025-06-30,Weekend Special,Email,North,Desktop,Loyal
1905,2025-06-30,Back to School,LinkedIn,West,Desktop,Loyal
4381,2025-06-30,Flash Sale,Facebook,East,Desktop,Returning
4493,2025-06-30,Mega Clearance,LinkedIn,West,Mobile,Premium
5951,2025-06-30,Back to School,Google Search,North,Mobile,Premium
840,2025-06-30,Back to School,LinkedIn,West,Tablet,New
9718,2025-06-30,Mega Clearance,Facebook,West,Desktop,Loyal
2422,2025-06-30,Black Friday,LinkedIn,Central,Desktop,Premium
6635,2025-06-30,New Year Blast,Google Search,South,Tablet,Loyal
3975,2025-06-30,Mega Clearance,LinkedIn,Central,Tablet,Returning
4983,2025-06-30,Black Friday,YouTube,Central,Tablet,New
2969,2025-06-30,Back to School,Facebook,East,Tablet,Returning
7840,2025-06-30,New Year Blast,Email,Central,Desktop,Loyal
3635,2025-06-30,Weekend Special,YouTube,Central,Desktop,Returning
6180,2025-06-30,Weekend Special,LinkedIn,West,Mobile,New
6528,2025-06-30,Flash Sale,Google Search,North,Tablet,Loyal
133,2025-06-30,Festive Combo,Instagram,East,Desktop,Returning
6919,2025-06-30,New Year Blast,YouTube,West,Tablet,Premium
2763,2025-06-30,Winter Sale,Google Search,East,Tablet,Loyal
3645,2025-06-30,Winter Sale,Instagram,West,Mobile,Returning
7724,2025-06-30,Diwali Bonanza,LinkedIn,North,Desktop,New
1390,2025-06-30,Flash Sale,Email,Central,Tablet,Premium
4677,2025-06-30,New Year Blast,Instagram,North,Mobile,Returning
9193,2025-06-30,New Year Blast,LinkedIn,East,Desktop,Returning
4082,2025-06-30,Black Friday,Email,North,Tablet,New
5791,2025-06-30,Flash Sale,Instagram,North,Desktop,Returning
7157,2025-06-30,Flash Sale,Facebook,East,Tablet,Premium
6593,2025-06-30,Summer Sale,YouTube,West,Mobile,Returning
2596,2025-06-30,Mega Clearance,Email,South,Desktop,Premium
9975,2025-06-30,New Year Blast,LinkedIn,South,Tablet,New
879,2025-06-30,Flash Sale,LinkedIn,Central,Mobile,New
6194,2025-06-30,Festive Combo,Instagram,Central,Desktop,Premium
3091,2025-06-30,Black Friday,YouTube,South,Desktop,Loyal
3046,2025-06-30,Diwali Bonanza,LinkedIn,South,Tablet,Premium
9395,2025-07-01,Diwali Bonanza,Facebook,Central,Desktop,New
3551,2025-07-01,Summer Sale,YouTube,Central,Mobile,New
6211,2025-07-01,Festive Combo,Email,East,Tablet,New
1968,2025-07-01,Mega Clearance,LinkedIn,North,Tablet,Returning
2225,2025-07-01,Diwali Bonanza,LinkedIn,Central,Mobile,Premium
1023,2025-07-01,New Year Blast,Facebook,Central,Desktop,New
4371,2025-07-01,Winter Sale,Instagram,Central,Mobile,Returning
3691,2025-07-01,Weekend Special,Facebook,North,Desktop,Loyal
8968,2025-07-01,Black Friday,LinkedIn,East,Mobile,Premium
5430,2025-07-01,Weekend Special,Instagram,South,Desktop,Loyal
3478,2025-07-01,Winter Sale,LinkedIn,Central,Tablet,Loyal
915,2025-07-01,Back to School,YouTube,Central,Desktop,Loyal
3786,2025-07-01,Black Friday,Facebook,South,Desktop,Loyal
3958,2025-07-01,Weekend Special,YouTube,South,Desktop,Returning
6775,2025-07-01,Mega Clearance,Google Search,West,Tablet,Returning
5163,2025-07-01,Weekend Special,Facebook,East,Tablet,Returning
2245,2025-07-01,Winter Sale,YouTube,South,Tablet,New
9112,2025-07-01,Festive Combo,Instagram,East,Tablet,New
7785,2025-07-01,Festive Combo,Email,North,Mobile,New
9937,2025-07-01,Winter Sale,YouTube,South,Mobile,Premium
4977,2025-07-01,Mega Clearance,Instagram,North,Tablet,Loyal
4697,2025-07-01,Weekend Special,Email,South,Desktop,Premium
9752,2025-07-01,Mega Clearance,Email,Central,Mobile,Loyal
68,2025-07-01,Weekend Special,LinkedIn,Central,Tablet,Returning
1087,2025-07-01,Winter Sale,Facebook,East,Mobile,Premium
1588,2025-07-01,Flash Sale,LinkedIn,Central,Desktop,Returning
625,2025-07-01,Diwali Bonanza,Facebook,South,Tablet,Premium
4086,2025-07-02,Back to School,Google Search,North,Desktop,Premium
7669,2025-07-02,Diwali Bonanza,Email,Central,Tablet,Premium
607,2025-07-02,Flash Sale,Email,North,Tablet,Premium
5458,2025-07-02,Flash Sale,Facebook,West,Tablet,Loyal
9359,2025-07-02,New Year Blast,YouTube,South,Desktop,Premium
5055,2025-07-02,Mega Clearance,YouTube,Central,Mobile,Returning
4330,2025-07-02,Black Friday,Email,West,Desktop,Premium
5125,2025-07-02,Summer Sale,YouTube,North,Desktop,Loyal
1736,2025-07-02,Back to School,Google Search,North,Desktop,Loyal
4752,2025-07-02,Flash Sale,Email,East,Desktop,Loyal
7085,2025-07-02,Mega Clearance,Email,South,Desktop,Returning
7416,2025-07-02,Back to School,Instagram,East,Tablet,New
5499,2025-07-02,Black Friday,Google Search,West,Desktop,Premium
5506,2025-07-02,Back to School,Google Search,East,Tablet,Loyal
8547,2025-07-02,Weekend Special,Instagram,Central,Desktop,New
8797,2025-07-02,Festive Combo,Google Search,Central,Tablet,Returning
7747,2025-07-02,Back to School,Instagram,South,Desktop,New
1771,2025-07-02,Festive Combo,Facebook,North,Mobile,Premium
9188,2025-07-02,Back to School,Facebook,East,Tablet,Loyal
9018,2025-07-02,Weekend Special,LinkedIn,East,Mobile,New
3491,2025-07-03,Mega Clearance,YouTube,South,Mobile,Loyal
3813,2025-07-03,Diwali Bonanza,Google Search,West,Mobile,Returning
5095,2025-07-03,Festive Combo,Google Search,Central,Mobile,New
4799,2025-07-03,Winter Sale,Google Search,East,Tablet,Loyal
620,2025-07-03,Festive Combo,Email,West,Desktop,Premium
730,2025-07-03,Flash Sale,Instagram,South,Mobile,Loyal
5224,2025-07-03,Diwali Bonanza,Email,Central,Tablet,Loyal
8344,2025-07-03,Back to School,Google Search,North,Tablet,Returning
2024,2025-07-03,Black Friday,Google Search,South,Tablet,Premium
8328,2025-07-03,Summer Sale,Instagram,East,Mobile,Returning
3409,2025-07-03,Weekend Special,Instagram,Central,Desktop,Loyal
779,2025-07-03,Festive Combo,Google Search,Central,Tablet,Returning
67,2025-07-03,Black Friday,YouTube,South,Tablet,New
9549,2025-07-03,Black Friday,Facebook,East,Desktop,Returning
5307,2025-07-03,New Year Blast,Google Search,South,Tablet,Premium
8186,2025-07-03,Weekend Special,LinkedIn,West,Tablet,Returning
4415,2025-07-03,New Year Blast,Email,East,Tablet,Returning
1236,2025-07-03,New Year Blast,Facebook,North,Mobile,Loyal
3637,2025-07-04,Festive Combo,Instagram,Central,Mobile,Premium
5435,2025-07-04,Weekend Special,Google Search,West,Desktop,Premium
1294,2025-07-04,Flash Sale,YouTube,East,Mobile,Premium
6175,2025-07-04,Mega Clearance,LinkedIn,East,Desktop,Loyal
2935,2025-07-04,Flash Sale,Google Search,West,Desktop,Loyal
2588,2025-07-04,Mega Clearance,YouTube,Central,Desktop,Loyal
8093,2025-07-04,Summer Sale,Google Search,West,Tablet,Loyal
2527,2025-07-04,New Year Blast,Google Search,West,Tablet,Premium
2325,2025-07-04,Weekend Special,Facebook,North,Tablet,Premium
2499,2025-07-04,Festive Combo,YouTube,South,Mobile,Premium
9383,2025-07-04,Summer Sale,YouTube,Central,Tablet,New
1134,2025-07-04,Flash Sale,Facebook,East,Tablet,Returning
7985,2025-07-04,Festive Combo,YouTube,South,Mobile,New
8758,2025-07-04,Weekend Special,YouTube,East,Desktop,Premium
5448,2025-07-04,Mega Clearance,Email,East,Tablet,Premium
7891,2025-07-04,Festive Combo,LinkedIn,North,Tablet,Returning
3898,2025-07-04,Weekend Special,Facebook,Central,Desktop,Returning
2837,2025-07-04,Flash Sale,Google Search,Central,Desktop,Returning
6318,2025-07-04,Black Friday,Email,South,Tablet,Premium
7282,2025-07-04,Black Friday,Google Search,Central,Tablet,Premium
444,2025-07-04,Weekend Special,LinkedIn,West,Mobile,Loyal
8088,2025-07-04,Mega Clearance,Instagram,West,Tablet,New
5239,2025-07-05,Black Friday,Facebook,North,Tablet,Returning
334,2025-07-05,Weekend Special,Facebook,North,Mobile,Returning
5251,2025-07-05,New Year Blast,Instagram,West,Tablet,Loyal
4029,2025-07-05,New Year Blast,Email,North,Desktop,Loyal
8571,2025-07-05,New Year Blast,Instagram,North,Tablet,Returning
6104,2025-07-05,Weekend Special,Instagram,Central,Tablet,Loyal
6478,2025-07-05,Summer Sale,Instagram,South,Mobile,Premium
843,2025-07-05,Mega Clearance,YouTube,North,Tablet,Returning
362,2025-07-05,Weekend Special,Instagram,North,Desktop,Loyal
2191,2025-07-05,New Year Blast,YouTube,East,Tablet,New
6544,2025-07-05,Weekend Special,YouTube,East,Tablet,Premium
4218,2025-07-05,Summer Sale,Google Search,West,Mobile,Premium
9153,2025-07-05,Weekend Special,Email,East,Desktop,Returning
3729,2025-07-05,Summer Sale,Instagram,Central,Desktop,Premium
9305,2025-07-05,Summer Sale,Email,West,Tablet,Returning
215,2025-07-05,Winter Sale,YouTube,East,Tablet,Premium
5088,2025-07-05,New Year Blast,LinkedIn,South,Desktop,New
8550,2025-07-05,Weekend Special,YouTube,East,Mobile,Premium
5651,2025-07-05,New Year Blast,YouTube,East,Desktop,Premium
6631,2025-07-05,Diwali Bonanza,Facebook,North,Mobile,Loyal
3598,2025-07-05,Festive Combo,Google Search,Central,Desktop,Loyal
7999,2025-07-05,Back to School,Email,North,Desktop,New
5344,2025-07-05,New Year Blast,Facebook,East,Mobile,Returning
1800,2025-07-05,Back to School,Instagram,South,Mobile,Premium
2423,2025-07-05,Winter Sale,YouTube,East,Tablet,Loyal
1570,2025-07-05,Weekend Special,Google Search,South,Mobile,Premium
8389,2025-07-05,Festive Combo,LinkedIn,North,Tablet,Loyal
2214,2025-07-05,Black Friday,LinkedIn,East,Tablet,New
1561,2025-07-05,Summer Sale,Instagram,West,Tablet,Returning
902,2025-07-05,Mega Clearance,Instagram,South,Tablet,Premium
9988,2025-07-05,New Year Blast,Facebook,South,Desktop,New
225,2025-07-05,Weekend Special,Email,North,Desktop,Returning
4906,2025-07-06,Weekend Special,Instagram,South,Mobile,Loyal
9714,2025-07-06,Weekend Special,Email,South,Desktop,Loyal
5939,2025-07-06,Weekend Special,Instagram,South,Mobile,Returning
5677,2025-07-06,Back to School,Google Search,West,Tablet,Loyal
905,2025-07-06,Flash Sale,Instagram,West,Mobile,Returning
6516,2025-07-06,Weekend Special,YouTube,East,Tablet,Loyal
79,2025-07-06,Flash Sale,Google Search,East,Tablet,Premium
5704,2025-07-06,Summer Sale,YouTube,North,Tablet,Loyal
7925,2025-07-06,Black Friday,Email,West,Tablet,Premium
1853,2025-07-06,Back to School,Instagram,North,Mobile,New
3521,2025-07-06,Festive Combo,LinkedIn,East,Tablet,New
8124,2025-07-06,New Year Blast,LinkedIn,West,Mobile,New
7686,2025-07-06,Flash Sale,Instagram,Central,Desktop,Loyal
8640,2025-07-06,Winter Sale,Email,North,Tablet,Returning
3338,2025-07-06,Back to School,YouTube,Central,Desktop,Returning
3597,2025-07-06,Summer Sale,Instagram,Central,Desktop,Returning
8287,2025-07-06,Summer Sale,YouTube,North,Desktop,Premium
8011,2025-07-06,Summer Sale,Google Search,West,Desktop,Premium
5582,2025-07-06,Flash Sale,Instagram,Central,Mobile,Loyal
2534,2025-07-06,Winter Sale,Facebook,North,Desktop,Returning
6036,2025-07-06,Flash Sale,Instagram,East,Desktop,Premium
288,2025-07-06,Black Friday,LinkedIn,Central,Desktop,Loyal
7964,2025-07-06,Black Friday,YouTube,West,Desktop,Loyal
9689,2025-07-06,Diwali Bonanza,Facebook,South,Desktop,Loyal
4269,2025-07-06,Weekend Special,LinkedIn,East,Desktop,Returning
2777,2025-07-06,Summer Sale,LinkedIn,South,Mobile,New
8853,2025-07-06,Weekend Special,Email,South,Mobile,Returning
8740,2025-07-06,Summer Sale,YouTube,Central,Tablet,New
1949,2025-07-06,New Year Blast,LinkedIn,West,Tablet,Returning
276,2025-07-06,Back to School,Instagram,West,Desktop,Premium
831,2025-07-06,Weekend Special,Google Search,South,Tablet,Returning
7126,2025-07-06,Summer Sale,Instagram,Central,Tablet,Loyal
4757,2025-07-07,Festive Combo,YouTube,South,Tablet,Returning
5549,2025-07-07,Festive Combo,Email,East,Desktop,Premium
9997,2025-07-07,Back to School,YouTube,Central,Mobile,Loyal
7716,2025-07-07,Weekend Special,LinkedIn,Central,Tablet,Returning
1244,2025-07-07,Back to School,Facebook,Central,Tablet,New
7156,2025-07-07,Winter Sale,Email,North,Tablet,Premium
3326,2025-07-07,Mega Clearance,Facebook,West,Desktop,New
4084,2025-07-07,New Year Blast,LinkedIn,South,Mobile,Premium
9938,2025-07-07,Mega Clearance,YouTube,West,Tablet,New
1186,2025-07-07,Weekend Special,Instagram,North,Desktop,Premium
9157,2025-07-07,Black Friday,Google Search,South,Tablet,Loyal
9233,2025-07-07,Flash Sale,Instagram,North,Tablet,Loyal
3726,2025-07-07,Flash Sale,Email,East,Desktop,Loyal
6549,2025-07-07,Mega Clearance,Facebook,East,Tablet,Loyal
3162,2025-07-07,New Year Blast,Facebook,Central,Desktop,New
722,2025-07-07,Summer Sale,LinkedIn,East,Tablet,New
7337,2025-07-07,Winter Sale,Facebook,Central,Mobile,New
5288,2025-07-07,Back to School,LinkedIn,South,Tablet,Loyal
3206,2025-07-07,Summer Sale,Instagram,South,Desktop,Loyal
2391,2025-07-07,Summer Sale,Email,East,Desktop,Loyal
8961,2025-07-07,New Year Blast,Email,West,Desktop,New
7744,2025-07-07,Weekend Special,Google Search,South,Tablet,New
1316,2025-07-07,Mega Clearance,Facebook,West,Tablet,New
829,2025-07-07,Flash Sale,Facebook,Central,Tablet,Premium
3592,2025-07-08,Weekend Special,Facebook,West,Desktop,Returning
9586,2025-07-08,Flash Sale,YouTube,West,Mobile,Returning
977,2025-07-08,Summer Sale,Email,East,Tablet,New
7864,2025-07-08,Flash Sale,LinkedIn,Central,Tablet,Returning
4459,2025-07-08,New Year Blast,Email,Central,Mobile,Premium
7094,2025-07-08,Black Friday,Facebook,East,Mobile,Premium
8982,2025-07-08,Diwali Bonanza,Facebook,East,Tablet,Loyal
5630,2025-07-08,Weekend Special,YouTube,Central,Tablet,Loyal
290,2025-07-08,Mega Clearance,LinkedIn,West,Desktop,Loyal
1592,2025-07-08,Summer Sale,Email,Central,Tablet,Returning
1401,2025-07-08,Diwali Bonanza,Email,North,Mobile,Loyal
2042,2025-07-08,Weekend Special,Google Search,North,Desktop,New
8255,2025-07-08,Mega Clearance,Instagram,Central,Mobile,Premium
1382,2025-07-08,New Year Blast,Google Search,Central,Mobile,New
9399,2025-07-08,Black Friday,Instagram,North,Desktop,Returning
3174,2025-07-08,Weekend Special,LinkedIn,South,Mobile,Premium
3419,2025-07-08,Flash Sale,Instagram,Central,Mobile,Premium
8450,2025-07-08,Summer Sale,Email,Central,Desktop,New
582,2025-07-08,Diwali Bonanza,Instagram,North,Tablet,New
5984,2025-07-08,Back to School,YouTube,East,Tablet,Premium
6984,2025-07-08,Mega Clearance,Google Search,West,Mobile,New
7705,2025-07-08,Mega Clearance,LinkedIn,West,Mobile,Loyal
5007,2025-07-08,Winter Sale,Facebook,West,Mobile,Premium
556,2025-07-08,New Year Blast,Facebook,West,Mobile,Returning
5491,2025-07-08,Weekend Special,YouTube,South,Mobile,Returning
4491,2025-07-08,New Year Blast,YouTube,North,Mobile,Loyal
8671,2025-07-08,Black Friday,Facebook,South,Desktop,Premium
6195,2025-07-08,Summer Sale,Instagram,East,Tablet,Returning
1437,2025-07-08,Weekend Special,Facebook,West,Desktop,Loyal
7987,2025-07-09,Summer Sale,LinkedIn,East,Tablet,Returning
6943,2025-07-09,Winter Sale,Facebook,Central,Desktop,Loyal
9516,2025-07-09,Weekend Special,Facebook,South,Mobile,New
4297,2025-07-09,Black Friday,Instagram,North,Desktop,New
9778,2025-07-09,New Year Blast,Email,Central,Mobile,New
658,2025-07-09,Diwali Bonanza,LinkedIn,North,Desktop,Loyal
8022,2025-07-09,Diwali Bonanza,LinkedIn,East,Desktop,Premium
6688,2025-07-09,Black Friday,Facebook,North,Mobile,Loyal
2331,2025-07-09,Summer Sale,Email,South,Tablet,Returning
8688,2025-07-09,Black Friday,Facebook,West,Tablet,New
3317,2025-07-09,Back to School,Google Search,West,Tablet,Premium
9999,2025-07-09,Winter Sale,YouTube,North,Tablet,Premium
8345,2025-07-09,Black Friday,Google Search,North,Mobile,New
1509,2025-07-09,Weekend Special,LinkedIn,Central,Tablet,Loyal
7200,2025-07-09,Weekend Special,LinkedIn,North,Desktop,Returning
9109,2025-07-09,Winter Sale,LinkedIn,North,Mobile,Premium
8983,2025-07-09,Back to School,Instagram,West,Tablet,New
3524,2025-07-09,New Year Blast,LinkedIn,West,Mobile,Returning
8471,2025-07-09,Diwali Bonanza,Email,East,Desktop,Premium
326,2025-07-09,Back to School,LinkedIn,North,Tablet,Returning
9224,2025-07-09,Weekend Special,Google Search,South,Desktop,Premium
9811,2025-07-09,Summer Sale,LinkedIn,Central,Tablet,Premium
4724,2025-07-09,Weekend Special,Email,West,Mobile,Loyal
57,2025-07-09,New Year Blast,Facebook,West,Tablet,Premium
5533,2025-07-09,Winter Sale,Facebook,Central,Tablet,Premium
4762,2025-07-10,Winter Sale,Email,East,Tablet,Premium
3754,2025-07-10,Mega Clearance,LinkedIn,West,Desktop,Loyal
9327,2025-07-10,Flash Sale,Email,East,Mobile,New
5414,2025-07-10,Diwali Bonanza,Instagram,West,Desktop,Premium
6983,2025-07-10,Winter Sale,Email,North,Mobile,Loyal
5823,2025-07-10,Flash Sale,YouTube,West,Desktop,New
4642,2025-07-10,Mega Clearance,Google Search,West,Mobile,New
550,2025-07-10,Diwali Bonanza,Google Search,West,Tablet,Premium
7943,2025-07-10,Black Friday,YouTube,East,Tablet,Loyal
9548,2025-07-10,Black Friday,Instagram,South,Tablet,New
5299,2025-07-10,Weekend Special,Instagram,Central,Mobile,Premium
1277,2025-07-10,Summer Sale,Instagram,East,Desktop,Premium
4813,2025-07-10,New Year Blast,Facebook,South,Mobile,Loyal
5258,2025-07-10,Back to School,LinkedIn,South,Desktop,New
9197,2025-07-10,Summer Sale,Instagram,West,Mobile,Returning
2025,2025-07-10,Diwali Bonanza,Instagram,North,Mobile,Premium
9607,2025-07-10,Black Friday,Google Search,South,Mobile,Returning
6661,2025-07-10,Mega Clearance,Facebook,East,Desktop,New
5972,2025-07-10,Diwali Bonanza,YouTube,South,Tablet,Returning
4938,2025-07-10,Mega Clearance,Email,East,Tablet,New
9387,2025-07-10,Summer Sale,YouTube,South,Tablet,New
4944,2025-07-10,Festive Combo,Google Search,North,Desktop,Premium
1291,2025-07-11,Weekend Special,YouTube,Central,Mobile,Premium
4010,2025-07-11,Diwali Bonanza,Instagram,North,Desktop,Returning
4798,2025-07-11,Festive Combo,Instagram,Central,Mobile,Returning
9934,2025-07-11,Flash Sale,Email,East,Tablet,New
2272,2025-07-11,Back to School,LinkedIn,South,Tablet,Returning
297,2025-07-11,Black Friday,Google Search,East,Mobile,Premium
1725,2025-07-11,Diwali Bonanza,YouTube,South,Mobile,Loyal
4600,2025-07-11,Black Friday,YouTube,North,Mobile,Loyal
1689,2025-07-11,Festive Combo,Instagram,South,Mobile,Loyal
8602,2025-07-11,Flash Sale,LinkedIn,North,Tablet,Loyal
235,2025-07-11,Diwali Bonanza,YouTube,West,Mobile,New
4613,2025-07-11,Festive Combo,Google Search,South,Mobile,Loyal
4603,2025-07-11,Diwali Bonanza,Facebook,East,Desktop,New
1620,2025-07-11,New Year Blast,Email,North,Mobile,New
5517,2025-07-11,Weekend Special,LinkedIn,West,Tablet,Loyal
1990,2025-07-11,Weekend Special,YouTube,Central,Desktop,Premium
7714,2025-07-11,Winter Sale,YouTube,Central,Desktop,Returning
2564,2025-07-11,Diwali Bonanza,Google Search,South,Tablet,Returning
6727,2025-07-11,Winter Sale,Facebook,South,Desktop,Premium
7463,2025-07-11,Flash Sale,Email,West,Mobile,Returning
5226,2025-07-11,Black Friday,Google Search,East,Desktop,Premium
6645,2025-07-11,Winter Sale,Email,South,Desktop,Returning
9647,2025-07-11,Diwali Bonanza,LinkedIn,South,Tablet,Returning
5265,2025-07-11,Diwali Bonanza,Instagram,Central,Mobile,New
6823,2025-07-11,Summer Sale,Instagram,East,Desktop,Loyal
9713,2025-07-11,Festive Combo,Facebook,South,Tablet,Premium
6815,2025-07-11,Black Friday,Facebook,East,Desktop,Returning
5022,2025-07-11,Winter Sale,Email,East,Tablet,New
9597,2025-07-11,Back to School,Instagram,North,Tablet,Premium
2403,2025-07-11,Mega Clearance,LinkedIn,South,Desktop,Premium
7524,2025-07-12,Back to School,LinkedIn,West,Mobile,Loyal
6149,2025-07-12,Black Friday,Instagram,West,Desktop,Premium
1088,2025-07-12,Weekend Special,Facebook,Central,Tablet,Loyal
863,2025-07-12,Black Friday,YouTube,East,Desktop,Premium
246,2025-07-12,Flash Sale,LinkedIn,East,Mobile,Premium
1706,2025-07-12,Weekend Special,Email,West,Mobile,Premium
6671,2025-07-12,New Year Blast,Google Search,South,Mobile,Loyal
4147,2025-07-12,Mega Clearance,Google Search,South,Tablet,Returning
1600,2025-07-12,Black Friday,LinkedIn,South,Mobile,Premium
7444,2025-07-12,Festive Combo,Google Search,Central,Tablet,Returning
6267,2025-07-12,Winter Sale,Google Search,Central,Tablet,Returning
4976,2025-07-12,New Year Blast,YouTube,West,Mobile,Premium
7911,2025-07-12,Black Friday,LinkedIn,East,Desktop,Premium
5661,2025-07-12,Black Friday,LinkedIn,West,Tablet,Returning
2782,2025-07-12,Flash Sale,YouTube,North,Desktop,Premium
2007,2025-07-12,Back to School,YouTube,West,Mobile,Returning
6975,2025-07-12,Flash Sale,Email,Central,Tablet,Loyal
8364,2025-07-12,Diwali Bonanza,Instagram,West,Desktop,New
1770,2025-07-12,Flash Sale,YouTube,South,Mobile,New
2868,2025-07-12,Summer Sale,Instagram,South,Mobile,Premium
1733,2025-07-12,Mega Clearance,Email,East,Desktop,Loyal
2520,2025-07-12,Summer Sale,LinkedIn,South,Desktop,New
3266,2025-07-12,Winter Sale,Facebook,South,Desktop,New
9278,2025-07-12,Summer Sale,Facebook,West,Mobile,New
7583,2025-07-12,Black Friday,YouTube,South,Mobile,Returning
986,2025-07-12,Weekend Special,YouTube,East,Desktop,Loyal
6542,2025-07-12,New Year Blast,YouTube,Central,Mobile,New
7746,2025-07-13,Festive Combo,Email,Central,Desktop,Premium
2954,2025-07-13,Diwali Bonanza,Google Search,East,Desktop,Loyal
6529,2025-07-13,Diwali Bonanza,Facebook,Central,Mobile,New
2001,2025-07-13,New Year Blast,YouTube,North,Desktop,New
5841,2025-07-13,Mega Clearance,Facebook,East,Tablet,Loyal
3130,2025-07-13,Summer Sale,Facebook,East,Mobile,Returning
2276,2025-07-13,Flash Sale,Facebook,East,Mobile,New
6778,2025-07-13,Mega Clearance,Email,South,Mobile,New
9102,2025-07-13,Diwali Bonanza,LinkedIn,West,Mobile,Returning
5268,2025-07-13,Weekend Special,Email,West,Tablet,Loyal
5668,2025-07-13,Mega Clearance,Instagram,South,Tablet,New
5211,2025-07-13,Festive Combo,Facebook,Central,Tablet,New
7352,2025-07-13,Mega Clearance,YouTube,West,Mobile,Loyal
4777,2025-07-13,Festive Combo,LinkedIn,North,Tablet,Loyal
3676,2025-07-13,Diwali Bonanza,Instagram,East,Mobile,Returning
6161,2025-07-13,Summer Sale,YouTube,South,Mobile,New
3799,2025-07-13,Diwali Bonanza,Email,East,Mobile,Premium
2651,2025-07-13,Winter Sale,LinkedIn,North,Desktop,New
8999,2025-07-13,New Year Blast,Facebook,Central,Desktop,Premium
1505,2025-07-13,Weekend Special,YouTube,South,Mobile,Premium
2666,2025-07-13,New Year Blast,Facebook,West,Desktop,New
5588,2025-07-13,Winter Sale,Google Search,Central,Desktop,Returning
1055,2025-07-13,Weekend Special,LinkedIn,North,Mobile,Premium
7232,2025-07-13,Flash Sale,Email,South,Mobile,Returning
7722,2025-07-13,Summer Sale,Google Search,East,Mobile,Returning
4416,2025-07-13,Diwali Bonanza,LinkedIn,Central,Tablet,New
3152,2025-07-14,Winter Sale,Email,East,Desktop,Premium
3601,2025-07-14,Summer Sale,Instagram,North,Tablet,New
3298,2025-07-14,Winter Sale,Email,North,Tablet,Loyal
1927,2025-07-14,Diwali Bonanza,Google Search,East,Tablet,Loyal
6269,2025-07-14,Back to School,Instagram,South,Tablet,Loyal
2728,2025-07-14,Flash Sale,Google Search,East,Tablet,Loyal
1347,2025-07-14,Winter Sale,LinkedIn,East,Desktop,Loyal
7627,2025-07-14,Diwali Bonanza,Instagram,East,Mobile,New
6102,2025-07-14,Weekend Special,Google Search,West,Mobile,Premium
2456,2025-07-14,Summer Sale,YouTube,North,Desktop,Returning
3678,2025-07-14,Back to School,Instagram,South,Desktop,Returning
3989,2025-07-14,New Year Blast,Email,Central,Mobile,Premium
2231,2025-07-14,Back to School,LinkedIn,South,Tablet,Premium
7362,2025-07-14,Mega Clearance,Email,West,Tablet,Premium
5469,2025-07-14,Summer Sale,Instagram,Central,Mobile,Returning
5993,2025-07-14,Weekend Special,Email,West,Mobile,New
1160,2025-07-14,Flash Sale,LinkedIn,East,Mobile,Loyal
2269,2025-07-14,Winter Sale,YouTube,East,Desktop,New
9261,2025-07-15,Black Friday,Instagram,Central,Mobile,New
5262,2025-07-15,Diwali Bonanza,LinkedIn,West,Mobile,Returning
907,2025-07-15,Black Friday,Facebook,South,Desktop,New
2210,2025-07-15,Winter Sale,Google Search,South,Tablet,Loyal
8427,2025-07-15,Diwali Bonanza,Email,South,Tablet,Premium
8217,2025-07-15,Flash Sale,LinkedIn,West,Mobile,Loyal
4712,2025-07-15,Back to School,Instagram,Central,Desktop,Loyal
4152,2025-07-15,Summer Sale,Facebook,North,Mobile,New
2661,2025-07-15,Black Friday,YouTube,North,Desktop,New
8020,2025-07-15,Winter Sale,Instagram,East,Desktop,New
9784,2025-07-15,Festive Combo,Google Search,South,Desktop,Premium
2324,2025-07-15,Back to School,Facebook,North,Mobile,Loyal
9719,2025-07-15,Weekend Special,Google Search,Central,Mobile,Loyal
3701,2025-07-15,Weekend Special,Email,North,Tablet,New
4909,2025-07-15,Summer Sale,LinkedIn,North,Tablet,New
1640,2025-07-15,Black Friday,LinkedIn,North,Tablet,Loyal
5476,2025-07-15,Back to School,LinkedIn,Central,Tablet,Returning
615,2025-07-15,Flash Sale,Facebook,East,Mobile,Returning
9837,2025-07-15,Black Friday,Facebook,South,Mobile,Premium
8369,2025-07-15,Summer Sale,Instagram,Central,Mobile,New
1686,2025-07-15,Weekend Special,YouTube,South,Tablet,New
8948,2025-07-15,Summer Sale,Facebook,West,Tablet,Returning
5108,2025-07-15,Mega Clearance,YouTube,South,Mobile,New
796,2025-07-15,Winter Sale,LinkedIn,East,Tablet,Premium
8439,2025-07-15,Weekend Special,Email,Central,Desktop,Loyal
6562,2025-07-15,Festive Combo,Email,Central,Desktop,Loyal
8641,2025-07-15,Mega Clearance,Google Search,North,Desktop,Loyal
809,2025-07-15,Flash Sale,YouTube,North,Desktop,Returning
2578,2025-07-15,New Year Blast,Google Search,West,Desktop,Returning
6632,2025-07-15,Black Friday,Facebook,North,Tablet,Returning
4107,2025-07-16,New Year Blast,YouTube,North,Mobile,Premium
4287,2025-07-16,Summer Sale,Facebook,Central,Mobile,Premium
172,2025-07-16,Black Friday,Email,Central,Tablet,Returning
6755,2025-07-16,Festive Combo,YouTube,Central,Mobile,Returning
7517,2025-07-16,Winter Sale,Email,East,Tablet,Returning
7320,2025-07-16,New Year Blast,Email,East,Desktop,Returning
1908,2025-07-16,Winter Sale,Email,West,Tablet,Returning
3257,2025-07-16,Summer Sale,Facebook,Central,Tablet,New
5879,2025-07-16,Flash Sale,Instagram,South,Tablet,Loyal
8702,2025-07-16,Weekend Special,Facebook,Central,Tablet,Returning
5345,2025-07-16,Mega Clearance,Facebook,Central,Desktop,Premium
1584,2025-07-16,Festive Combo,LinkedIn,Central,Tablet,New
1118,2025-07-16,Winter Sale,Instagram,South,Tablet,Loyal
5567,2025-07-16,Festive Combo,Email,East,Tablet,New
8697,2025-07-16,Diwali Bonanza,Facebook,South,Mobile,Returning
5274,2025-07-16,Back to School,Email,South,Desktop,New
4836,2025-07-16,Flash Sale,Instagram,East,Tablet,New
9415,2025-07-16,Weekend Special,Email,West,Desktop,Returning
3100,2025-07-16,Black Friday,Email,Central,Tablet,Returning
7739,2025-07-16,Festive Combo,LinkedIn,West,Desktop,Premium
8579,2025-07-16,Winter Sale,Email,West,Tablet,New
7755,2025-07-16,Diwali Bonanza,Instagram,East,Mobile,Premium
8254,2025-07-16,Back to School,Facebook,East,Mobile,New
1338,2025-07-16,Festive Combo,Instagram,West,Desktop,Loyal
4857,2025-07-17,New Year Blast,Email,South,Mobile,Returning
6883,2025-07-17,Summer Sale,Instagram,South,Tablet,Returning
8870,2025-07-17,Festive Combo,Google Search,North,Desktop,New
6580,2025-07-17,Mega Clearance,Instagram,Central,Tablet,Premium
7791,2025-07-17,New Year Blast,Google Search,South,Desktop,New
8046,2025-07-17,Weekend Special,LinkedIn,West,Desktop,Returning
6435,2025-07-17,Diwali Bonanza,YouTube,West,Desktop,New
4085,2025-07-17,Flash Sale,Facebook,Central,Desktop,Returning
179,2025-07-17,Diwali Bonanza,LinkedIn,North,Mobile,Premium
5331,2025-07-17,Winter Sale,YouTube,North,Mobile,Returning
1321,2025-07-17,New Year Blast,LinkedIn,Central,Tablet,Premium
9477,2025-07-17,Mega Clearance,Facebook,West,Mobile,Premium
8033,2025-07-17,Winter Sale,Email,South,Mobile,Loyal
565,2025-07-17,Winter Sale,Facebook,West,Tablet,New
3834,2025-07-17,Back to School,LinkedIn,North,Desktop,Premium
740,2025-07-17,Festive Combo,LinkedIn,South,Mobile,Returning
8324,2025-07-17,Black Friday,LinkedIn,West,Mobile,Premium
8793,2025-07-17,New Year Blast,YouTube,West,Desktop,Loyal
22,2025-07-17,Flash Sale,Email,West,Tablet,Premium
686,2025-07-17,Summer Sale,Facebook,Central,Mobile,Returning
3901,2025-07-17,Flash Sale,Email,East,Tablet,Premium
7451,2025-07-17,New Year Blast,Instagram,West,Desktop,Returning
3578,2025-07-17,Winter Sale,Google Search,Central,Mobile,Premium
5044,2025-07-17,Weekend Special,Instagram,North,Tablet,Returning
2318,2025-07-17,Festive Combo,Instagram,East,Tablet,Premium
481,2025-07-17,Summer Sale,Instagram,West,Desktop,New
1894,2025-07-17,Diwali Bonanza,Instagram,East,Mobile,Loyal
3318,2025-07-17,Weekend Special,Instagram,North,Tablet,Premium
949,2025-07-17,Festive Combo,Facebook,North,Mobile,Loyal
1711,2025-07-17,Mega Clearance,Facebook,South,Desktop,Premium
1240,2025-07-17,Back to School,Email,North,Desktop,Loyal
621,2025-07-18,New Year Blast,Facebook,North,Desktop,Returning
5610,2025-07-18,New Year Blast,YouTube,East,Desktop,Premium
1224,2025-07-18,Back to School,Facebook,West,Tablet,Returning
2852,2025-07-18,Back to School,Facebook,East,Desktop,Loyal
3911,2025-07-18,New Year Blast,Facebook,South,Tablet,Loyal
6713,2025-07-18,Winter Sale,Facebook,Central,Desktop,Loyal
2815,2025-07-18,Back to School,LinkedIn,West,Tablet,Returning
7095,2025-07-18,Flash Sale,Google Search,North,Tablet,New
9077,2025-07-18,Flash Sale,Google Search,South,Tablet,Returning
3943,2025-07-18,Flash Sale,Instagram,West,Tablet,Premium
7694,2025-07-18,Back to School,Email,West,Mobile,Returning
699,2025-07-18,Summer Sale,Email,Central,Mobile,Premium
2801,2025-07-18,Flash Sale,Google Search,Central,Desktop,Loyal
436,2025-07-18,Black Friday,Instagram,South,Desktop,New
8102,2025-07-18,New Year Blast,Facebook,West,Desktop,Returning
5613,2025-07-18,New Year Blast,Email,North,Tablet,Loyal
9470,2025-07-18,Diwali Bonanza,LinkedIn,East,Desktop,Premium
8411,2025-07-18,Mega Clearance,Instagram,North,Tablet,Loyal
4662,2025-07-18,Weekend Special,Google Search,West,Tablet,New
2380,2025-07-18,Festive Combo,Google Search,East,Desktop,Returning
6436,2025-07-18,Flash Sale,Google Search,North,Tablet,Returning
4176,2025-07-18,Summer Sale,Email,East,Desktop,New
2674,2025-07-18,Diwali Bonanza,Google Search,North,Mobile,Loyal
212,2025-07-18,Festive Combo,Instagram,Central,Desktop,Returning
6018,2025-07-18,Mega Clearance,Facebook,South,Mobile,Returning
9291,2025-07-18,Festive Combo,YouTube,North,Tablet,Returning
7969,2025-07-18,Weekend Special,Facebook,Central,Desktop,New
3385,2025-07-18,Winter Sale,Email,Central,Desktop,New
4441,2025-07-18,Festive Combo,Facebook,Central,Desktop,Returning
4898,2025-07-18,Winter Sale,LinkedIn,Central,Desktop,Premium
7459,2025-07-18,New Year Blast,LinkedIn,North,Desktop,Premium
9061,2025-07-18,Black Friday,YouTube,South,Mobile,New
6278,2025-07-19,Weekend Special,Facebook,Central,Desktop,New
3789,2025-07-19,Mega Clearance,LinkedIn,North,Tablet,Returning
307,2025-07-19,Festive Combo,Google Search,West,Desktop,Premium
8305,2025-07-19,Black Friday,YouTube,West,Tablet,Premium
7372,2025-07-19,Festive Combo,LinkedIn,North,Desktop,Premium
4570,2025-07-19,Winter Sale,Email,Central,Desktop,Returning
9452,2025-07-19,Winter Sale,Instagram,South,Desktop,Loyal
6846,2025-07-19,Mega Clearance,YouTube,South,Mobile,Returning
8888,2025-07-19,Festive Combo,YouTube,North,Mobile,New
7469,2025-07-19,Mega Clearance,Facebook,South,Desktop,New
3314,2025-07-19,Diwali Bonanza,Email,South,Desktop,Returning
106,2025-07-19,Back to School,YouTube,West,Tablet,Returning
3746,2025-07-19,Mega Clearance,YouTube,East,Desktop,Premium
9969,2025-07-19,Diwali Bonanza,Email,South,Mobile,Returning
104,2025-07-19,Flash Sale,Email,Central,Tablet,Returning
6476,2025-07-19,Summer Sale,Google Search,Central,Desktop,Premium
8764,2025-07-19,Festive Combo,LinkedIn,East,Mobile,Premium
46,2025-07-19,New Year Blast,LinkedIn,East,Desktop,Loyal
9737,2025-07-19,Festive Combo,Facebook,South,Tablet,Loyal
8919,2025-07-19,Winter Sale,Email,South,Desktop,New
1341,2025-07-19,Festive Combo,Google Search,Central,Tablet,Loyal
3192,2025-07-19,Winter Sale,LinkedIn,Central,Desktop,New
5964,2025-07-19,Winter Sale,LinkedIn,West,Desktop,Loyal
3940,2025-07-19,New Year Blast,Instagram,South,Tablet,New
4562,2025-07-19,Flash Sale,Google Search,North,Desktop,Premium
6153,2025-07-19,Mega Clearance,YouTube,Central,Tablet,Premium
7381,2025-07-19,Diwali Bonanza,YouTube,South,Desktop,Premium
4868,2025-07-19,Winter Sale,Facebook,East,Tablet,New
5851,2025-07-19,New Year Blast,Instagram,West,Mobile,Returning
3167,2025-07-20,New Year Blast,Email,North,Tablet,New
4553,2025-07-20,Back to School,Facebook,Central,Tablet,Premium
9379,2025-07-20,Flash Sale,YouTube,West,Desktop,New
4397,2025-07-20,New Year Blast,Facebook,Central,Tablet,Premium
5831,2025-07-20,Mega Clearance,Instagram,Central,Desktop,Premium
2759,2025-07-20,Festive Combo,Facebook,East,Desktop,Returning
3015,2025-07-20,Black Friday,Instagram,North,Mobile,New
5292,2025-07-20,Weekend Special,Facebook,North,Mobile,Returning
9508,2025-07-20,New Year Blast,Instagram,South,Tablet,Returning
8074,2025-07-20,Weekend Special,YouTube,South,Mobile,Premium
6234,2025-07-20,Back to School,Google Search,West,Desktop,Premium
6226,2025-07-20,Weekend Special,YouTube,South,Mobile,Loyal
2679,2025-07-20,Flash Sale,Facebook,East,Tablet,New
2118,2025-07-20,Summer Sale,Google Search,East,Desktop,Loyal
3362,2025-07-20,Summer Sale,Email,South,Tablet,Loyal
5199,2025-07-20,Diwali Bonanza,Google Search,Central,Tablet,New
9046,2025-07-20,New Year Blast,LinkedIn,West,Tablet,Premium
6784,2025-07-20,Diwali Bonanza,Google Search,West,Tablet,Premium
8754,2025-07-20,Diwali Bonanza,YouTube,West,Desktop,Premium
7596,2025-07-20,Diwali Bonanza,Instagram,South,Tablet,Premium
3724,2025-07-20,Diwali Bonanza,Facebook,Central,Mobile,Returning
564,2025-07-20,New Year Blast,YouTube,North,Mobile,Loyal
7379,2025-07-21,Summer Sale,LinkedIn,East,Mobile,Returning
4550,2025-07-21,Diwali Bonanza,YouTube,North,Mobile,Premium
4009,2025-07-21,Festive Combo,Instagram,East,Desktop,Loyal
5006,2025-07-21,New Year Blast,Facebook,West,Desktop,Returning
1555,2025-07-21,Weekend Special,Google Search,North,Tablet,New
5890,2025-07-21,Mega Clearance,Email,Central,Mobile,Premium
4162,2025-07-21,Mega Clearance,YouTube,South,Mobile,Premium
7150,2025-07-21,Weekend Special,Instagram,South,Desktop,Premium
1883,2025-07-21,Mega Clearance,Facebook,North,Mobile,New
8171,2025-07-21,Weekend Special,Facebook,North,Mobile,Returning
1448,2025-07-21,Summer Sale,Google Search,West,Tablet,Premium
4631,2025-07-21,New Year Blast,Facebook,South,Tablet,Returning
8240,2025-07-21,Festive Combo,Instagram,Central,Tablet,Returning
2950,2025-07-21,Diwali Bonanza,Facebook,North,Desktop,Returning
7123,2025-07-21,Summer Sale,Email,East,Mobile,New
4386,2025-07-21,Diwali Bonanza,YouTube,West,Mobile,Returning
7032,2025-07-21,Diwali Bonanza,LinkedIn,West,Mobile,Loyal
9177,2025-07-21,Festive Combo,Facebook,East,Tablet,Premium
1397,2025-07-21,Flash Sale,Email,South,Mobile,New
2895,2025-07-21,New Year Blast,LinkedIn,East,Desktop,Premium
7874,2025-07-21,New Year Blast,Instagram,South,Tablet,New
4213,2025-07-21,Festive Combo,Google Search,Central,Desktop,Loyal
2109,2025-07-21,Diwali Bonanza,LinkedIn,North,Desktop,Loyal
9086,2025-07-21,Diwali Bonanza,YouTube,Central,Tablet,New
7190,2025-07-21,New Year Blast,Facebook,West,Desktop,Premium
7816,2025-07-21,Summer Sale,Google Search,Central,Desktop,Loyal
6880,2025-07-21,Festive Combo,Google Search,South,Mobile,New
6201,2025-07-21,Back to School,Google Search,North,Tablet,Returning
7438,2025-07-21,New Year Blast,Instagram,West,Desktop,Premium
1022,2025-07-21,Diwali Bonanza,Google Search,East,Tablet,Premium
9892,2025-07-22,Festive Combo,Email,Central,Desktop,Premium
5863,2025-07-22,Summer Sale,LinkedIn,East,Mobile,New
5530,2025-07-22,Summer Sale,LinkedIn,Central,Tablet,New
9746,2025-07-22,New Year Blast,LinkedIn,North,Tablet,New
4436,2025-07-22,Festive Combo,YouTube,West,Tablet,Returning
3186,2025-07-22,Black Friday,Facebook,North,Mobile,New
8207,2025-07-22,Diwali Bonanza,Instagram,East,Desktop,Premium
3031,2025-07-22,New Year Blast,Google Search,Central,Mobile,New
937,2025-07-22,Black Friday,Facebook,West,Desktop,Returning
8015,2025-07-22,Diwali Bonanza,Facebook,Central,Desktop,Loyal
1326,2025-07-22,Flash Sale,YouTube,Central,Mobile,Returning
6506,2025-07-22,Diwali Bonanza,Google Search,North,Desktop,Premium
6719,2025-07-22,Festive Combo,YouTube,West,Desktop,Premium
262,2025-07-22,New Year Blast,YouTube,East,Mobile,Premium
1325,2025-07-22,Festive Combo,Email,North,Mobile,Returning
6147,2025-07-22,Flash Sale,Google Search,East,Tablet,Premium
6578,2025-07-22,Festive Combo,YouTube,West,Desktop,Loyal
6597,2025-07-22,Festive Combo,Instagram,West,Desktop,Loyal
8187,2025-07-22,New Year Blast,YouTube,South,Desktop,Returning
9694,2025-07-22,Back to School,Instagram,East,Mobile,Loyal
6936,2025-07-22,Summer Sale,Google Search,North,Tablet,Premium
511,2025-07-22,Summer Sale,YouTube,Central,Mobile,Loyal
296,2025-07-22,Weekend Special,Instagram,South,Desktop,New
1413,2025-07-22,Back to School,Facebook,Central,Mobile,Returning
9691,2025-07-23,Black Friday,YouTube,South,Desktop,Premium
3526,2025-07-23,Back to School,Email,Central,Desktop,Returning
1276,2025-07-23,Diwali Bonanza,YouTube,West,Desktop,Loyal
3921,2025-07-23,Flash Sale,YouTube,South,Mobile,Premium
7237,2025-07-23,Winter Sale,Google Search,East,Mobile,Premium
3960,2025-07-23,Weekend Special,YouTube,West,Mobile,Loyal
3671,2025-07-23,Mega Clearance,LinkedIn,Central,Mobile,New
2602,2025-07-23,Mega Clearance,YouTube,North,Mobile,New
4545,2025-07-23,Summer Sale,YouTube,West,Desktop,New
8167,2025-07-23,Black Friday,YouTube,Central,Tablet,Returning
118,2025-07-23,Black Friday,Google Search,Central,Tablet,Returning
7215,2025-07-23,Flash Sale,Google Search,East,Mobile,Premium
4501,2025-07-23,Winter Sale,LinkedIn,Central,Tablet,Loyal
3379,2025-07-23,Summer Sale,Email,South,Mobile,New
7788,2025-07-23,New Year Blast,Instagram,North,Tablet,Loyal
8008,2025-07-23,Flash Sale,Email,Central,Mobile,Returning
910,2025-07-23,Winter Sale,YouTube,South,Mobile,Returning
442,2025-07-23,Black Friday,Email,East,Desktop,Loyal
7174,2025-07-23,Winter Sale,LinkedIn,South,Desktop,Premium
1631,2025-07-23,Black Friday,Facebook,South,Desktop,Returning
5222,2025-07-23,Mega Clearance,Google Search,East,Desktop,Returning
460,2025-07-23,Winter Sale,Instagram,West,Desktop,Returning
2328,2025-07-23,Summer Sale,YouTube,East,Desktop,New
923,2025-07-23,Winter Sale,Google Search,North,Desktop,New
8890,2025-07-23,Winter Sale,YouTube,North,Mobile,Loyal
5091,2025-07-23,Diwali Bonanza,LinkedIn,North,Mobile,New
6746,2025-07-23,Summer Sale,Facebook,South,Mobile,Loyal
5529,2025-07-23,Festive Combo,YouTube,Central,Desktop,Premium
1722,2025-07-23,New Year Blast,Google Search,South,Desktop,New
2153,2025-07-24,Mega Clearance,Google Search,Central,Tablet,New
316,2025-07-24,Festive Combo,LinkedIn,East,Mobile,Loyal
7258,2025-07-24,Mega Clearance,YouTube,North,Mobile,New
6268,2025-07-24,Summer Sale,Instagram,East,Desktop,Premium
3992,2025-07-24,Diwali Bonanza,LinkedIn,North,Desktop,Loyal
5413,2025-07-24,Flash Sale,Email,South,Tablet,New
9259,2025-07-24,Black Friday,YouTube,North,Tablet,New
1662,2025-07-24,Black Friday,LinkedIn,North,Mobile,Premium
2460,2025-07-24,Winter Sale,Instagram,Central,Mobile,Premium
2757,2025-07-24,Back to School,Google Search,West,Tablet,Returning
5669,2025-07-24,Mega Clearance,Instagram,South,Mobile,Premium
1794,2025-07-24,Festive Combo,Google Search,East,Tablet,Loyal
8573,2025-07-24,Diwali Bonanza,YouTube,Central,Mobile,New
2360,2025-07-24,Festive Combo,Facebook,East,Tablet,Premium
4443,2025-07-24,Summer Sale,YouTube,East,Tablet,Premium
7754,2025-07-24,Black Friday,Instagram,West,Mobile,New
5787,2025-07-24,Weekend Special,Email,South,Desktop,Loyal
6240,2025-07-24,Festive Combo,Google Search,North,Desktop,Premium
2590,2025-07-24,Flash Sale,YouTube,North,Mobile,Returning
7505,2025-07-24,Winter Sale,LinkedIn,East,Desktop,Loyal
5081,2025-07-24,Flash Sale,LinkedIn,West,Desktop,New
9684,2025-07-24,Festive Combo,Instagram,South,Tablet,Loyal
2299,2025-07-24,Summer Sale,Instagram,North,Desktop,Premium
6833,2025-07-24,Mega Clearance,Instagram,South,Tablet,Premium
2055,2025-07-24,Black Friday,Google Search,East,Desktop,Returning
33,2025-07-24,Back to School,LinkedIn,Central,Desktop,New
3770,2025-07-24,Back to School,LinkedIn,South,Mobile,Loyal
1159,2025-07-24,Festive Combo,Instagram,West,Tablet,Returning
4564,2025-07-24,Black Friday,Facebook,North,Mobile,Loyal
5257,2025-07-25,Flash Sale,LinkedIn,Central,Mobile,New
8127,2025-07-25,Mega Clearance,Instagram,East,Desktop,New
6999,2025-07-25,Weekend Special,Facebook,Central,Desktop,New
5702,2025-07-25,Festive Combo,Google Search,East,Tablet,Premium
426,2025-07-25,Festive Combo,Facebook,Central,Mobile,New
8121,2025-07-25,Weekend Special,Facebook,North,Desktop,New
5612,2025-07-25,Summer Sale,Instagram,South,Tablet,New
8765,2025-07-25,Winter Sale,LinkedIn,South,Tablet,Returning
7876,2025-07-25,Black Friday,Google Search,North,Tablet,Loyal
16,2025-07-25,New Year Blast,Google Search,South,Tablet,Premium
9247,2025-07-25,Black Friday,Email,East,Tablet,New
4820,2025-07-25,Flash Sale,Facebook,South,Tablet,Returning
4876,2025-07-25,Summer Sale,Instagram,Central,Tablet,New
2694,2025-07-25,Diwali Bonanza,YouTube,East,Mobile,Loyal
5208,2025-07-25,New Year Blast,Instagram,North,Tablet,Returning
8002,2025-07-25,Black Friday,YouTube,Central,Mobile,New
7689,2025-07-25,Weekend Special,YouTube,Central,Mobile,New
2663,2025-07-25,Summer Sale,Facebook,South,Tablet,Returning
3333,2025-07-25,Diwali Bonanza,Facebook,East,Tablet,Loyal
2595,2025-07-25,Back to School,Facebook,West,Mobile,Premium
6535,2025-07-25,Flash Sale,YouTube,West,Mobile,Premium
874,2025-07-25,Mega Clearance,YouTube,Central,Desktop,New
9340,2025-07-26,Summer Sale,Email,East,Mobile,Premium
6241,2025-07-26,Mega Clearance,LinkedIn,West,Tablet,Returning
2289,2025-07-26,Mega Clearance,LinkedIn,Central,Tablet,Returning
7998,2025-07-26,New Year Blast,LinkedIn,South,Mobile,Premium
541,2025-07-26,Weekend Special,YouTube,East,Tablet,Premium
3441,2025-07-26,Flash Sale,LinkedIn,North,Desktop,Premium
6871,2025-07-26,Back to School,Email,East,Tablet,New
9634,2025-07-26,Diwali Bonanza,YouTube,East,Desktop,Premium
882,2025-07-26,Mega Clearance,Google Search,East,Mobile,Loyal
9488,2025-07-26,Diwali Bonanza,Google Search,West,Mobile,Loyal
8874,2025-07-26,Diwali Bonanza,Facebook,West,Tablet,Loyal
5556,2025-07-26,Summer Sale,Facebook,Central,Desktop,New
1630,2025-07-26,Flash Sale,Email,North,Desktop,Returning
164,2025-07-26,Weekend Special,Google Search,Central,Desktop,Loyal
8298,2025-07-26,Summer Sale,Facebook,West,Desktop,New
8356,2025-07-26,Summer Sale,Facebook,East,Mobile,Premium
9428,2025-07-26,Summer Sale,Email,Central,Desktop,New
8603,2025-07-26,Festive Combo,YouTube,West,Mobile,New
3223,2025-07-26,Mega Clearance,YouTube,Central,Tablet,Loyal
361,2025-07-26,Back to School,Google Search,West,Mobile,Returning
9015,2025-07-26,Summer Sale,LinkedIn,East,Desktop,Loyal
713,2025-07-26,Flash Sale,LinkedIn,West,Mobile,New
3794,2025-07-26,Festive Combo,Facebook,East,Desktop,Premium
3312,2025-07-27,Diwali Bonanza,Instagram,North,Tablet,Premium
3745,2025-07-27,Summer Sale,Instagram,East,Desktop,Loyal
9242,2025-07-27,Winter Sale,Google Search,South,Tablet,New
8907,2025-07-27,Summer Sale,YouTube,South,Desktop,Premium
8193,2025-07-27,Mega Clearance,Instagram,Central,Desktop,New
9642,2025-07-27,Flash Sale,LinkedIn,North,Desktop,Premium
3986,2025-07-27,New Year Blast,Google Search,Central,Mobile,Premium
6316,2025-07-27,Festive Combo,Email,Central,Mobile,Loyal
1964,2025-07-27,Winter Sale,Instagram,West,Desktop,Returning
7324,2025-07-27,Diwali Bonanza,Facebook,West,Mobile,Premium
8838,2025-07-27,Back to School,LinkedIn,North,Tablet,New
5051,2025-07-27,Mega Clearance,Email,Central,Tablet,Returning
4187,2025-07-27,Flash Sale,LinkedIn,South,Tablet,New
1816,2025-07-27,Summer Sale,Email,South,Tablet,New
9808,2025-07-27,Diwali Bonanza,Email,West,Mobile,New
9252,2025-07-27,Flash Sale,Google Search,Central,Tablet,Premium
8762,2025-07-27,Summer Sale,Email,North,Desktop,Premium
1266,2025-07-27,Festive Combo,Facebook,West,Desktop,Returning
2835,2025-07-28,Diwali Bonanza,Email,West,Desktop,Loyal
4965,2025-07-28,Festive Combo,Email,South,Mobile,Premium
8249,2025-07-28,Summer Sale,Instagram,Central,Tablet,Returning
3963,2025-07-28,Winter Sale,Email,East,Tablet,New
2406,2025-07-28,Black Friday,Google Search,West,Tablet,Returning
3218,2025-07-28,Summer Sale,Facebook,South,Tablet,Premium
3202,2025-07-28,Black Friday,Facebook,South,Mobile,Returning
2845,2025-07-28,Winter Sale,Facebook,West,Mobile,Returning
3028,2025-07-28,Mega Clearance,YouTube,North,Desktop,Loyal
5784,2025-07-28,Weekend Special,LinkedIn,Central,Tablet,Premium
2629,2025-07-28,Flash Sale,YouTube,West,Mobile,Premium
4988,2025-07-28,Winter Sale,YouTube,Central,Mobile,Returning
9274,2025-07-28,Festive Combo,LinkedIn,East,Mobile,Loyal
4295,2025-07-28,Summer Sale,Instagram,Central,Tablet,Loyal
3236,2025-07-28,Winter Sale,Facebook,Central,Tablet,Loyal
101,2025-07-28,Back to School,Email,West,Desktop,New
3670,2025-07-28,Festive Combo,Email,Central,Mobile,New
6137,2025-07-28,Winter Sale,Google Search,East,Desktop,Loyal
6281,2025-07-28,Back to School,Google Search,Central,Mobile,New
5217,2025-07-28,Diwali Bonanza,YouTube,Central,Mobile,Loyal
1569,2025-07-28,New Year Blast,Google Search,Central,Desktop,Loyal
4140,2025-07-28,Winter Sale,LinkedIn,North,Tablet,Returning
129,2025-07-28,Festive Combo,Email,South,Tablet,Loyal
1318,2025-07-28,Winter Sale,Instagram,North,Desktop,New
7338,2025-07-28,New Year Blast,LinkedIn,Central,Mobile,Premium
9800,2025-07-29,Summer Sale,Facebook,Central,Desktop,Premium
3394,2025-07-29,Festive Combo,YouTube,South,Mobile,New
495,2025-07-29,Festive Combo,Facebook,East,Mobile,Premium
1660,2025-07-29,Festive Combo,Facebook,East,Mobile,New
1728,2025-07-29,Festive Combo,YouTube,Central,Mobile,Returning
338,2025-07-29,Mega Clearance,Google Search,South,Desktop,New
7518,2025-07-29,Summer Sale,YouTube,Central,Desktop,New
3974,2025-07-29,Winter Sale,LinkedIn,Central,Tablet,New
3885,2025-07-29,Festive Combo,LinkedIn,North,Tablet,New
651,2025-07-29,Weekend Special,YouTube,Central,Desktop,Premium
417,2025-07-29,Diwali Bonanza,Facebook,West,Desktop,Loyal
709,2025-07-29,Mega Clearance,LinkedIn,South,Desktop,Returning
8493,2025-07-29,Flash Sale,Facebook,North,Tablet,Premium
525,2025-07-29,Festive Combo,LinkedIn,West,Desktop,Returning
5842,2025-07-29,Weekend Special,Email,South,Desktop,New
4387,2025-07-29,Flash Sale,Google Search,East,Desktop,New
9805,2025-07-29,Black Friday,Email,East,Tablet,Loyal
4094,2025-07-29,New Year Blast,Google Search,East,Mobile,New
8687,2025-07-29,Festive Combo,Instagram,North,Mobile,New
7922,2025-07-29,Flash Sale,Google Search,Central,Tablet,Premium
5658,2025-07-29,Weekend Special,LinkedIn,North,Tablet,Loyal
5524,2025-07-29,Festive Combo,YouTube,South,Tablet,Premium
7033,2025-07-29,New Year Blast,YouTube,North,Tablet,Premium
2943,2025-07-29,New Year Blast,Facebook,Central,Mobile,Returning
4090,2025-07-29,Summer Sale,Instagram,South,Desktop,Returning
5128,2025-07-29,Black Friday,LinkedIn,Central,Tablet,Premium
5487,2025-07-29,Festive Combo,Facebook,North,Tablet,Premium
6996,2025-07-29,Winter Sale,YouTube,East,Tablet,Premium
2754,2025-07-29,Festive Combo,LinkedIn,East,Desktop,Loyal
5400,2025-07-29,Back to School,LinkedIn,East,Tablet,Returning
671,2025-07-30,New Year Blast,LinkedIn,West,Tablet,Loyal
9273,2025-07-30,Diwali Bonanza,Email,East,Tablet,Premium
1828,2025-07-30,Winter Sale,LinkedIn,North,Mobile,Premium
3366,2025-07-30,Diwali Bonanza,Google Search,West,Desktop,New
9750,2025-07-30,Black Friday,LinkedIn,Central,Tablet,Premium
4194,2025-07-30,New Year Blast,Facebook,South,Desktop,Loyal
4301,2025-07-30,Festive Combo,Google Search,West,Tablet,Loyal
6615,2025-07-30,Weekend Special,LinkedIn,North,Desktop,New
5795,2025-07-30,Festive Combo,Google Search,East,Desktop,Loyal
6935,2025-07-30,Back to School,Google Search,North,Mobile,Premium
7695,2025-07-30,Black Friday,Instagram,North,Mobile,New
3114,2025-07-30,Summer Sale,Facebook,West,Desktop,New
162,2025-07-30,Festive Combo,Instagram,West,Tablet,New
8511,2025-07-30,Diwali Bonanza,LinkedIn,South,Tablet,Premium
3089,2025-07-30,Flash Sale,YouTube,Central,Tablet,Premium
1257,2025-07-30,Mega Clearance,Instagram,East,Desktop,Loyal
7832,2025-07-30,Festive Combo,YouTube,West,Tablet,New
4401,2025-07-30,Winter Sale,Google Search,Central,Desktop,Premium
5325,2025-07-30,Back to School,YouTube,North,Mobile,Loyal
1033,2025-07-30,New Year Blast,LinkedIn,East,Mobile,Returning
2264,2025-07-30,Flash Sale,LinkedIn,West,Desktop,Premium
4726,2025-07-30,Black Friday,Email,North,Mobile,New
9676,2025-07-30,Diwali Bonanza,Facebook,South,Mobile,Premium
6843,2025-07-30,New Year Blast,YouTube,South,Desktop,Returning
559,2025-07-30,Mega Clearance,YouTube,West,Mobile,New
7715,2025-07-30,Flash Sale,YouTube,East,Desktop,Loyal
8891,2025-07-30,Black Friday,Facebook,Central,Desktop,New
3255,2025-07-30,Diwali Bonanza,Email,South,Desktop,New
5010,2025-07-30,New Year Blast,Email,West,Tablet,Premium
8453,2025-07-30,Black Friday,Facebook,North,Mobile,Returning
9309,2025-07-30,Diwali Bonanza,YouTube,East,Mobile,Returning
708,2025-07-31,Summer Sale,Facebook,South,Mobile,Premium
376,2025-07-31,Black Friday,LinkedIn,Central,Tablet,Loyal
2795,2025-07-31,Back to School,Google Search,West,Desktop,New
3630,2025-07-31,Mega Clearance,Email,Central,Mobile,Loyal
6695,2025-07-31,Festive Combo,LinkedIn,West,Mobile,Premium
8814,2025-07-31,Festive Combo,LinkedIn,Central,Desktop,Loyal
4313,2025-07-31,Mega Clearance,Email,North,Mobile,Premium
5003,2025-07-31,Back to School,Email,North,Desktop,Returning
921,2025-07-31,Diwali Bonanza,Facebook,North,Mobile,Returning
7476,2025-07-31,Black Friday,Instagram,West,Desktop,Returning
4537,2025-07-31,Back to School,Google Search,Central,Mobile,Loyal
9137,2025-07-31,Summer Sale,Google Search,Central,Mobile,Premium
4185,2025-07-31,Flash Sale,Google Search,West,Desktop,Loyal
1040,2025-07-31,Black Friday,YouTube,South,Mobile,New
8622,2025-07-31,Festive Combo,Google Search,Central,Tablet,Loyal
389,2025-07-31,Back to School,YouTube,West,Mobile,Returning
8109,2025-07-31,Festive Combo,Facebook,East,Mobile,Loyal
1987,2025-07-31,Flash Sale,Google Search,East,Mobile,Premium
6761,2025-07-31,Weekend Special,Instagram,East,Tablet,New
754,2025-07-31,Summer Sale,Email,Central,Mobile,New
9753,2025-07-31,Mega Clearance,LinkedIn,West,Mobile,Returning
3415,2025-07-31,Black Friday,Facebook,South,Desktop,New
1488,2025-07-31,Flash Sale,LinkedIn,Central,Tablet,Premium
6132,2025-08-01,Summer Sale,YouTube,East,Tablet,Loyal
5806,2025-08-01,Winter Sale,Instagram,East,Tablet,Loyal
7133,2025-08-01,Flash Sale,Facebook,Central,Mobile,Returning
4778,2025-08-01,Flash Sale,LinkedIn,North,Mobile,Returning
7801,2025-08-01,Weekend Special,Facebook,North,Mobile,Loyal
3355,2025-08-01,New Year Blast,LinkedIn,South,Mobile,Loyal
171,2025-08-01,Festive Combo,LinkedIn,South,Desktop,Returning
9220,2025-08-01,Weekend Special,Google Search,South,Mobile,Loyal
9029,2025-08-01,Flash Sale,Instagram,West,Mobile,New
1362,2025-08-01,Flash Sale,Instagram,Central,Tablet,Loyal
9781,2025-08-01,Festive Combo,YouTube,East,Desktop,New
4634,2025-08-01,Weekend Special,YouTube,North,Desktop,Loyal
3451,2025-08-01,Flash Sale,Email,Central,Tablet,Premium
844,2025-08-01,Back to School,YouTube,North,Desktop,Loyal
5682,2025-08-01,Black Friday,Email,Central,Tablet,Returning
9293,2025-08-01,Diwali Bonanza,YouTube,Central,Tablet,Returning
250,2025-08-01,New Year Blast,Facebook,Central,Mobile,Premium
8729,2025-08-01,Black Friday,Google Search,East,Mobile,Loyal
3759,2025-08-01,Winter Sale,Instagram,East,Desktop,Returning
9068,2025-08-01,Flash Sale,Facebook,East,Mobile,New
1283,2025-08-01,Diwali Bonanza,Email,West,Tablet,Returning
1279,2025-08-01,Festive Combo,Instagram,South,Tablet,Loyal
1280,2025-08-01,Diwali Bonanza,Email,Central,Mobile,Returning
9838,2025-08-01,Back to School,Google Search,Central,Mobile,Returning
4851,2025-08-01,Winter Sale,Instagram,South,Tablet,New
5848,2025-08-01,Summer Sale,Email,East,Mobile,Loyal
4462,2025-08-01,Festive Combo,Email,North,Desktop,Loyal
7871,2025-08-01,Winter Sale,Facebook,West,Mobile,Premium
6392,2025-08-01,New Year Blast,YouTube,East,Tablet,New
9333,2025-08-01,New Year Blast,Google Search,East,Mobile,Returning
6378,2025-08-01,Back to School,LinkedIn,East,Mobile,New
1709,2025-08-01,Flash Sale,YouTube,East,Desktop,Loyal
9492,2025-08-01,Winter Sale,LinkedIn,South,Desktop,Loyal
4427,2025-08-01,Festive Combo,Facebook,West,Mobile,Loyal
6303,2025-08-01,Back to School,LinkedIn,East,Tablet,Loyal
6437,2025-08-01,Diwali Bonanza,YouTube,North,Tablet,Returning
2965,2025-08-01,Summer Sale,Facebook,South,Tablet,New
3922,2025-08-01,Black Friday,Instagram,South,Desktop,Loyal
2610,2025-08-01,Weekend Special,Email,Central,Mobile,Loyal
407,2025-08-01,Weekend Special,LinkedIn,Central,Tablet,Returning
213,2025-08-01,Winter Sale,LinkedIn,Central,Desktop,Premium
9535,2025-08-02,Summer Sale,Instagram,West,Desktop,Returning
5116,2025-08-02,Flash Sale,Facebook,Central,Tablet,New
8860,2025-08-02,Festive Combo,Email,North,Mobile,Returning
7628,2025-08-02,Flash Sale,YouTube,West,Tablet,Premium
1471,2025-08-02,Back to School,LinkedIn,South,Tablet,Returning
7119,2025-08-02,Weekend Special,Email,South,Tablet,New
6307,2025-08-02,Winter Sale,Google Search,East,Desktop,Premium
6830,2025-08-02,Diwali Bonanza,Email,East,Mobile,Returning
1426,2025-08-02,Winter Sale,Facebook,West,Tablet,New
7643,2025-08-02,Mega Clearance,LinkedIn,South,Desktop,New
1027,2025-08-02,Black Friday,Email,South,Desktop,Premium
5656,2025-08-02,Summer Sale,LinkedIn,West,Tablet,Returning
7158,2025-08-02,Diwali Bonanza,Facebook,North,Mobile,Loyal
1301,2025-08-02,Festive Combo,Google Search,North,Mobile,New
7243,2025-08-02,Winter Sale,Facebook,East,Desktop,New
5264,2025-08-02,Winter Sale,YouTube,East,Mobile,New
3656,2025-08-02,Summer Sale,Google Search,East,Mobile,Premium
7306,2025-08-02,Winter Sale,Email,East,Mobile,Premium
6874,2025-08-02,New Year Blast,Instagram,Central,Mobile,Premium
1511,2025-08-02,Diwali Bonanza,Facebook,Central,Mobile,Loyal
4669,2025-08-02,Winter Sale,LinkedIn,West,Mobile,New
8363,2025-08-02,Summer Sale,Instagram,East,Tablet,Premium
1520,2025-08-02,Festive Combo,Email,East,Tablet,Loyal
2438,2025-08-02,New Year Blast,YouTube,Central,Mobile,New
371,2025-08-02,Mega Clearance,Instagram,North,Tablet,Loyal
2979,2025-08-02,Diwali Bonanza,LinkedIn,Central,Tablet,Premium
8021,2025-08-02,Back to School,Google Search,East,Desktop,New
2821,2025-08-02,Summer Sale,Instagram,North,Mobile,Premium
8881,2025-08-02,Winter Sale,Email,East,Desktop,Returning
3334,2025-08-02,Summer Sale,Instagram,Central,Tablet,Loyal
7390,2025-08-03,Festive Combo,Email,North,Mobile,Loyal
8607,2025-08-03,Flash Sale,Instagram,West,Mobile,Returning
2427,2025-08-03,Flash Sale,Facebook,North,Tablet,Returning
2539,2025-08-03,Winter Sale,Google Search,West,Desktop,Loyal
5360,2025-08-03,Flash Sale,YouTube,East,Mobile,Premium
2990,2025-08-03,Mega Clearance,Instagram,East,Mobile,Returning
1057,2025-08-03,New Year Blast,Instagram,West,Desktop,Returning
5394,2025-08-03,Weekend Special,LinkedIn,East,Mobile,Premium
6394,2025-08-03,Flash Sale,Email,East,Desktop,Loyal
4394,2025-08-03,Summer Sale,Email,South,Desktop,Loyal
9666,2025-08-03,Summer Sale,Email,West,Desktop,Returning
3525,2025-08-03,Back to School,YouTube,East,Mobile,New
8574,2025-08-03,Back to School,Google Search,East,Tablet,Premium
3468,2025-08-03,Festive Combo,Instagram,West,Tablet,New
1405,2025-08-03,Diwali Bonanza,LinkedIn,South,Mobile,Premium
7777,2025-08-03,Summer Sale,Facebook,North,Mobile,Premium
2533,2025-08-03,Diwali Bonanza,Facebook,Central,Mobile,Returning
7625,2025-08-03,Mega Clearance,Google Search,North,Desktop,Premium
9468,2025-08-03,Back to School,YouTube,West,Desktop,Returning
5955,2025-08-03,Summer Sale,LinkedIn,South,Mobile,Returning
6916,2025-08-03,Festive Combo,Email,West,Mobile,Returning
8273,2025-08-03,New Year Blast,Email,West,Mobile,Loyal
3204,2025-08-03,Winter Sale,Google Search,East,Mobile,Premium
5907,2025-08-03,Winter Sale,Email,South,Mobile,New
1797,2025-08-03,Diwali Bonanza,Instagram,West,Desktop,New
8926,2025-08-03,Back to School,LinkedIn,Central,Mobile,Loyal
4940,2025-08-03,Mega Clearance,LinkedIn,Central,Tablet,New
7673,2025-08-03,Weekend Special,Instagram,Central,Mobile,Returning
6748,2025-08-03,Diwali Bonanza,Instagram,West,Desktop,Premium
2756,2025-08-03,Summer Sale,Facebook,East,Desktop,Returning
9134,2025-08-04,New Year Blast,Instagram,South,Desktop,Premium
4479,2025-08-04,Black Friday,YouTube,East,Desktop,Premium
8282,2025-08-04,Festive Combo,Instagram,Central,Mobile,New
7806,2025-08-04,Diwali Bonanza,Email,East,Desktop,New
1147,2025-08-04,Back to School,Instagram,East,Mobile,New
4782,2025-08-04,Festive Combo,Instagram,Central,Tablet,New
2357,2025-08-04,Festive Combo,Instagram,East,Tablet,New
5603,2025-08-04,Festive Combo,LinkedIn,North,Tablet,Returning
9166,2025-08-04,Diwali Bonanza,Email,Central,Desktop,Premium
2695,2025-08-04,Flash Sale,LinkedIn,West,Desktop,Loyal
4148,2025-08-04,Back to School,Instagram,North,Mobile,Returning
8743,2025-08-04,Diwali Bonanza,Instagram,North,Mobile,Premium
4943,2025-08-04,Festive Combo,Facebook,South,Desktop,Premium
2155,2025-08-04,New Year Blast,Facebook,East,Mobile,Returning
1985,2025-08-04,Black Friday,Facebook,West,Tablet,Loyal
7351,2025-08-04,Mega Clearance,LinkedIn,North,Tablet,New
7428,2025-08-04,New Year Blast,Email,South,Tablet,Premium
3831,2025-08-04,Weekend Special,LinkedIn,West,Desktop,Premium
1571,2025-08-04,Weekend Special,LinkedIn,East,Mobile,Loyal
9431,2025-08-04,Back to School,Email,South,Tablet,Returning
4598,2025-08-04,Flash Sale,Google Search,South,Mobile,Premium
9670,2025-08-05,Back to School,Google Search,West,Tablet,Loyal
7470,2025-08-05,New Year Blast,Facebook,South,Mobile,New
5059,2025-08-05,Back to School,LinkedIn,South,Tablet,Premium
4602,2025-08-05,Summer Sale,Instagram,Central,Desktop,New
2385,2025-08-05,Summer Sale,Instagram,West,Desktop,New
1439,2025-08-05,Back to School,Email,South,Desktop,Loyal
1764,2025-08-05,Festive Combo,Instagram,West,Desktop,New
7445,2025-08-05,Festive Combo,Facebook,East,Mobile,Returning
6816,2025-08-05,Diwali Bonanza,Google Search,South,Tablet,Premium
3983,2025-08-05,Mega Clearance,Instagram,North,Desktop,Loyal
3953,2025-08-05,Flash Sale,Google Search,South,Tablet,New
3880,2025-08-05,Flash Sale,Instagram,South,Desktop,Premium
8251,2025-08-05,Summer Sale,Google Search,South,Tablet,New
6450,2025-08-05,Summer Sale,Email,North,Desktop,Premium
1378,2025-08-05,Black Friday,Facebook,North,Mobile,Returning
1755,2025-08-05,Back to School,Instagram,South,Tablet,Returning
8481,2025-08-05,Flash Sale,YouTube,West,Desktop,New
521,2025-08-05,Diwali Bonanza,LinkedIn,Central,Tablet,Returning
1820,2025-08-05,Festive Combo,LinkedIn,South,Desktop,New
1922,2025-08-05,Festive Combo,Email,East,Tablet,Premium
5961,2025-08-05,Flash Sale,Email,West,Tablet,Loyal
8114,2025-08-05,Summer Sale,Facebook,East,Tablet,Returning
4315,2025-08-05,Weekend Special,Google Search,North,Desktop,Loyal
9310,2025-08-05,Flash Sale,LinkedIn,West,Tablet,New
6785,2025-08-06,Diwali Bonanza,YouTube,South,Desktop,New
3489,2025-08-06,Summer Sale,Email,North,Mobile,Premium
8229,2025-08-06,Back to School,Facebook,Central,Tablet,New
9058,2025-08-06,Black Friday,Email,South,Desktop,New
6044,2025-08-06,Mega Clearance,Google Search,South,Tablet,Returning
318,2025-08-06,Winter Sale,LinkedIn,Central,Mobile,Premium
5197,2025-08-06,New Year Blast,Google Search,South,Desktop,New
1508,2025-08-06,Diwali Bonanza,LinkedIn,South,Desktop,New
7635,2025-08-06,Flash Sale,LinkedIn,North,Desktop,Premium
4400,2025-08-06,Diwali Bonanza,Facebook,North,Mobile,Returning
5131,2025-08-06,Flash Sale,LinkedIn,West,Tablet,New
9178,2025-08-06,Summer Sale,Email,East,Desktop,Loyal
4435,2025-08-06,Mega Clearance,Email,South,Mobile,New
8864,2025-08-06,Mega Clearance,Instagram,South,Tablet,Premium
8329,2025-08-06,Festive Combo,Email,Central,Mobile,Premium
9143,2025-08-06,Mega Clearance,YouTube,South,Mobile,Returning
7077,2025-08-06,Flash Sale,LinkedIn,East,Mobile,Loyal
7812,2025-08-06,Flash Sale,YouTube,West,Tablet,Premium
5200,2025-08-06,Mega Clearance,Facebook,North,Tablet,Loyal
1817,2025-08-06,Weekend Special,YouTube,East,Mobile,New
6677,2025-08-06,Weekend Special,YouTube,South,Mobile,Premium
6454,2025-08-06,Mega Clearance,Instagram,East,Desktop,Premium
3421,2025-08-06,Diwali Bonanza,Facebook,East,Desktop,New
7489,2025-08-06,Flash Sale,LinkedIn,South,Desktop,Premium
2936,2025-08-06,Winter Sale,LinkedIn,East,Desktop,Returning
8423,2025-08-06,New Year Blast,Instagram,North,Mobile,New
3108,2025-08-06,New Year Blast,YouTube,East,Tablet,Returning
5411,2025-08-06,Winter Sale,Email,West,Tablet,Loyal
8776,2025-08-06,New Year Blast,Facebook,West,Tablet,Returning
1884,2025-08-07,Black Friday,LinkedIn,West,Mobile,Returning
8611,2025-08-07,Diwali Bonanza,Google Search,East,Tablet,Loyal
3624,2025-08-07,Winter Sale,YouTube,North,Tablet,Premium
4007,2025-08-07,Back to School,YouTube,North,Mobile,Returning
4903,2025-08-07,Flash Sale,Email,East,Tablet,Returning
4754,2025-08-07,New Year Blast,Google Search,North,Desktop,Returning
8878,2025-08-07,Back to School,LinkedIn,East,Mobile,Loyal
5126,2025-08-07,Festive Combo,YouTube,North,Tablet,Loyal
8461,2025-08-07,Black Friday,LinkedIn,Central,Mobile,Premium
6007,2025-08-07,Diwali Bonanza,LinkedIn,East,Desktop,Returning
2866,2025-08-07,Winter Sale,YouTube,South,Mobile,Returning
4038,2025-08-07,Summer Sale,Email,West,Tablet,Returning
5494,2025-08-07,Weekend Special,YouTube,East,Tablet,Loyal
5687,2025-08-07,Summer Sale,Facebook,South,Mobile,New
5069,2025-08-07,Winter Sale,Facebook,North,Tablet,Loyal
5923,2025-08-07,New Year Blast,Google Search,Central,Tablet,New
5410,2025-08-07,Winter Sale,Instagram,East,Desktop,Loyal
9531,2025-08-07,Winter Sale,LinkedIn,Central,Mobile,Loyal
9190,2025-08-07,Flash Sale,Instagram,Central,Desktop,Returning
3887,2025-08-07,Diwali Bonanza,LinkedIn,Central,Tablet,Premium
1360,2025-08-07,Black Friday,Instagram,North,Tablet,Premium
3843,2025-08-07,New Year Blast,Facebook,North,Desktop,Premium
2186,2025-08-07,Summer Sale,Google Search,Central,Desktop,Premium
6488,2025-08-07,Weekend Special,Facebook,South,Mobile,Returning
3820,2025-08-07,Festive Combo,LinkedIn,South,Mobile,Returning
9365,2025-08-07,Festive Combo,LinkedIn,West,Tablet,Returning
8067,2025-08-07,Winter Sale,Facebook,East,Mobile,Loyal
6410,2025-08-07,Summer Sale,Instagram,Central,Mobile,Returning
2441,2025-08-08,Winter Sale,Google Search,South,Desktop,New
6626,2025-08-08,Festive Combo,YouTube,Central,Desktop,Premium
4610,2025-08-08,Back to School,LinkedIn,North,Tablet,Returning
1688,2025-08-08,Black Friday,Email,North,Mobile,Returning
3497,2025-08-08,Back to School,YouTube,North,Mobile,Premium
6913,2025-08-08,Black Friday,LinkedIn,East,Tablet,New
3207,2025-08-08,Flash Sale,YouTube,North,Tablet,New
5572,2025-08-08,Festive Combo,Facebook,East,Tablet,Premium
1830,2025-08-08,Diwali Bonanza,Email,East,Mobile,Loyal
8027,2025-08-08,Diwali Bonanza,Google Search,Central,Mobile,Returning
1323,2025-08-08,Black Friday,Google Search,West,Tablet,Premium
5316,2025-08-08,Festive Combo,Google Search,West,Tablet,Returning
7577,2025-08-08,New Year Blast,YouTube,West,Desktop,New
8090,2025-08-08,Black Friday,LinkedIn,West,Tablet,Returning
7989,2025-08-08,Winter Sale,Google Search,East,Tablet,Premium
544,2025-08-08,Black Friday,LinkedIn,East,Desktop,Premium
1840,2025-08-08,Black Friday,Email,South,Tablet,Returning
7177,2025-08-08,Winter Sale,Instagram,South,Tablet,Returning
7081,2025-08-08,New Year Blast,Google Search,Central,Desktop,Returning
8176,2025-08-08,Winter Sale,LinkedIn,South,Tablet,Loyal
4300,2025-08-08,New Year Blast,Google Search,East,Mobile,Premium
3529,2025-08-08,Festive Combo,YouTube,West,Desktop,Loyal
548,2025-08-08,Black Friday,YouTube,South,Tablet,Premium
6670,2025-08-09,Festive Combo,Instagram,Central,Tablet,New
5772,2025-08-09,Winter Sale,YouTube,West,Mobile,New
7227,2025-08-09,Flash Sale,LinkedIn,Central,Desktop,Returning
4369,2025-08-09,Festive Combo,YouTube,West,Tablet,Returning
5887,2025-08-09,Summer Sale,Instagram,East,Tablet,New
6462,2025-08-09,Diwali Bonanza,Instagram,South,Tablet,Premium
251,2025-08-09,Winter Sale,Instagram,Central,Desktop,Premium
3078,2025-08-09,Black Friday,Email,West,Mobile,Premium
2995,2025-08-09,Black Friday,Instagram,South,Tablet,Returning
9782,2025-08-09,Winter Sale,LinkedIn,North,Desktop,Premium
4975,2025-08-09,Winter Sale,LinkedIn,South,Mobile,Premium
8905,2025-08-09,Flash Sale,Google Search,West,Tablet,New
7719,2025-08-09,Festive Combo,LinkedIn,North,Tablet,Premium
4674,2025-08-09,New Year Blast,Google Search,North,Mobile,Loyal
7726,2025-08-09,Black Friday,YouTube,East,Mobile,Loyal
6859,2025-08-09,Back to School,Email,North,Desktop,New
8219,2025-08-09,Winter Sale,Google Search,Central,Desktop,Premium
9627,2025-08-09,Flash Sale,YouTube,Central,Tablet,Loyal
9338,2025-08-09,Festive Combo,Instagram,North,Desktop,New
6412,2025-08-09,Mega Clearance,Google Search,North,Desktop,New
7228,2025-08-09,Summer Sale,YouTube,Central,Tablet,Premium
7619,2025-08-09,Diwali Bonanza,Facebook,Central,Desktop,Premium
3519,2025-08-09,Festive Combo,LinkedIn,North,Desktop,Loyal
66,2025-08-09,Diwali Bonanza,Google Search,East,Desktop,New
7778,2025-08-09,Festive Combo,LinkedIn,East,Mobile,New
1404,2025-08-09,Black Friday,Email,South,Desktop,Returning
2164,2025-08-09,Flash Sale,Email,South,Mobile,Loyal
2161,2025-08-09,Festive Combo,Instagram,South,Mobile,New
8516,2025-08-09,Flash Sale,Instagram,Central,Desktop,Premium
5357,2025-08-10,Mega Clearance,Google Search,North,Desktop,Loyal
2762,2025-08-10,Flash Sale,Facebook,West,Tablet,New
6158,2025-08-10,Flash Sale,Email,West,Desktop,Returning
7279,2025-08-10,Festive Combo,Facebook,North,Mobile,Returning
4004,2025-08-10,Festive Combo,Email,North,Tablet,Loyal
1163,2025-08-10,Mega Clearance,YouTube,East,Desktop,Premium
7148,2025-08-10,Diwali Bonanza,Instagram,West,Tablet,Premium
7824,2025-08-10,Summer Sale,Facebook,West,Mobile,Returning
6152,2025-08-10,Mega Clearance,Google Search,East,Tablet,Premium
1649,2025-08-10,Festive Combo,Facebook,Central,Tablet,Premium
4166,2025-08-10,Diwali Bonanza,Facebook,North,Mobile,New
4373,2025-08-10,New Year Blast,Google Search,Central,Desktop,Premium
9968,2025-08-10,New Year Blast,YouTube,East,Tablet,Returning
6598,2025-08-10,Summer Sale,Facebook,South,Mobile,Loyal
9909,2025-08-10,Mega Clearance,Instagram,South,Desktop,Premium
2889,2025-08-10,Summer Sale,Instagram,West,Mobile,Returning
6047,2025-08-10,Festive Combo,Google Search,North,Desktop,New
1550,2025-08-10,Black Friday,Email,Central,Desktop,Premium
2893,2025-08-10,Mega Clearance,Google Search,West,Mobile,New
2018,2025-08-10,Festive Combo,LinkedIn,Central,Tablet,Premium
1575,2025-08-10,Summer Sale,Email,East,Desktop,Returning
2088,2025-08-10,Festive Combo,Email,East,Desktop,New
747,2025-08-10,Black Friday,LinkedIn,East,Tablet,Loyal
4321,2025-08-10,Black Friday,Email,North,Tablet,Returning
8321,2025-08-10,Flash Sale,YouTube,Central,Desktop,Returning
7425,2025-08-10,Diwali Bonanza,LinkedIn,North,Desktop,Loyal
4905,2025-08-10,Festive Combo,Instagram,West,Mobile,Premium
9371,2025-08-10,Flash Sale,Google Search,West,Tablet,Returning
8111,2025-08-10,Black Friday,Instagram,South,Desktop,New
6539,2025-08-10,Back to School,Google Search,South,Desktop,Returning
1119,2025-08-11,Mega Clearance,Instagram,Central,Tablet,Returning
8741,2025-08-11,Black Friday,YouTube,East,Mobile,Returning
8792,2025-08-11,Winter Sale,Facebook,North,Desktop,Premium
9087,2025-08-11,Diwali Bonanza,Email,Central,Mobile,Premium
6722,2025-08-11,Back to School,Facebook,East,Desktop,Returning
6501,2025-08-11,Flash Sale,LinkedIn,North,Tablet,Returning
5914,2025-08-11,New Year Blast,Google Search,South,Mobile,Returning
9847,2025-08-11,Black Friday,Email,South,Mobile,New
6796,2025-08-11,Summer Sale,LinkedIn,West,Mobile,Premium
1839,2025-08-11,Festive Combo,Instagram,East,Desktop,New
4787,2025-08-11,New Year Blast,Facebook,West,Mobile,New
6289,2025-08-11,Diwali Bonanza,LinkedIn,East,Mobile,New
6469,2025-08-11,Summer Sale,Facebook,East,Tablet,Returning
7910,2025-08-11,Winter Sale,Email,South,Desktop,Loyal
7099,2025-08-11,Weekend Special,Instagram,Central,Tablet,Loyal
464,2025-08-11,Back to School,Email,North,Tablet,New
4506,2025-08-11,Summer Sale,Instagram,North,Mobile,Premium
4609,2025-08-11,New Year Blast,YouTube,West,Tablet,Returning
719,2025-08-11,Diwali Bonanza,Instagram,West,Desktop,Returning
7064,2025-08-11,Summer Sale,Email,East,Mobile,Loyal
9935,2025-08-11,Summer Sale,Email,South,Desktop,Loyal
5321,2025-08-11,Back to School,Instagram,North,Mobile,New
1223,2025-08-12,Diwali Bonanza,Facebook,Central,Desktop,Returning
7950,2025-08-12,Flash Sale,LinkedIn,North,Tablet,Loyal
9519,2025-08-12,Weekend Special,LinkedIn,South,Desktop,Premium
124,2025-08-12,Mega Clearance,Instagram,East,Mobile,New
8140,2025-08-12,Diwali Bonanza,Instagram,Central,Mobile,Returning
7735,2025-08-12,Mega Clearance,Google Search,West,Tablet,New
3608,2025-08-12,New Year Blast,Facebook,South,Mobile,Loyal
2166,2025-08-12,Summer Sale,Facebook,South,Mobile,New
7897,2025-08-12,Black Friday,Google Search,South,Mobile,Returning
5775,2025-08-12,Winter Sale,Instagram,North,Desktop,Returning
7894,2025-08-12,Back to School,Instagram,Central,Tablet,Returning
4651,2025-08-12,New Year Blast,Facebook,South,Mobile,Returning
9593,2025-08-12,Weekend Special,Facebook,West,Mobile,Premium
7668,2025-08-12,Weekend Special,Email,South,Tablet,Returning
3961,2025-08-12,Black Friday,Facebook,South,Tablet,Returning
9362,2025-08-12,New Year Blast,Email,North,Mobile,New
3929,2025-08-12,Black Friday,LinkedIn,South,Tablet,Loyal
1356,2025-08-12,Black Friday,LinkedIn,North,Tablet,Returning
2992,2025-08-12,Flash Sale,LinkedIn,South,Desktop,Loyal
9985,2025-08-12,Mega Clearance,Email,West,Desktop,Premium
8406,2025-08-12,Flash Sale,Facebook,Central,Desktop,Premium
6602,2025-08-12,Summer Sale,LinkedIn,Central,Mobile,Premium
77,2025-08-12,Mega Clearance,Email,North,Desktop,Returning
1862,2025-08-12,Winter Sale,LinkedIn,West,Tablet,New
471,2025-08-12,Black Friday,Google Search,East,Tablet,Loyal
3587,2025-08-12,Flash Sale,YouTube,West,Desktop,Premium
5514,2025-08-12,Summer Sale,Google Search,Central,Mobile,Premium
4891,2025-08-12,Festive Combo,Email,East,Desktop,Loyal
5473,2025-08-12,Flash Sale,YouTube,East,Mobile,New
5343,2025-08-12,Mega Clearance,Instagram,North,Tablet,Loyal
3099,2025-08-13,Diwali Bonanza,Google Search,South,Tablet,Loyal
6994,2025-08-13,Black Friday,YouTube,East,Mobile,Premium
532,2025-08-13,Winter Sale,Facebook,South,Tablet,Premium
7226,2025-08-13,Weekend Special,Facebook,East,Desktop,Loyal
8432,2025-08-13,Weekend Special,Email,West,Tablet,Premium
1480,2025-08-13,Festive Combo,Google Search,North,Tablet,New
7086,2025-08-13,Weekend Special,Google Search,East,Desktop,New
8039,2025-08-13,Diwali Bonanza,LinkedIn,North,Mobile,Loyal
1469,2025-08-13,Black Friday,Email,South,Tablet,Premium
154,2025-08-13,Winter Sale,LinkedIn,East,Tablet,Loyal
7730,2025-08-13,Summer Sale,Facebook,East,Desktop,Returning
9667,2025-08-13,Diwali Bonanza,Instagram,North,Mobile,Returning
2974,2025-08-13,Festive Combo,LinkedIn,Central,Mobile,New
9735,2025-08-13,Diwali Bonanza,Instagram,East,Desktop,Returning
3586,2025-08-13,Winter Sale,Instagram,North,Tablet,New
2439,2025-08-13,Festive Combo,YouTube,North,Desktop,Loyal
7030,2025-08-13,Winter Sale,Email,South,Mobile,Returning
5670,2025-08-13,Weekend Special,LinkedIn,East,Mobile,Premium
3895,2025-08-13,Flash Sale,Instagram,Central,Desktop,New
7938,2025-08-13,Black Friday,LinkedIn,East,Tablet,Premium
2169,2025-08-13,Diwali Bonanza,Instagram,North,Desktop,Premium
2297,2025-08-13,Winter Sale,Google Search,West,Desktop,Returning
4056,2025-08-13,Diwali Bonanza,Email,East,Desktop,Premium
8051,2025-08-13,Weekend Special,Facebook,South,Mobile,Returning
7562,2025-08-13,Festive Combo,LinkedIn,West,Desktop,New
6163,2025-08-13,Winter Sale,YouTube,North,Desktop,Returning
738,2025-08-13,Mega Clearance,Instagram,North,Desktop,Premium
9322,2025-08-13,Weekend Special,LinkedIn,North,Desktop,Loyal
2494,2025-08-13,New Year Blast,Google Search,West,Mobile,New
7567,2025-08-13,Festive Combo,Email,West,Mobile,Returning
6524,2025-08-13,Summer Sale,Instagram,West,Mobile,New
7519,2025-08-13,Diwali Bonanza,Google Search,South,Mobile,Returning
9887,2025-08-13,Flash Sale,Facebook,West,Tablet,Returning
7540,2025-08-14,Black Friday,YouTube,East,Tablet,Loyal
8568,2025-08-14,Mega Clearance,Email,West,Desktop,Premium
6532,2025-08-14,Diwali Bonanza,LinkedIn,East,Tablet,Returning
558,2025-08-14,Back to School,YouTube,South,Tablet,Returning
3838,2025-08-14,Winter Sale,Google Search,Central,Tablet,Premium
7300,2025-08-14,Mega Clearance,LinkedIn,Central,Tablet,Loyal
7642,2025-08-14,Flash Sale,Email,North,Mobile,Returning
9388,2025-08-14,Flash Sale,Google Search,Central,Mobile,New
9497,2025-08-14,Summer Sale,YouTube,West,Mobile,Loyal
7883,2025-08-14,Festive Combo,LinkedIn,North,Desktop,Premium
1950,2025-08-14,Back to School,Email,Central,Desktop,Premium
7100,2025-08-14,Summer Sale,YouTube,West,Mobile,Loyal
8956,2025-08-14,Weekend Special,LinkedIn,North,Desktop,Returning
1263,2025-08-14,New Year Blast,Instagram,South,Mobile,New
8885,2025-08-14,New Year Blast,Instagram,Central,Tablet,Returning
5659,2025-08-14,Festive Combo,LinkedIn,Central,Desktop,Loyal
7312,2025-08-14,Festive Combo,YouTube,South,Desktop,Returning
6387,2025-08-15,Black Friday,YouTube,South,Desktop,Premium
7960,2025-08-15,Back to School,Facebook,Central,Tablet,Loyal
6581,2025-08-15,Winter Sale,Instagram,East,Tablet,Returning
3414,2025-08-15,Winter Sale,LinkedIn,West,Tablet,New
4841,2025-08-15,New Year Blast,LinkedIn,West,Tablet,Premium
6724,2025-08-15,New Year Blast,LinkedIn,North,Desktop,Returning
1179,2025-08-15,New Year Blast,Google Search,North,Mobile,New
5749,2025-08-15,Back to School,Instagram,Central,Mobile,Returning
6584,2025-08-15,Festive Combo,Facebook,Central,Tablet,New
7185,2025-08-15,Back to School,Email,South,Tablet,Premium
1385,2025-08-15,Flash Sale,Google Search,West,Desktop,Premium
2471,2025-08-15,Black Friday,Email,Central,Desktop,New
5580,2025-08-15,Winter Sale,YouTube,East,Tablet,New
6067,2025-08-15,Summer Sale,YouTube,Central,Desktop,Loyal
5195,2025-08-15,New Year Blast,LinkedIn,North,Mobile,New
2139,2025-08-15,Back to School,Email,North,Mobile,Premium
4859,2025-08-15,Flash Sale,Facebook,East,Tablet,Premium
4281,2025-08-15,Winter Sale,Google Search,West,Mobile,New
6159,2025-08-15,Festive Combo,Email,West,Mobile,Loyal
4740,2025-08-15,Black Friday,YouTube,North,Mobile,Returning
3942,2025-08-15,Weekend Special,LinkedIn,South,Desktop,Premium
86,2025-08-15,Black Friday,Email,West,Tablet,Returning
4963,2025-08-15,Diwali Bonanza,Google Search,West,Desktop,Returning
8747,2025-08-15,Black Friday,Google Search,Central,Mobile,Premium
9498,2025-08-15,Winter Sale,YouTube,East,Tablet,Premium
7604,2025-08-15,Winter Sale,LinkedIn,Central,Tablet,Loyal
6086,2025-08-15,Mega Clearance,LinkedIn,West,Tablet,Returning
9205,2025-08-15,Festive Combo,Instagram,South,Desktop,New
8621,2025-08-15,Mega Clearance,LinkedIn,South,Mobile,Premium
1878,2025-08-15,Black Friday,Instagram,East,Mobile,Loyal
6399,2025-08-15,Winter Sale,Email,Central,Tablet,Returning
9502,2025-08-15,Black Friday,Instagram,East,Desktop,Returning
1580,2025-08-15,Summer Sale,Instagram,Central,Tablet,Loyal
3420,2025-08-15,Mega Clearance,YouTube,East,Desktop,Premium
6197,2025-08-15,Winter Sale,Instagram,Central,Desktop,Premium
3982,2025-08-16,New Year Blast,YouTube,West,Mobile,Loyal
1671,2025-08-16,Summer Sale,Email,North,Mobile,Loyal
3693,2025-08-16,Winter Sale,Google Search,East,Mobile,Returning
9863,2025-08-16,Flash Sale,Instagram,South,Desktop,New
186,2025-08-16,Diwali Bonanza,YouTube,East,Mobile,New
1122,2025-08-16,Diwali Bonanza,Instagram,West,Mobile,New
6101,2025-08-16,Flash Sale,LinkedIn,Central,Tablet,Loyal
6108,2025-08-16,New Year Blast,Instagram,East,Mobile,Loyal
7710,2025-08-16,Mega Clearance,LinkedIn,South,Tablet,Loyal
8028,2025-08-16,Black Friday,Email,West,Desktop,Returning
8380,2025-08-16,Flash Sale,YouTube,Central,Mobile,Loyal
7847,2025-08-16,Winter Sale,YouTube,North,Tablet,New
1093,2025-08-16,Weekend Special,Google Search,West,Tablet,Returning
3090,2025-08-16,Black Friday,YouTube,South,Mobile,Loyal
2338,2025-08-16,Summer Sale,Instagram,Central,Mobile,Loyal
8861,2025-08-16,Mega Clearance,YouTube,South,Tablet,Premium
5662,2025-08-16,Winter Sale,YouTube,North,Mobile,Loyal
5558,2025-08-16,Summer Sale,Instagram,North,Desktop,New
6400,2025-08-16,New Year Blast,Facebook,East,Desktop,New
5571,2025-08-16,Flash Sale,YouTube,South,Desktop,Returning
7933,2025-08-16,Back to School,LinkedIn,North,Tablet,New
6702,2025-08-16,New Year Blast,Instagram,Central,Tablet,Returning
2193,2025-08-16,Festive Combo,Google Search,West,Mobile,Loyal
3536,2025-08-16,Summer Sale,Instagram,West,Mobile,Loyal
752,2025-08-16,Mega Clearance,LinkedIn,North,Desktop,Loyal
2182,2025-08-16,Summer Sale,Facebook,South,Desktop,Returning
824,2025-08-17,Back to School,Instagram,West,Tablet,New
5176,2025-08-17,Black Friday,YouTube,West,Mobile,Premium
502,2025-08-17,Back to School,LinkedIn,West,Tablet,Returning
2462,2025-08-17,Mega Clearance,Email,South,Mobile,Premium
6331,2025-08-17,Mega Clearance,Instagram,West,Desktop,Premium
425,2025-08-17,Mega Clearance,YouTube,North,Mobile,New
8044,2025-08-17,Flash Sale,LinkedIn,East,Desktop,Premium
9788,2025-08-17,Diwali Bonanza,Google Search,East,Mobile,Loyal
9594,2025-08-17,Festive Combo,Facebook,North,Mobile,Loyal
5279,2025-08-17,Mega Clearance,LinkedIn,North,Desktop,Premium
4291,2025-08-17,Flash Sale,YouTube,South,Mobile,Loyal
6660,2025-08-17,Festive Combo,YouTube,West,Desktop,Premium
2925,2025-08-17,Black Friday,Facebook,North,Mobile,Loyal
3590,2025-08-17,Weekend Special,Instagram,North,Desktop,Premium
2521,2025-08-17,Festive Combo,LinkedIn,South,Mobile,Loyal
6743,2025-08-17,Black Friday,Facebook,North,Desktop,Returning
3443,2025-08-17,Mega Clearance,LinkedIn,West,Mobile,Premium
7828,2025-08-17,Festive Combo,Google Search,West,Tablet,Returning
5979,2025-08-17,Weekend Special,Email,Central,Mobile,Loyal
3435,2025-08-17,Flash Sale,YouTube,West,Tablet,Premium
3397,2025-08-17,Diwali Bonanza,YouTube,East,Tablet,Loyal
9869,2025-08-17,New Year Blast,Google Search,East,Mobile,Loyal
8166,2025-08-17,Diwali Bonanza,LinkedIn,West,Tablet,New
9449,2025-08-17,Back to School,Instagram,North,Mobile,Premium
6122,2025-08-17,New Year Blast,LinkedIn,North,Desktop,Returning
3999,2025-08-17,Back to School,Google Search,North,Mobile,Returning
2286,2025-08-17,Back to School,LinkedIn,Central,Mobile,Premium
9170,2025-08-17,Back to School,YouTube,South,Tablet,Returning
3088,2025-08-17,Diwali Bonanza,Facebook,North,Desktop,Premium
1278,2025-08-17,Weekend Special,Google Search,South,Tablet,Loyal
8206,2025-08-17,Summer Sale,YouTube,East,Tablet,Premium
6127,2025-08-17,Flash Sale,Email,Central,Tablet,Loyal
2972,2025-08-18,Flash Sale,Instagram,Central,Desktop,Premium
9977,2025-08-18,Back to School,LinkedIn,South,Tablet,Premium
987,2025-08-18,Flash Sale,Google Search,North,Desktop,New
9927,2025-08-18,Festive Combo,Google Search,West,Tablet,Loyal
3135,2025-08-18,Flash Sale,Facebook,Central,Desktop,Premium
4352,2025-08-18,Back to School,Email,North,Tablet,Returning
4523,2025-08-18,Mega Clearance,LinkedIn,West,Mobile,Loyal
6929,2025-08-18,Summer Sale,Facebook,Central,Desktop,Loyal
479,2025-08-18,Weekend Special,Email,Central,Desktop,New
497,2025-08-18,Mega Clearance,LinkedIn,Central,Desktop,Loyal
6155,2025-08-18,Summer Sale,Instagram,South,Mobile,Returning
9657,2025-08-18,Diwali Bonanza,Instagram,North,Desktop,Premium
5,2025-08-18,Mega Clearance,Instagram,North,Mobile,Loyal
5988,2025-08-18,Mega Clearance,Email,South,Mobile,Premium
1502,2025-08-18,New Year Blast,Email,North,Desktop,Premium
418,2025-08-18,Flash Sale,LinkedIn,North,Tablet,Returning
1941,2025-08-18,Diwali Bonanza,Instagram,East,Desktop,Loyal
5790,2025-08-18,Diwali Bonanza,YouTube,South,Desktop,Returning
6955,2025-08-18,Winter Sale,YouTube,Central,Desktop,Premium
4290,2025-08-18,Flash Sale,LinkedIn,East,Mobile,New
8900,2025-08-18,Back to School,Instagram,East,Desktop,Premium
8281,2025-08-18,Flash Sale,Email,West,Mobile,Premium
5016,2025-08-18,Flash Sale,YouTube,West,Mobile,Returning
5359,2025-08-18,Winter Sale,Instagram,West,Desktop,Premium
2717,2025-08-18,Summer Sale,LinkedIn,Central,Desktop,Premium
339,2025-08-19,Festive Combo,YouTube,Central,Desktop,Returning
149,2025-08-19,Mega Clearance,LinkedIn,East,Mobile,Returning
145,2025-08-19,Festive Combo,Instagram,Central,Desktop,Premium
3548,2025-08-19,Festive Combo,LinkedIn,South,Mobile,Premium
7052,2025-08-19,Black Friday,Google Search,South,Tablet,Loyal
437,2025-08-19,Back to School,Google Search,Central,Tablet,Returning
5797,2025-08-19,Back to School,Google Search,Central,Desktop,Loyal
7697,2025-08-19,Winter Sale,Facebook,West,Desktop,Loyal
274,2025-08-19,Winter Sale,Instagram,North,Tablet,Returning
4289,2025-08-19,Diwali Bonanza,Email,Central,Desktop,New
603,2025-08-19,Festive Combo,Instagram,West,Mobile,Premium
4117,2025-08-19,Festive Combo,Facebook,North,Desktop,Premium
3335,2025-08-19,Weekend Special,LinkedIn,East,Desktop,Returning
8053,2025-08-19,Mega Clearance,Google Search,East,Mobile,Premium
2485,2025-08-19,New Year Blast,LinkedIn,Central,Desktop,Loyal
2689,2025-08-19,Black Friday,YouTube,West,Tablet,Premium
2021,2025-08-19,Diwali Bonanza,Google Search,Central,Desktop,Loyal
1972,2025-08-19,Diwali Bonanza,YouTube,West,Tablet,New
8492,2025-08-19,Black Friday,YouTube,North,Desktop,Loyal
7764,2025-08-19,Summer Sale,YouTube,Central,Mobile,New
4633,2025-08-19,Festive Combo,LinkedIn,South,Mobile,New
9506,2025-08-19,Summer Sale,LinkedIn,West,Desktop,Loyal
3030,2025-08-19,New Year Blast,Instagram,North,Mobile,Premium
4457,2025-08-19,Summer Sale,LinkedIn,Central,Mobile,New
8785,2025-08-19,Flash Sale,Facebook,South,Tablet,New
7528,2025-08-19,Black Friday,Email,South,Mobile,Loyal
8543,2025-08-19,Winter Sale,Google Search,North,Tablet,Loyal
1051,2025-08-19,Summer Sale,Facebook,West,Tablet,Returning
3561,2025-08-19,Weekend Special,Google Search,North,Tablet,Premium
5745,2025-08-20,Weekend Special,LinkedIn,South,Tablet,Premium
4866,2025-08-20,Summer Sale,LinkedIn,Central,Mobile,Returning
2865,2025-08-20,New Year Blast,Facebook,North,Desktop,Premium
9467,2025-08-20,New Year Blast,YouTube,North,Mobile,Returning
9619,2025-08-20,Diwali Bonanza,YouTube,West,Tablet,Loyal
4921,2025-08-20,Mega Clearance,Google Search,South,Desktop,New
1250,2025-08-20,Mega Clearance,Instagram,North,Mobile,Loyal
8153,2025-08-20,Flash Sale,Google Search,North,Tablet,Returning
8132,2025-08-20,Black Friday,Email,South,Mobile,New
3430,2025-08-20,Winter Sale,Facebook,North,Desktop,Returning
9854,2025-08-20,Diwali Bonanza,Email,West,Mobile,Loyal
7287,2025-08-20,Mega Clearance,LinkedIn,North,Tablet,New
3465,2025-08-20,Back to School,Email,Central,Tablet,Returning
8394,2025-08-20,Diwali Bonanza,YouTube,East,Tablet,Loyal
8683,2025-08-20,Summer Sale,LinkedIn,South,Tablet,Premium
8695,2025-08-20,Back to School,Facebook,West,Desktop,Premium
3220,2025-08-20,Summer Sale,Email,North,Tablet,Premium
5643,2025-08-20,Back to School,LinkedIn,East,Desktop,New
3134,2025-08-20,Diwali Bonanza,Email,Central,Tablet,Returning
2285,2025-08-20,Black Friday,Email,North,Desktop,Returning
3903,2025-08-20,Mega Clearance,Google Search,South,Mobile,Returning
1945,2025-08-21,Back to School,Facebook,East,Mobile,New
3408,2025-08-21,Winter Sale,Facebook,East,Mobile,Loyal
7903,2025-08-21,Diwali Bonanza,Email,South,Mobile,New
2644,2025-08-21,Weekend Special,LinkedIn,West,Mobile,New
2859,2025-08-21,Flash Sale,YouTube,East,Mobile,Loyal
6463,2025-08-21,Flash Sale,LinkedIn,Central,Mobile,Premium
8327,2025-08-21,Mega Clearance,Facebook,North,Desktop,Returning
8985,2025-08-21,Diwali Bonanza,LinkedIn,East,Desktop,New
4931,2025-08-21,New Year Blast,YouTube,South,Tablet,New
1146,2025-08-21,Weekend Special,LinkedIn,Central,Tablet,Premium
757,2025-08-21,Back to School,Email,Central,Tablet,Loyal
6774,2025-08-21,Flash Sale,Email,West,Desktop,New
2092,2025-08-21,Summer Sale,Facebook,East,Tablet,New
3747,2025-08-21,Flash Sale,Email,East,Tablet,Premium
163,2025-08-21,Winter Sale,Instagram,East,Desktop,New
1391,2025-08-21,Summer Sale,Google Search,South,Tablet,Loyal
1052,2025-08-21,Winter Sale,Instagram,East,Tablet,Returning
7621,2025-08-21,Mega Clearance,LinkedIn,South,Mobile,Premium
2510,2025-08-21,Weekend Special,YouTube,West,Mobile,Loyal
1402,2025-08-21,Festive Combo,Google Search,South,Tablet,Returning
1061,2025-08-21,Flash Sale,LinkedIn,North,Tablet,New
1959,2025-08-21,Summer Sale,Email,South,Desktop,Returning
6200,2025-08-21,Weekend Special,YouTube,Central,Mobile,New
7808,2025-08-21,Black Friday,Instagram,South,Desktop,New
5881,2025-08-21,Black Friday,Email,East,Desktop,Returning
5849,2025-08-21,Winter Sale,Instagram,Central,Desktop,Returning
966,2025-08-21,Summer Sale,YouTube,Central,Desktop,Returning
231,2025-08-21,Weekend Special,Email,West,Mobile,New
8133,2025-08-21,Diwali Bonanza,Google Search,South,Desktop,Loyal
542,2025-08-21,Festive Combo,Instagram,Central,Mobile,New
4030,2025-08-21,New Year Blast,Instagram,West,Mobile,Premium
2243,2025-08-21,New Year Blast,Google Search,North,Desktop,Loyal
9748,2025-08-21,Diwali Bonanza,Facebook,Central,Mobile,New
4998,2025-08-21,Back to School,Facebook,Central,Tablet,Returning
3280,2025-08-21,Festive Combo,YouTube,North,Desktop,Loyal
25,2025-08-21,Summer Sale,YouTube,East,Tablet,Returning
5744,2025-08-21,Flash Sale,Google Search,East,Desktop,Returning
1238,2025-08-21,Festive Combo,Facebook,West,Mobile,Premium
2592,2025-08-22,New Year Blast,Instagram,East,Desktop,Returning
9682,2025-08-22,Festive Combo,Facebook,South,Mobile,Loyal
8342,2025-08-22,Summer Sale,Facebook,West,Desktop,Loyal
3604,2025-08-22,New Year Blast,YouTube,North,Tablet,Returning
413,2025-08-22,Mega Clearance,Google Search,Central,Desktop,Premium
9995,2025-08-22,Black Friday,Facebook,East,Mobile,New
5974,2025-08-22,Festive Combo,YouTube,East,Mobile,Premium
1067,2025-08-22,Mega Clearance,Instagram,North,Mobile,Premium
6144,2025-08-22,Back to School,LinkedIn,South,Mobile,New
5356,2025-08-22,Summer Sale,LinkedIn,North,Desktop,New
7821,2025-08-22,Festive Combo,Instagram,East,Desktop,Premium
6964,2025-08-22,Diwali Bonanza,YouTube,North,Desktop,New
7949,2025-08-22,Black Friday,Email,Central,Tablet,Returning
6962,2025-08-22,Festive Combo,YouTube,Central,Tablet,Returning
90,2025-08-22,Flash Sale,YouTube,Central,Mobile,Loyal
1198,2025-08-22,Mega Clearance,Facebook,Central,Mobile,New
4305,2025-08-22,Black Friday,Facebook,North,Tablet,Returning
9140,2025-08-22,Weekend Special,Facebook,Central,Desktop,Loyal
5868,2025-08-22,Festive Combo,Google Search,North,Desktop,Loyal
194,2025-08-22,New Year Blast,Facebook,West,Desktop,New
3718,2025-08-22,Festive Combo,Instagram,West,Tablet,New
6957,2025-08-22,Summer Sale,Facebook,North,Tablet,Loyal
9196,2025-08-22,Summer Sale,Instagram,North,Tablet,Premium
1137,2025-08-22,Mega Clearance,LinkedIn,Central,Mobile,Loyal
2824,2025-08-22,Mega Clearance,YouTube,Central,Desktop,Premium
2487,2025-08-22,New Year Blast,Google Search,South,Mobile,Premium
3871,2025-08-23,New Year Blast,Facebook,East,Desktop,Returning
5023,2025-08-23,Summer Sale,Facebook,South,Tablet,Returning
55,2025-08-23,Mega Clearance,Email,North,Mobile,Returning
6565,2025-08-23,Diwali Bonanza,LinkedIn,East,Mobile,Returning
543,2025-08-23,Back to School,Google Search,Central,Desktop,Returning
7316,2025-08-23,Diwali Bonanza,Email,Central,Mobile,Returning
4202,2025-08-23,Winter Sale,Google Search,North,Tablet,Returning
2444,2025-08-23,Festive Combo,Facebook,East,Desktop,Premium
1423,2025-08-23,Festive Combo,Google Search,South,Mobile,Premium
8537,2025-08-23,New Year Blast,Instagram,East,Mobile,Returning
9402,2025-08-23,Weekend Special,Google Search,North,Mobile,Loyal
9275,2025-08-23,Mega Clearance,Instagram,South,Desktop,New
2080,2025-08-23,Summer Sale,Instagram,East,Tablet,Premium
7093,2025-08-23,Weekend Special,Email,East,Tablet,New
1979,2025-08-23,Flash Sale,Instagram,South,Tablet,Returning
3232,2025-08-23,Flash Sale,Google Search,West,Mobile,Returning
5852,2025-08-23,Back to School,YouTube,West,Tablet,Premium
8289,2025-08-23,Back to School,Facebook,East,Desktop,Returning
6260,2025-08-23,Back to School,Instagram,South,Tablet,Loyal
1042,2025-08-23,Black Friday,LinkedIn,West,Mobile,Loyal
763,2025-08-23,Black Friday,YouTube,East,Mobile,Loyal
9180,2025-08-23,Flash Sale,Facebook,North,Tablet,Returning
1258,2025-08-23,New Year Blast,Email,South,Desktop,Returning
2659,2025-08-23,Diwali Bonanza,Facebook,East,Mobile,Returning
1767,2025-08-23,Diwali Bonanza,Email,South,Desktop,Loyal
3147,2025-08-24,Diwali Bonanza,YouTube,East,Desktop,New
3386,2025-08-24,Winter Sale,Instagram,South,Mobile,New
9212,2025-08-24,Flash Sale,Instagram,East,Tablet,New
5379,2025-08-24,Back to School,Email,West,Desktop,New
2617,2025-08-24,Mega Clearance,LinkedIn,West,Tablet,Loyal
1429,2025-08-24,Festive Combo,LinkedIn,East,Tablet,New
4701,2025-08-24,Back to School,Email,East,Mobile,Premium
8619,2025-08-24,Summer Sale,Instagram,Central,Mobile,Premium
4950,2025-08-24,Festive Combo,Facebook,East,Mobile,Premium
2003,2025-08-24,Mega Clearance,Google Search,North,Mobile,Premium
191,2025-08-24,New Year Blast,YouTube,North,Desktop,Premium
6319,2025-08-24,Winter Sale,LinkedIn,East,Desktop,Returning
3308,2025-08-24,Mega Clearance,LinkedIn,South,Mobile,Premium
3727,2025-08-24,Summer Sale,LinkedIn,South,Tablet,Loyal
3742,2025-08-24,Diwali Bonanza,Instagram,North,Desktop,Returning
3822,2025-08-24,Back to School,YouTube,Central,Tablet,Loyal
5130,2025-08-24,Flash Sale,Facebook,Central,Mobile,Returning
6560,2025-08-24,Mega Clearance,Google Search,East,Tablet,New
1096,2025-08-24,Flash Sale,YouTube,Central,Mobile,New
1453,2025-08-24,Flash Sale,YouTube,Central,Tablet,Loyal
9325,2025-08-24,Weekend Special,Google Search,North,Tablet,New
5778,2025-08-24,Winter Sale,Instagram,South,Tablet,Returning
8876,2025-08-24,Flash Sale,Google Search,West,Mobile,Premium
7838,2025-08-24,Black Friday,LinkedIn,West,Tablet,Loyal
2923,2025-08-24,Mega Clearance,Facebook,South,Mobile,Premium
4862,2025-08-24,Diwali Bonanza,YouTube,Central,Tablet,Premium
8188,2025-08-24,Mega Clearance,Instagram,West,Mobile,Returning
7062,2025-08-24,Back to School,LinkedIn,Central,Mobile,Returning
6527,2025-08-24,Summer Sale,Facebook,West,Desktop,Loyal
9499,2025-08-24,Mega Clearance,Facebook,East,Desktop,Premium
2434,2025-08-24,Black Friday,YouTube,Central,Desktop,Returning
4533,2025-08-24,Summer Sale,Facebook,East,Tablet,Returning
379,2025-08-24,Weekend Special,Instagram,Central,Desktop,Premium
6828,2025-08-24,Diwali Bonanza,Google Search,Central,Desktop,New
5387,2025-08-25,Flash Sale,Facebook,West,Mobile,Loyal
272,2025-08-25,Mega Clearance,Email,North,Desktop,Returning
3818,2025-08-25,Weekend Special,Email,West,Desktop,New
2106,2025-08-25,Summer Sale,Email,North,Desktop,New
6629,2025-08-25,Back to School,LinkedIn,North,Tablet,Premium
2303,2025-08-25,Black Friday,Instagram,South,Mobile,Loyal
4325,2025-08-25,Diwali Bonanza,LinkedIn,South,Tablet,New
9809,2025-08-25,Winter Sale,LinkedIn,East,Mobile,Premium
510,2025-08-25,Black Friday,LinkedIn,South,Mobile,Loyal
4722,2025-08-25,Weekend Special,Google Search,East,Tablet,New
6621,2025-08-25,Black Friday,LinkedIn,East,Tablet,Premium
3969,2025-08-25,Mega Clearance,YouTube,North,Tablet,Loyal
2952,2025-08-25,Black Friday,LinkedIn,South,Tablet,New
9822,2025-08-25,Flash Sale,LinkedIn,South,Mobile,Loyal
1230,2025-08-25,New Year Blast,Google Search,West,Tablet,Returning
6666,2025-08-25,New Year Blast,YouTube,North,Desktop,Loyal
5066,2025-08-25,Diwali Bonanza,LinkedIn,West,Desktop,Returning
4280,2025-08-25,Festive Combo,Facebook,North,Desktop,New
1661,2025-08-25,Summer Sale,Google Search,West,Desktop,Premium
3541,2025-08-25,Weekend Special,Instagram,South,Desktop,Premium
6011,2025-08-25,Mega Clearance,YouTube,Central,Desktop,Premium
8974,2025-08-25,Flash Sale,Email,West,Mobile,Returning
6337,2025-08-25,New Year Blast,Google Search,West,Mobile,Premium
7447,2025-08-25,Festive Combo,YouTube,North,Tablet,Loyal
5652,2025-08-25,Diwali Bonanza,Email,Central,Desktop,Returning
6548,2025-08-25,Flash Sale,Email,West,Desktop,Loyal
5564,2025-08-25,Summer Sale,Facebook,Central,Desktop,New
5618,2025-08-26,Summer Sale,LinkedIn,East,Mobile,New
2755,2025-08-26,Festive Combo,Facebook,South,Tablet,Loyal
8580,2025-08-26,Flash Sale,Instagram,North,Mobile,New
3623,2025-08-26,Winter Sale,YouTube,North,Desktop,Returning
7260,2025-08-26,Flash Sale,Instagram,South,Mobile,Premium
94,2025-08-26,Weekend Special,Email,Central,Desktop,Loyal
2426,2025-08-26,Diwali Bonanza,YouTube,North,Desktop,Loyal
3093,2025-08-26,Diwali Bonanza,Google Search,North,Tablet,Loyal
8807,2025-08-26,Flash Sale,Email,South,Tablet,New
8465,2025-08-26,Festive Combo,Google Search,West,Desktop,New
946,2025-08-26,Summer Sale,Instagram,North,Mobile,New
4452,2025-08-26,Winter Sale,LinkedIn,North,Tablet,Loyal
4307,2025-08-26,Back to School,YouTube,West,Desktop,New
2390,2025-08-26,New Year Blast,Google Search,North,Desktop,Loyal
2696,2025-08-26,Back to School,Instagram,East,Tablet,Loyal
5134,2025-08-26,New Year Blast,Email,Central,Mobile,Premium
7193,2025-08-26,Diwali Bonanza,Facebook,West,Desktop,Returning
2863,2025-08-26,New Year Blast,YouTube,Central,Desktop,New
3029,2025-08-26,Mega Clearance,Email,South,Desktop,Returning
6973,2025-08-26,Summer Sale,YouTube,East,Tablet,Premium
3692,2025-08-26,Summer Sale,YouTube,Central,Mobile,New
3429,2025-08-26,Winter Sale,Facebook,Central,Mobile,Loyal
9646,2025-08-26,New Year Blast,Email,West,Desktop,Premium
3262,2025-08-26,Summer Sale,Facebook,South,Tablet,New
7424,2025-08-26,Summer Sale,Facebook,West,Desktop,New
3918,2025-08-26,Summer Sale,Facebook,North,Desktop,Loyal
4071,2025-08-26,Summer Sale,YouTube,East,Mobile,Returning
1446,2025-08-26,Mega Clearance,Instagram,East,Desktop,New
3272,2025-08-26,Festive Combo,YouTube,Central,Mobile,Returning
4227,2025-08-26,Black Friday,Google Search,West,Mobile,Premium
9055,2025-08-26,Summer Sale,Google Search,North,Mobile,Loyal
5182,2025-08-26,Mega Clearance,Instagram,South,Mobile,Loyal
6497,2025-08-27,Weekend Special,YouTube,Central,Mobile,New
4764,2025-08-27,Black Friday,Instagram,East,Desktop,Loyal
6972,2025-08-27,Summer Sale,Facebook,South,Mobile,Premium
7346,2025-08-27,Weekend Special,Facebook,East,Desktop,Returning
1143,2025-08-27,Weekend Special,Google Search,Central,Tablet,New
1109,2025-08-27,Mega Clearance,Facebook,North,Tablet,Loyal
443,2025-08-27,Weekend Special,YouTube,East,Desktop,Premium
6296,2025-08-27,Weekend Special,Google Search,South,Tablet,Premium
9924,2025-08-27,Weekend Special,LinkedIn,South,Desktop,Premium
1622,2025-08-27,Weekend Special,Email,East,Desktop,Loyal
5998,2025-08-27,Winter Sale,YouTube,East,Tablet,Loyal
1227,2025-08-27,Festive Combo,LinkedIn,South,Desktop,Returning
7488,2025-08-27,Festive Combo,Email,North,Mobile,Loyal
5604,2025-08-27,Flash Sale,Facebook,Central,Desktop,New
1599,2025-08-27,Mega Clearance,Facebook,South,Desktop,Premium
9411,2025-08-27,Festive Combo,Facebook,West,Mobile,New
589,2025-08-27,New Year Blast,Instagram,East,Mobile,Loyal
404,2025-08-27,New Year Blast,Facebook,West,Tablet,Premium
659,2025-08-27,New Year Blast,Facebook,East,Tablet,New
2015,2025-08-28,Festive Combo,LinkedIn,Central,Desktop,Returning
7734,2025-08-28,Weekend Special,Facebook,North,Tablet,Returning
2500,2025-08-28,Black Friday,LinkedIn,East,Desktop,Returning
8459,2025-08-28,Summer Sale,LinkedIn,South,Desktop,New
6381,2025-08-28,Black Friday,LinkedIn,West,Mobile,Returning
928,2025-08-28,Weekend Special,Instagram,Central,Desktop,Returning
336,2025-08-28,Weekend Special,Facebook,Central,Mobile,New
1623,2025-08-28,Flash Sale,LinkedIn,East,Desktop,Premium
8553,2025-08-28,Summer Sale,Email,North,Desktop,Returning
8420,2025-08-28,Mega Clearance,Google Search,East,Tablet,Returning
6721,2025-08-28,Summer Sale,Instagram,West,Mobile,Premium
964,2025-08-28,New Year Blast,Email,Central,Mobile,New
7019,2025-08-28,Summer Sale,LinkedIn,Central,Mobile,Loyal
4664,2025-08-28,Mega Clearance,Email,Central,Desktop,Loyal
107,2025-08-28,Diwali Bonanza,Email,Central,Mobile,Loyal
8303,2025-08-28,Weekend Special,Instagram,South,Desktop,Loyal
1098,2025-08-28,Summer Sale,Google Search,Central,Tablet,Premium
2105,2025-08-28,Back to School,LinkedIn,West,Desktop,Loyal
5552,2025-08-28,Black Friday,Email,East,Mobile,Returning
4711,2025-08-28,Weekend Special,Email,South,Desktop,Returning
6802,2025-08-28,New Year Blast,YouTube,Central,Desktop,Loyal
6084,2025-08-28,Winter Sale,YouTube,North,Desktop,Premium
9880,2025-08-28,Flash Sale,LinkedIn,West,Tablet,Returning
9056,2025-08-28,Back to School,Instagram,East,Desktop,Premium
2673,2025-08-29,Festive Combo,Google Search,North,Mobile,New
3156,2025-08-29,Summer Sale,Email,West,Desktop,New
3499,2025-08-29,Festive Combo,YouTube,North,Tablet,Returning
3721,2025-08-29,New Year Blast,LinkedIn,Central,Mobile,Returning
6902,2025-08-29,Summer Sale,LinkedIn,West,Desktop,New
5296,2025-08-29,Mega Clearance,Email,East,Desktop,New
140,2025-08-29,Festive Combo,LinkedIn,East,Mobile,New
2897,2025-08-29,Back to School,Google Search,West,Desktop,New
8639,2025-08-29,Weekend Special,Google Search,South,Mobile,New
5079,2025-08-29,Winter Sale,Email,West,Mobile,Loyal
6610,2025-08-29,Summer Sale,LinkedIn,North,Tablet,New
6379,2025-08-29,Summer Sale,Email,West,Mobile,New
934,2025-08-29,Weekend Special,Google Search,West,Desktop,Premium
6004,2025-08-29,Black Friday,LinkedIn,Central,Desktop,Premium
2983,2025-08-29,New Year Blast,Email,Central,Tablet,Premium
1918,2025-08-29,Diwali Bonanza,YouTube,Central,Tablet,Premium
1919,2025-08-29,Flash Sale,YouTube,East,Desktop,New
8419,2025-08-29,Back to School,Email,North,Desktop,Premium
6066,2025-08-29,Festive Combo,Email,Central,Desktop,New
7813,2025-08-29,Festive Combo,YouTube,South,Mobile,New
6971,2025-08-29,Winter Sale,Google Search,North,Mobile,Loyal
4149,2025-08-29,Flash Sale,Google Search,West,Tablet,Premium
4681,2025-08-29,Summer Sale,YouTube,North,Desktop,New
2206,2025-08-29,New Year Blast,Email,North,Mobile,Premium
3072,2025-08-29,Back to School,LinkedIn,Central,Mobile,Premium
1012,2025-08-30,Summer Sale,Instagram,South,Tablet,Returning
9044,2025-08-30,Mega Clearance,Email,North,Tablet,New
1196,2025-08-30,Mega Clearance,Google Search,South,Tablet,Returning
7889,2025-08-30,New Year Blast,LinkedIn,North,Mobile,New
568,2025-08-30,Winter Sale,Google Search,Central,Mobile,New
208,2025-08-30,Summer Sale,Email,Central,Desktop,Returning
5944,2025-08-30,Weekend Special,Email,South,Mobile,Returning
6082,2025-08-30,Summer Sale,YouTube,Central,Tablet,Loyal
872,2025-08-30,Mega Clearance,LinkedIn,North,Mobile,Premium
5688,2025-08-30,Summer Sale,Google Search,East,Mobile,New
6076,2025-08-30,Mega Clearance,Instagram,North,Mobile,Loyal
9466,2025-08-30,Winter Sale,Instagram,East,Mobile,Returning
3596,2025-08-30,Weekend Special,YouTube,West,Tablet,New
1411,2025-08-30,Back to School,Email,Central,Tablet,New
3858,2025-08-30,Mega Clearance,Facebook,South,Mobile,Returning
9717,2025-08-30,Weekend Special,Facebook,West,Tablet,New
6939,2025-08-30,Diwali Bonanza,YouTube,South,Tablet,Returning
9514,2025-08-30,Summer Sale,Facebook,North,Tablet,Loyal
2833,2025-08-30,Weekend Special,Facebook,East,Tablet,Premium
3633,2025-08-31,Black Friday,Instagram,Central,Mobile,Returning
7122,2025-08-31,Flash Sale,LinkedIn,West,Desktop,Loyal
4854,2025-08-31,Diwali Bonanza,LinkedIn,North,Desktop,Returning
1083,2025-08-31,Summer Sale,YouTube,South,Desktop,Returning
1268,2025-08-31,New Year Blast,Email,South,Tablet,Loyal
3096,2025-08-31,Weekend Special,Google Search,Central,Desktop,Premium
9678,2025-08-31,Mega Clearance,Facebook,Central,Desktop,New
132,2025-08-31,Weekend Special,Email,East,Desktop,Premium
7885,2025-08-31,Winter Sale,Facebook,Central,Tablet,Loyal
2075,2025-08-31,Mega Clearance,Google Search,West,Mobile,Loyal
7692,2025-08-31,Diwali Bonanza,Google Search,Central,Tablet,Loyal
4449,2025-08-31,Black Friday,Email,Central,Mobile,New
8856,2025-08-31,Weekend Special,LinkedIn,West,Mobile,Returning
9489,2025-08-31,Winter Sale,Facebook,Central,Tablet,Loyal
4753,2025-08-31,Mega Clearance,Instagram,North,Mobile,Loyal
6216,2025-08-31,Winter Sale,Facebook,South,Tablet,Loyal
9244,2025-08-31,Back to School,YouTube,South,Mobile,Premium
6204,2025-08-31,Flash Sale,Email,East,Desktop,Returning
3923,2025-08-31,Back to School,Facebook,South,Desktop,Returning
7235,2025-08-31,Summer Sale,YouTube,East,Desktop,Returning
6541,2025-08-31,Summer Sale,Instagram,Central,Tablet,Returning
5686,2025-08-31,Mega Clearance,LinkedIn,East,Desktop,New
4614,2025-08-31,Winter Sale,Email,East,Mobile,New
2567,2025-09-01,Festive Combo,Instagram,South,Tablet,Premium
2315,2025-09-01,Summer Sale,Instagram,North,Mobile,Returning
8105,2025-09-01,Winter Sale,YouTube,West,Mobile,Premium
4467,2025-09-01,Summer Sale,Email,South,Desktop,Premium
370,2025-09-01,Summer Sale,Instagram,East,Tablet,New
1381,2025-09-01,Black Friday,Instagram,South,Desktop,Loyal
6518,2025-09-01,Weekend Special,LinkedIn,North,Tablet,Returning
1438,2025-09-01,New Year Blast,Email,Central,Desktop,New
2449,2025-09-01,Festive Combo,YouTube,East,Mobile,Returning
5298,2025-09-01,Diwali Bonanza,Email,East,Tablet,Premium
7175,2025-09-01,Black Friday,Instagram,East,Desktop,New
5894,2025-09-01,Winter Sale,YouTube,Central,Desktop,Loyal
5721,2025-09-01,Winter Sale,Instagram,West,Tablet,Premium
3808,2025-09-01,Summer Sale,Instagram,East,Desktop,New
7048,2025-09-01,Black Friday,Google Search,North,Desktop,Returning
9237,2025-09-01,Diwali Bonanza,YouTube,South,Tablet,Loyal
5040,2025-09-01,Back to School,Email,North,Tablet,New
2823,2025-09-01,Diwali Bonanza,Google Search,North,Mobile,Returning
2122,2025-09-01,Festive Combo,Instagram,East,Tablet,New
1528,2025-09-01,Weekend Special,Google Search,North,Tablet,Returning
2411,2025-09-01,Weekend Special,Google Search,East,Desktop,Premium
6604,2025-09-01,Mega Clearance,YouTube,West,Mobile,Returning
4293,2025-09-01,Flash Sale,YouTube,South,Desktop,Returning
2354,2025-09-01,Diwali Bonanza,LinkedIn,Central,Desktop,Premium
506,2025-09-01,Winter Sale,LinkedIn,West,Desktop,New
3896,2025-09-01,Festive Combo,Instagram,East,Desktop,New
1343,2025-09-01,Weekend Special,Facebook,Central,Mobile,Loyal
4567,2025-09-01,Festive Combo,Instagram,East,Tablet,Premium
96,2025-09-01,Festive Combo,Instagram,South,Tablet,Premium
401,2025-09-02,Back to School,Facebook,North,Desktop,Loyal
7038,2025-09-02,New Year Blast,YouTube,East,Tablet,Premium
8310,2025-09-02,Summer Sale,Google Search,Central,Mobile,Returning
391,2025-09-02,Black Friday,Instagram,East,Desktop,New
9993,2025-09-02,Summer Sale,YouTube,North,Desktop,Returning
9941,2025-09-02,Back to School,Email,Central,Tablet,Premium
4012,2025-09-02,Diwali Bonanza,Instagram,West,Mobile,Returning
1395,2025-09-02,Diwali Bonanza,Instagram,South,Tablet,Premium
5649,2025-09-02,Flash Sale,Google Search,North,Mobile,New
4422,2025-09-02,Weekend Special,Google Search,East,Tablet,Loyal
8228,2025-09-02,Black Friday,Facebook,East,Desktop,New
1183,2025-09-02,Flash Sale,LinkedIn,North,Tablet,Returning
7522,2025-09-02,Flash Sale,Facebook,West,Mobile,New
8601,2025-09-02,Back to School,Email,North,Desktop,Premium
6014,2025-09-02,Weekend Special,Instagram,South,Desktop,New
5888,2025-09-02,Black Friday,Instagram,West,Tablet,Returning
1806,2025-09-02,Mega Clearance,Facebook,East,Mobile,Returning
6411,2025-09-02,Flash Sale,Instagram,West,Desktop,Loyal
8091,2025-09-02,Back to School,Instagram,East,Tablet,New
3098,2025-09-02,Flash Sale,Instagram,South,Desktop,Returning
5471,2025-09-02,New Year Blast,LinkedIn,West,Tablet,Premium
7371,2025-09-02,Mega Clearance,LinkedIn,Central,Tablet,Returning
4389,2025-09-02,New Year Blast,YouTube,North,Mobile,Returning
2525,2025-09-02,New Year Blast,Email,North,Desktop,New
2370,2025-09-02,Diwali Bonanza,Instagram,North,Desktop,Loyal
7887,2025-09-02,Summer Sale,Google Search,South,Tablet,Returning
2453,2025-09-02,Mega Clearance,Facebook,East,Tablet,Returning
5046,2025-09-02,New Year Blast,LinkedIn,East,Desktop,New
2543,2025-09-02,Festive Combo,YouTube,Central,Mobile,Returning
8951,2025-09-03,Festive Combo,Google Search,West,Desktop,New
7490,2025-09-03,Diwali Bonanza,Email,North,Tablet,Returning
5127,2025-09-03,Flash Sale,Facebook,Central,Tablet,Returning
8975,2025-09-03,Festive Combo,YouTube,Central,Tablet,Returning
6258,2025-09-03,New Year Blast,Google Search,West,Mobile,Loyal
9494,2025-09-03,Flash Sale,Facebook,North,Tablet,Returning
9487,2025-09-03,Weekend Special,Google Search,East,Desktop,New
1302,2025-09-03,Back to School,Instagram,East,Mobile,Loyal
6136,2025-09-03,Mega Clearance,Facebook,West,Tablet,Premium
3488,2025-09-03,Diwali Bonanza,Email,West,Tablet,New
2829,2025-09-03,Black Friday,Instagram,North,Tablet,Premium
4046,2025-09-03,Festive Combo,YouTube,West,Mobile,Loyal
4818,2025-09-03,Summer Sale,Google Search,East,Mobile,Premium
5884,2025-09-03,Flash Sale,Email,West,Tablet,New
5877,2025-09-03,Summer Sale,Facebook,South,Desktop,Returning
8309,2025-09-03,Mega Clearance,Email,South,Mobile,New
2491,2025-09-03,Mega Clearance,LinkedIn,North,Tablet,Loyal
1815,2025-09-03,Festive Combo,Email,Central,Tablet,New
1880,2025-09-03,Winter Sale,LinkedIn,South,Desktop,Returning
8113,2025-09-03,Winter Sale,Google Search,West,Desktop,Premium
5513,2025-09-03,Flash Sale,LinkedIn,Central,Mobile,Premium
5497,2025-09-03,New Year Blast,YouTube,East,Tablet,Premium
4051,2025-09-03,Black Friday,Email,North,Tablet,Returning
2171,2025-09-03,Winter Sale,YouTube,North,Mobile,Premium
9361,2025-09-03,Black Friday,Email,West,Tablet,Loyal
5936,2025-09-03,Black Friday,LinkedIn,West,Mobile,Returning
8889,2025-09-03,Weekend Special,Facebook,Central,Desktop,New
645,2025-09-03,Mega Clearance,YouTube,South,Mobile,Loyal
845,2025-09-03,Black Friday,Email,South,Tablet,Loyal
490,2025-09-03,Back to School,Facebook,West,Desktop,Premium
6623,2025-09-03,Diwali Bonanza,Email,North,Tablet,New
9862,2025-09-04,Black Friday,Facebook,South,Tablet,Returning
6588,2025-09-04,Weekend Special,Google Search,East,Mobile,Returning
7861,2025-09-04,New Year Blast,LinkedIn,West,Tablet,Loyal
4377,2025-09-04,Diwali Bonanza,YouTube,Central,Mobile,Premium
2867,2025-09-04,Festive Combo,Facebook,North,Desktop,Returning
8323,2025-09-04,Back to School,YouTube,East,Mobile,Premium
4527,2025-09-04,Mega Clearance,Instagram,West,Mobile,New
6420,2025-09-04,Black Friday,Email,North,Mobile,New
850,2025-09-04,Diwali Bonanza,Facebook,West,Tablet,Returning
2014,2025-09-04,Black Friday,Google Search,East,Tablet,Premium
4885,2025-09-04,Winter Sale,YouTube,North,Desktop,New
7981,2025-09-04,Diwali Bonanza,Instagram,North,Desktop,New
4795,2025-09-04,Diwali Bonanza,Facebook,Central,Tablet,Returning
9076,2025-09-04,Black Friday,YouTube,Central,Desktop,New
4872,2025-09-04,Black Friday,YouTube,East,Tablet,New
9198,2025-09-04,Summer Sale,LinkedIn,Central,Desktop,New
1967,2025-09-04,Festive Combo,Email,South,Tablet,Loyal
3107,2025-09-04,Black Friday,Facebook,North,Tablet,Premium
5531,2025-09-04,Back to School,Google Search,Central,Tablet,New
8258,2025-09-04,Festive Combo,YouTube,West,Mobile,New
5804,2025-09-04,Black Friday,Google Search,South,Mobile,Loyal
9301,2025-09-04,Summer Sale,Email,West,Mobile,Loyal
6698,2025-09-04,New Year Blast,Facebook,West,Desktop,Premium
7152,2025-09-04,Mega Clearance,YouTube,Central,Mobile,New
887,2025-09-04,Winter Sale,Instagram,North,Desktop,Returning
6261,2025-09-04,Flash Sale,Google Search,North,Desktop,Premium
5910,2025-09-04,Flash Sale,Google Search,South,Mobile,Returning
1457,2025-09-04,Diwali Bonanza,YouTube,South,Desktop,Returning
4856,2025-09-04,Weekend Special,YouTube,North,Tablet,Returning
9834,2025-09-04,Weekend Special,Facebook,Central,Mobile,Premium
3013,2025-09-04,Flash Sale,LinkedIn,North,Tablet,Premium
1822,2025-09-05,New Year Blast,Instagram,South,Mobile,Loyal
833,2025-09-05,Back to School,Google Search,South,Desktop,Returning
2443,2025-09-05,Black Friday,Instagram,North,Desktop,New
8390,2025-09-05,Festive Combo,Google Search,West,Desktop,Loyal
4539,2025-09-05,Black Friday,YouTube,South,Tablet,Premium
2981,2025-09-05,Winter Sale,Facebook,West,Mobile,Loyal
5650,2025-09-05,Mega Clearance,LinkedIn,West,Desktop,Loyal
7882,2025-09-05,Diwali Bonanza,Email,East,Tablet,Loyal
7008,2025-09-05,New Year Blast,Instagram,East,Tablet,Loyal
5727,2025-09-05,Black Friday,LinkedIn,West,Mobile,Premium
5216,2025-09-05,Winter Sale,YouTube,North,Desktop,New
5605,2025-09-05,Flash Sale,YouTube,West,Tablet,New
2261,2025-09-05,Festive Combo,Email,West,Tablet,Returning
1541,2025-09-05,Summer Sale,LinkedIn,South,Mobile,Premium
7931,2025-09-05,New Year Blast,Facebook,West,Tablet,Returning
6471,2025-09-05,Summer Sale,Google Search,West,Desktop,Loyal
6824,2025-09-05,Mega Clearance,Google Search,West,Desktop,Returning
9987,2025-09-05,Diwali Bonanza,YouTube,West,Tablet,New
8929,2025-09-05,Flash Sale,LinkedIn,Central,Desktop,Returning
8676,2025-09-05,Mega Clearance,LinkedIn,East,Desktop,Returning
5052,2025-09-05,Winter Sale,LinkedIn,North,Mobile,Premium
2552,2025-09-05,Back to School,Facebook,Central,Desktop,Loyal
9051,2025-09-05,Weekend Special,Instagram,Central,Tablet,Loyal
1307,2025-09-05,Flash Sale,Google Search,South,Mobile,New
1072,2025-09-05,Mega Clearance,YouTube,East,Desktop,Premium
9785,2025-09-05,Summer Sale,LinkedIn,Central,Desktop,Returning
7672,2025-09-05,Festive Combo,Instagram,South,Tablet,Loyal
5072,2025-09-05,Festive Combo,LinkedIn,West,Tablet,New
6083,2025-09-06,Winter Sale,Instagram,South,Mobile,Loyal
1373,2025-09-06,Summer Sale,Google Search,North,Desktop,Premium
1249,2025-09-06,Weekend Special,Email,North,Desktop,Premium
4791,2025-09-06,Festive Combo,LinkedIn,East,Mobile,Premium
6643,2025-09-06,Mega Clearance,LinkedIn,South,Tablet,Returning
524,2025-09-06,Diwali Bonanza,Facebook,West,Tablet,Loyal
1330,2025-09-06,Weekend Special,Instagram,South,Desktop,New
5367,2025-09-06,Back to School,Instagram,North,Mobile,Premium
6892,2025-09-06,Flash Sale,YouTube,South,Tablet,Premium
3453,2025-09-06,New Year Blast,Google Search,West,Desktop,Premium
1299,2025-09-06,Flash Sale,Instagram,South,Mobile,Returning
2274,2025-09-06,Summer Sale,Facebook,East,Desktop,New
5495,2025-09-06,Flash Sale,YouTube,West,Tablet,New
9113,2025-09-06,Flash Sale,LinkedIn,East,Tablet,Loyal
1155,2025-09-06,Diwali Bonanza,Email,North,Desktop,New
8810,2025-09-06,New Year Blast,Instagram,East,Tablet,Premium
4252,2025-09-06,Back to School,Facebook,North,Desktop,Loyal
7661,2025-09-06,New Year Blast,YouTube,North,Mobile,Returning
962,2025-09-06,Festive Combo,Email,East,Tablet,Loyal
972,2025-09-06,Black Friday,Google Search,North,Tablet,Loyal
3829,2025-09-06,Flash Sale,Instagram,East,Tablet,Loyal
2584,2025-09-06,Black Friday,Email,West,Mobile,Loyal
3984,2025-09-06,Summer Sale,Email,North,Tablet,Loyal
678,2025-09-06,Weekend Special,Instagram,North,Tablet,Returning
9980,2025-09-06,New Year Blast,Email,North,Desktop,Premium
4364,2025-09-06,Mega Clearance,LinkedIn,South,Desktop,Loyal
1517,2025-09-06,Summer Sale,Facebook,South,Tablet,Loyal
2455,2025-09-06,Diwali Bonanza,Email,West,Mobile,Loyal
7916,2025-09-06,New Year Blast,Facebook,Central,Tablet,Loyal
4575,2025-09-06,Weekend Special,LinkedIn,North,Mobile,Loyal
1151,2025-09-06,Winter Sale,Facebook,Central,Mobile,Premium
9932,2025-09-06,Festive Combo,YouTube,North,Tablet,Loyal
3214,2025-09-06,Festive Combo,LinkedIn,Central,Tablet,Returning
7414,2025-09-06,Flash Sale,LinkedIn,West,Desktop,Loyal
3907,2025-09-06,New Year Blast,YouTube,North,Tablet,Returning
8654,2025-09-06,Mega Clearance,YouTube,East,Tablet,Loyal
8223,2025-09-06,Mega Clearance,YouTube,South,Mobile,Loyal
1731,2025-09-06,Winter Sale,Google Search,North,Desktop,New
1460,2025-09-06,Festive Combo,Google Search,West,Tablet,Returning
9288,2025-09-06,Summer Sale,Email,East,Mobile,New
5766,2025-09-06,Weekend Special,Google Search,Central,Mobile,Returning
7677,2025-09-07,Flash Sale,Instagram,South,Tablet,Returning
5828,2025-09-07,Weekend Special,Email,East,Desktop,Loyal
7218,2025-09-07,Diwali Bonanza,Facebook,Central,Tablet,Returning
5555,2025-09-07,Back to School,Email,North,Tablet,Loyal
5761,2025-09-07,Winter Sale,Instagram,East,Desktop,Loyal
7729,2025-09-07,Flash Sale,LinkedIn,West,Mobile,Returning
6040,2025-09-07,Weekend Special,Email,East,Mobile,Returning
1478,2025-09-07,New Year Blast,Instagram,East,Mobile,Premium
8715,2025-09-07,Diwali Bonanza,Google Search,South,Mobile,Loyal
1464,2025-09-07,Flash Sale,LinkedIn,Central,Tablet,Loyal
5543,2025-09-07,Flash Sale,YouTube,South,Desktop,New
5789,2025-09-07,Diwali Bonanza,Google Search,Central,Mobile,Premium
2994,2025-09-07,Festive Combo,LinkedIn,Central,Mobile,Loyal
3319,2025-09-07,New Year Blast,Instagram,South,Mobile,Returning
5049,2025-09-07,Festive Combo,Email,East,Mobile,New
909,2025-09-07,New Year Blast,Instagram,Central,Tablet,New
6459,2025-09-07,New Year Blast,Facebook,Central,Desktop,New
2706,2025-09-07,Back to School,Email,Central,Tablet,New
5027,2025-09-07,Flash Sale,YouTube,West,Mobile,Loyal
7452,2025-09-07,Back to School,Instagram,South,Tablet,Returning
1004,2025-09-07,Flash Sale,YouTube,Central,Mobile,Returning
3605,2025-09-07,New Year Blast,LinkedIn,Central,Mobile,New
2503,2025-09-07,Summer Sale,Email,North,Tablet,Premium
5225,2025-09-07,Summer Sale,LinkedIn,East,Desktop,New
6322,2025-09-07,Weekend Special,Google Search,Central,Tablet,Loyal
9629,2025-09-07,Winter Sale,Google Search,Central,Tablet,Premium
7909,2025-09-07,Mega Clearance,LinkedIn,East,Desktop,Loyal
1189,2025-09-07,Winter Sale,YouTube,West,Tablet,Returning
798,2025-09-07,Summer Sale,Instagram,South,Desktop,New
6854,2025-09-07,Back to School,LinkedIn,North,Desktop,New
9129,2025-09-07,Mega Clearance,Instagram,North,Tablet,New
9485,2025-09-07,Diwali Bonanza,Instagram,West,Desktop,New
105,2025-09-07,Black Friday,Instagram,West,Desktop,New
9120,2025-09-07,Flash Sale,YouTube,East,Desktop,Loyal
6886,2025-09-07,Diwali Bonanza,Google Search,North,Desktop,Premium
9640,2025-09-07,New Year Blast,Email,Central,Desktop,Returning
6779,2025-09-07,Mega Clearance,Facebook,West,Desktop,Loyal
5934,2025-09-08,Mega Clearance,Instagram,East,Mobile,Returning
1354,2025-09-08,Winter Sale,YouTube,South,Desktop,Loyal
5860,2025-09-08,Flash Sale,Facebook,North,Tablet,New
8848,2025-09-08,Flash Sale,Instagram,Central,Mobile,Loyal
7173,2025-09-08,Flash Sale,Instagram,East,Desktop,Loyal
2723,2025-09-08,Back to School,Facebook,North,Tablet,Returning
9948,2025-09-08,Weekend Special,LinkedIn,Central,Desktop,Returning
5568,2025-09-08,Weekend Special,LinkedIn,Central,Mobile,Premium
9280,2025-09-08,Black Friday,LinkedIn,South,Tablet,Returning
4027,2025-09-08,Back to School,Email,North,Desktop,New
8809,2025-09-08,Winter Sale,Email,West,Mobile,Premium
5967,2025-09-08,Flash Sale,Instagram,South,Tablet,Loyal
6941,2025-09-08,Flash Sale,Google Search,Central,Tablet,Loyal
9645,2025-09-08,Festive Combo,YouTube,South,Desktop,Loyal
712,2025-09-08,Winter Sale,Facebook,Central,Desktop,Loyal
9027,2025-09-08,Diwali Bonanza,Email,North,Tablet,Loyal
9030,2025-09-08,Mega Clearance,Facebook,East,Mobile,Loyal
2731,2025-09-08,New Year Blast,Instagram,North,Desktop,New
684,2025-09-08,Mega Clearance,LinkedIn,South,Desktop,Premium
7527,2025-09-08,Festive Combo,Google Search,East,Desktop,Loyal
6015,2025-09-08,Black Friday,Google Search,West,Tablet,New
1191,2025-09-08,Flash Sale,Google Search,Central,Tablet,Premium
6616,2025-09-08,Mega Clearance,Google Search,North,Tablet,Loyal
4973,2025-09-08,Mega Clearance,LinkedIn,North,Tablet,New
8893,2025-09-09,New Year Blast,Google Search,South,Desktop,New
2816,2025-09-09,Festive Combo,Email,Central,Desktop,Returning
7040,2025-09-09,Festive Combo,Instagram,South,Mobile,Returning
6613,2025-09-09,Festive Combo,Instagram,East,Tablet,Premium
9038,2025-09-09,Diwali Bonanza,Facebook,South,Desktop,Loyal
9041,2025-09-09,Festive Combo,Email,Central,Tablet,Returning
2330,2025-09-09,Diwali Bonanza,LinkedIn,Central,Mobile,New
4308,2025-09-09,Winter Sale,LinkedIn,South,Mobile,Premium
6733,2025-09-09,Summer Sale,Google Search,East,Mobile,Returning
1827,2025-09-09,Black Friday,Google Search,Central,Tablet,Returning
6793,2025-09-09,Festive Combo,Google Search,North,Desktop,Loyal
1380,2025-09-09,Weekend Special,Instagram,North,Desktop,Loyal
1531,2025-09-09,Summer Sale,Instagram,West,Mobile,Loyal
8402,2025-09-09,Summer Sale,Google Search,West,Tablet,Returning
1177,2025-09-09,Black Friday,Email,West,Mobile,Loyal
8290,2025-09-09,New Year Blast,Instagram,Central,Desktop,Premium
8425,2025-09-09,Back to School,Instagram,West,Mobile,New
6146,2025-09-09,Weekend Special,Facebook,Central,Desktop,New
6489,2025-09-09,Mega Clearance,Email,Central,Mobile,New
1288,2025-09-09,Black Friday,Google Search,North,Desktop,Loyal
3432,2025-09-09,New Year Blast,Facebook,West,Mobile,New
8213,2025-09-09,Festive Combo,Email,Central,Mobile,Premium
6058,2025-09-09,Weekend Special,Email,West,Mobile,Returning
8510,2025-09-09,Winter Sale,YouTube,East,Tablet,Returning
6326,2025-09-09,New Year Blast,Email,West,Desktop,Returning
9675,2025-09-09,Flash Sale,YouTube,North,Desktop,New
1474,2025-09-10,New Year Blast,Facebook,South,Tablet,New
2244,2025-09-10,New Year Blast,Google Search,South,Desktop,New
7067,2025-09-10,Back to School,Email,West,Desktop,Premium
4275,2025-09-10,Back to School,Google Search,South,Mobile,Premium
6243,2025-09-10,Winter Sale,YouTube,East,Tablet,New
1075,2025-09-10,Diwali Bonanza,Email,South,Tablet,Premium
8596,2025-09-10,Festive Combo,YouTube,North,Desktop,Loyal
7275,2025-09-10,Summer Sale,Google Search,North,Desktop,Loyal
9959,2025-09-10,New Year Blast,Facebook,East,Mobile,Returning
644,2025-09-10,Flash Sale,Instagram,Central,Desktop,New
8222,2025-09-10,Mega Clearance,Google Search,West,Mobile,Returning
3793,2025-09-10,Flash Sale,YouTube,East,Tablet,Premium
9035,2025-09-10,New Year Blast,Google Search,West,Desktop,Premium
1539,2025-09-10,Weekend Special,Email,West,Mobile,Premium
3910,2025-09-10,Winter Sale,Facebook,South,Mobile,Loyal
8080,2025-09-10,New Year Blast,Email,East,Tablet,Loyal
8436,2025-09-10,New Year Blast,YouTube,North,Desktop,Premium
5462,2025-09-10,Diwali Bonanza,Facebook,Central,Tablet,Loyal
3371,2025-09-10,Black Friday,Facebook,West,Desktop,Returning
4673,2025-09-10,Back to School,Google Search,South,Desktop,Loyal
761,2025-09-10,Diwali Bonanza,YouTube,West,Mobile,Premium
3279,2025-09-10,Mega Clearance,Email,West,Desktop,New
7935,2025-09-10,Mega Clearance,YouTube,Central,Mobile,Returning
8457,2025-09-11,Summer Sale,Instagram,North,Mobile,Premium
3762,2025-09-11,Weekend Special,Instagram,South,Mobile,New
2910,2025-09-11,Festive Combo,Email,Central,Desktop,Loyal
8586,2025-09-11,Flash Sale,Email,South,Mobile,Loyal
5157,2025-09-11,Winter Sale,YouTube,East,Desktop,Loyal
2660,2025-09-11,Black Friday,Email,Central,Mobile,New
6700,2025-09-11,Mega Clearance,LinkedIn,West,Mobile,Loyal
2197,2025-09-11,Diwali Bonanza,Facebook,South,Mobile,New
1422,2025-09-11,Summer Sale,LinkedIn,East,Tablet,Loyal
3476,2025-09-11,Weekend Special,YouTube,South,Mobile,Loyal
1467,2025-09-11,Mega Clearance,YouTube,East,Desktop,Loyal
4101,2025-09-11,Flash Sale,Instagram,Central,Tablet,New
3299,2025-09-11,Mega Clearance,Email,West,Desktop,Returning
8146,2025-09-11,New Year Blast,LinkedIn,East,Desktop,Returning
5805,2025-09-11,Weekend Special,LinkedIn,North,Tablet,Returning
9681,2025-09-11,Summer Sale,Instagram,South,Mobile,New
3253,2025-09-11,Festive Combo,LinkedIn,Central,Desktop,Loyal
5188,2025-09-11,Black Friday,Email,South,Tablet,Premium
91,2025-09-11,Flash Sale,Facebook,South,Tablet,New
8019,2025-09-11,Winter Sale,LinkedIn,North,Desktop,Returning
5099,2025-09-11,Diwali Bonanza,YouTube,West,Desktop,Premium
8560,2025-09-11,Weekend Special,Email,Central,Mobile,Loyal
8118,2025-09-11,Mega Clearance,Email,West,Tablet,Premium
3496,2025-09-11,Diwali Bonanza,Instagram,North,Tablet,New
7441,2025-09-11,Weekend Special,Instagram,East,Desktop,Loyal
1865,2025-09-11,Weekend Special,Email,North,Mobile,Loyal
8566,2025-09-11,Mega Clearance,Email,North,Desktop,Loyal
1253,2025-09-12,Diwali Bonanza,Facebook,Central,Tablet,New
3006,2025-09-12,Mega Clearance,Facebook,East,Mobile,Loyal
348,2025-09-12,Weekend Special,Instagram,East,Desktop,Returning
2643,2025-09-12,Black Friday,Email,South,Tablet,Premium
3035,2025-09-12,Mega Clearance,Facebook,Central,Tablet,Premium
5460,2025-09-12,Mega Clearance,YouTube,North,Tablet,New
6346,2025-09-12,Diwali Bonanza,Facebook,East,Tablet,Returning
9579,2025-09-12,Flash Sale,Google Search,North,Mobile,Premium
2284,2025-09-12,Flash Sale,Instagram,Central,Tablet,New
1215,2025-09-12,Diwali Bonanza,Facebook,North,Mobile,Premium
4063,2025-09-12,Diwali Bonanza,Email,West,Tablet,New
6674,2025-09-12,Summer Sale,Google Search,East,Desktop,Premium
7504,2025-09-12,Flash Sale,Instagram,Central,Mobile,Returning
5770,2025-09-12,Winter Sale,LinkedIn,West,Mobile,Returning
2827,2025-09-12,Flash Sale,LinkedIn,West,Mobile,New
2653,2025-09-12,New Year Blast,YouTube,North,Tablet,New
3714,2025-09-12,Back to School,Facebook,North,Mobile,Premium
9401,2025-09-12,Summer Sale,Email,North,Mobile,New
6915,2025-09-12,Diwali Bonanza,Facebook,South,Desktop,Returning
729,2025-09-12,Black Friday,Email,South,Desktop,Returning
3436,2025-09-12,Summer Sale,Facebook,North,Tablet,New
8257,2025-09-12,New Year Blast,Google Search,West,Tablet,Premium
1376,2025-09-12,Winter Sale,Facebook,Central,Mobile,Premium
190,2025-09-12,Mega Clearance,Facebook,South,Desktop,Premium
3767,2025-09-12,Black Friday,YouTube,South,Tablet,New
6912,2025-09-12,New Year Blast,Instagram,North,Tablet,Returning
5705,2025-09-12,Mega Clearance,LinkedIn,South,Mobile,Returning
6271,2025-09-13,Festive Combo,Google Search,East,Mobile,Returning
3169,2025-09-13,Black Friday,Email,South,Desktop,Returning
8368,2025-09-13,Festive Combo,Google Search,North,Desktop,New
5034,2025-09-13,Winter Sale,YouTube,South,Desktop,New
4302,2025-09-13,Back to School,Instagram,East,Mobile,Loyal
7225,2025-09-13,Flash Sale,LinkedIn,Central,Mobile,New
9622,2025-09-13,Back to School,Google Search,East,Tablet,Returning
6950,2025-09-13,Mega Clearance,YouTube,West,Desktop,New
5563,2025-09-13,New Year Blast,Instagram,West,Mobile,New
765,2025-09-13,Summer Sale,Email,North,Tablet,Loyal
6324,2025-09-13,Summer Sale,Email,Central,Mobile,Premium
4272,2025-09-13,Flash Sale,Instagram,South,Desktop,Loyal
8869,2025-09-13,Weekend Special,Google Search,North,Tablet,Premium
449,2025-09-13,Weekend Special,YouTube,East,Desktop,Loyal
9408,2025-09-13,Flash Sale,Instagram,East,Desktop,New
7207,2025-09-13,Flash Sale,Email,West,Desktop,Premium
1636,2025-09-13,Back to School,Instagram,South,Desktop,Loyal
6178,2025-09-13,Black Friday,Facebook,South,Tablet,Returning
1192,2025-09-13,Weekend Special,LinkedIn,North,Mobile,Premium
7250,2025-09-14,Back to School,Facebook,North,Mobile,Returning
4192,2025-09-14,Winter Sale,LinkedIn,East,Tablet,Premium
256,2025-09-14,Weekend Special,YouTube,East,Mobile,Loyal
4881,2025-09-14,Back to School,Instagram,Central,Desktop,Returning
7501,2025-09-14,Back to School,Facebook,Central,Tablet,Returning
5777,2025-09-14,Back to School,YouTube,West,Tablet,Loyal
6270,2025-09-14,Black Friday,LinkedIn,Central,Desktop,Returning
3962,2025-09-14,Mega Clearance,LinkedIn,South,Mobile,Loyal
4282,2025-09-14,Festive Combo,Google Search,East,Desktop,Premium
5703,2025-09-14,Winter Sale,Email,West,Mobile,New
7743,2025-09-14,Flash Sale,Google Search,West,Tablet,New
4848,2025-09-14,Flash Sale,Facebook,Central,Mobile,Loyal
2337,2025-09-14,Diwali Bonanza,YouTube,East,Mobile,Returning
6456,2025-09-14,Summer Sale,LinkedIn,South,Tablet,Loyal
9172,2025-09-14,Summer Sale,YouTube,Central,Desktop,Loyal
2317,2025-09-14,Winter Sale,Facebook,Central,Desktop,Loyal
1940,2025-09-14,Weekend Special,YouTube,Central,Tablet,Premium
4219,2025-09-14,Mega Clearance,LinkedIn,East,Mobile,Returning
9187,2025-09-14,Festive Combo,LinkedIn,East,Desktop,Premium
841,2025-09-14,Diwali Bonanza,LinkedIn,South,Mobile,New
7124,2025-09-14,Back to School,YouTube,South,Tablet,Loyal
5423,2025-09-14,Back to School,Facebook,East,Desktop,Premium
4157,2025-09-14,Weekend Special,Instagram,East,Desktop,Premium
3044,2025-09-14,Weekend Special,LinkedIn,Central,Mobile,Loyal
6402,2025-09-15,Summer Sale,LinkedIn,South,Tablet,Premium
9812,2025-09-15,Diwali Bonanza,Email,East,Tablet,Loyal
899,2025-09-15,Back to School,LinkedIn,South,Desktop,New
6494,2025-09-15,Weekend Special,Email,South,Mobile,Loyal
6531,2025-09-15,Flash Sale,Email,South,Desktop,Premium
5031,2025-09-15,New Year Blast,Facebook,West,Desktop,Returning
3617,2025-09-15,Diwali Bonanza,Email,Central,Desktop,Premium
7446,2025-09-15,Summer Sale,Google Search,East,Tablet,New
8472,2025-09-15,Summer Sale,LinkedIn,Central,Mobile,Loyal
1355,2025-09-15,Back to School,Facebook,Central,Desktop,Premium
1810,2025-09-15,New Year Blast,Instagram,West,Tablet,Returning
1447,2025-09-15,Summer Sale,Google Search,West,Mobile,Returning
5624,2025-09-15,New Year Blast,Facebook,Central,Tablet,New
291,2025-09-15,Weekend Special,LinkedIn,South,Mobile,Returning
9430,2025-09-15,Diwali Bonanza,YouTube,East,Mobile,Premium
717,2025-09-15,Mega Clearance,Instagram,South,Mobile,New
5457,2025-09-15,Diwali Bonanza,Facebook,North,Tablet,Loyal
5409,2025-09-15,Black Friday,YouTube,West,Desktop,Loyal
3339,2025-09-15,Diwali Bonanza,Instagram,Central,Mobile,New
4815,2025-09-15,Flash Sale,Instagram,East,Tablet,New
3543,2025-09-15,Back to School,Instagram,East,Desktop,New
3563,2025-09-15,Weekend Special,YouTube,East,Tablet,Loyal
9527,2025-09-15,Festive Combo,Facebook,North,Mobile,Returning
6864,2025-09-15,Winter Sale,Instagram,North,Desktop,New
8468,2025-09-16,Winter Sale,LinkedIn,Central,Tablet,Loyal
4659,2025-09-16,Festive Combo,Google Search,Central,Tablet,Returning
749,2025-09-16,Festive Combo,LinkedIn,South,Mobile,Loyal
1522,2025-09-16,Festive Combo,LinkedIn,West,Mobile,Premium
1500,2025-09-16,Winter Sale,YouTube,North,Desktop,Premium
3557,2025-09-16,New Year Blast,Email,North,Desktop,Premium
1995,2025-09-16,Winter Sale,YouTube,Central,Desktop,Premium
1233,2025-09-16,Summer Sale,LinkedIn,Central,Desktop,Loyal
9184,2025-09-16,Summer Sale,Instagram,South,Mobile,Returning
7036,2025-09-16,Winter Sale,Google Search,North,Desktop,New
791,2025-09-16,Diwali Bonanza,LinkedIn,Central,Tablet,Loyal
6325,2025-09-16,New Year Blast,Email,South,Tablet,Loyal
1361,2025-09-16,New Year Blast,LinkedIn,Central,Desktop,Returning
7182,2025-09-16,Diwali Bonanza,Instagram,West,Desktop,Returning
768,2025-09-16,Flash Sale,LinkedIn,Central,Tablet,Returning
2560,2025-09-16,Diwali Bonanza,LinkedIn,Central,Mobile,Returning
6162,2025-09-16,Festive Combo,LinkedIn,Central,Mobile,Premium
7276,2025-09-16,Winter Sale,Google Search,West,Desktop,Loyal
1313,2025-09-16,Mega Clearance,Google Search,North,Tablet,New
5509,2025-09-16,Diwali Bonanza,Google Search,North,Desktop,Returning
5426,2025-09-16,Festive Combo,YouTube,South,Desktop,New
9476,2025-09-16,Black Friday,Email,North,Mobile,Loyal
3628,2025-09-16,Mega Clearance,Instagram,Central,Tablet,Premium
8045,2025-09-17,Weekend Special,Google Search,Central,Tablet,Premium
8684,2025-09-17,Festive Combo,YouTube,South,Desktop,New
7433,2025-09-17,Mega Clearance,Facebook,West,Desktop,New
9765,2025-09-17,Black Friday,Facebook,South,Desktop,New
9238,2025-09-17,Back to School,Google Search,East,Tablet,Premium
8990,2025-09-17,New Year Blast,YouTube,West,Desktop,New
8572,2025-09-17,Back to School,LinkedIn,Central,Mobile,Returning
9951,2025-09-17,Diwali Bonanza,Facebook,North,Desktop,Premium
7502,2025-09-17,Weekend Special,Facebook,North,Tablet,New
7640,2025-09-17,Weekend Special,Google Search,East,Tablet,Returning
8938,2025-09-17,Mega Clearance,Email,West,Tablet,New
10000,2025-09-17,Mega Clearance,YouTube,Central,Tablet,New
3523,2025-09-17,Mega Clearance,Google Search,West,Mobile,Returning
1080,2025-09-17,Weekend Special,Instagram,North,Mobile,Premium
369,2025-09-17,Weekend Special,Email,West,Tablet,Premium
4641,2025-09-17,Diwali Bonanza,LinkedIn,West,Desktop,Returning
2601,2025-09-17,Weekend Special,Instagram,Central,Tablet,Returning
6012,2025-09-17,Back to School,LinkedIn,Central,Mobile,Loyal
3919,2025-09-17,Back to School,Google Search,Central,Desktop,Returning
3902,2025-09-17,Diwali Bonanza,Facebook,West,Mobile,Returning
883,2025-09-17,Winter Sale,Email,North,Tablet,Premium
285,2025-09-17,Weekend Special,YouTube,Central,Mobile,Premium
4242,2025-09-17,New Year Blast,Google Search,Central,Tablet,Premium
4756,2025-09-17,Black Friday,Google Search,East,Tablet,Loyal
56,2025-09-17,New Year Blast,Facebook,East,Mobile,Returning
7028,2025-09-17,Winter Sale,Facebook,West,Tablet,Returning
701,2025-09-17,New Year Blast,Facebook,Central,Mobile,Premium
1483,2025-09-17,Festive Combo,YouTube,North,Mobile,Premium
1698,2025-09-17,Winter Sale,LinkedIn,West,Desktop,Returning
6230,2025-09-17,Festive Combo,Instagram,North,Desktop,New
3292,2025-09-17,New Year Blast,YouTube,South,Desktop,Premium
2640,2025-09-17,Diwali Bonanza,LinkedIn,North,Tablet,New
2876,2025-09-17,Black Friday,Facebook,North,Mobile,Returning
5654,2025-09-17,Back to School,Instagram,North,Mobile,New
26,2025-09-17,Winter Sale,YouTube,East,Tablet,Returning
2615,2025-09-17,Festive Combo,Email,East,Mobile,Returning
7004,2025-09-18,Weekend Special,Google Search,East,Mobile,Loyal
3917,2025-09-18,Mega Clearance,Email,East,Mobile,Premium
5389,2025-09-18,Mega Clearance,Email,Central,Desktop,Loyal
6658,2025-09-18,Weekend Special,Google Search,North,Tablet,Returning
3806,2025-09-18,New Year Blast,YouTube,West,Mobile,Loyal
3008,2025-09-18,New Year Blast,Instagram,West,Desktop,Returning
6573,2025-09-18,Weekend Special,YouTube,Central,Tablet,Loyal
7815,2025-09-18,New Year Blast,Facebook,West,Tablet,Returning
2805,2025-09-18,Diwali Bonanza,LinkedIn,South,Mobile,New
5866,2025-09-18,New Year Blast,Email,North,Desktop,New
6926,2025-09-18,Summer Sale,Facebook,West,Desktop,Premium
4081,2025-09-18,Mega Clearance,LinkedIn,Central,Mobile,Returning
4088,2025-09-18,Black Friday,LinkedIn,West,Mobile,Loyal
8265,2025-09-18,Winter Sale,Google Search,South,Desktop,Returning
2658,2025-09-18,Back to School,YouTube,North,Mobile,New
9296,2025-09-18,Mega Clearance,Instagram,Central,Mobile,New
1614,2025-09-18,Flash Sale,YouTube,Central,Desktop,Loyal
9973,2025-09-18,Mega Clearance,Email,East,Desktop,Premium
3213,2025-09-18,Weekend Special,Facebook,West,Tablet,New
4138,2025-09-18,Festive Combo,Google Search,West,Desktop,Returning
1138,2025-09-18,Flash Sale,Email,West,Desktop,Premium
1866,2025-09-18,Flash Sale,Email,West,Desktop,Premium
1115,2025-09-18,Winter Sale,LinkedIn,North,Desktop,New
581,2025-09-19,Back to School,Google Search,West,Tablet,Returning
2316,2025-09-19,Festive Combo,LinkedIn,West,Desktop,Premium
8857,2025-09-19,Festive Combo,Instagram,Central,Mobile,Loyal
2792,2025-09-19,Summer Sale,YouTube,South,Desktop,New
3684,2025-09-19,New Year Blast,Facebook,North,Mobile,New
8497,2025-09-19,Back to School,LinkedIn,East,Tablet,Returning
6113,2025-09-19,Mega Clearance,Email,East,Tablet,Returning
7556,2025-09-19,Black Friday,LinkedIn,South,Mobile,Returning
8038,2025-09-19,New Year Blast,YouTube,Central,Mobile,New
7359,2025-09-19,Black Friday,YouTube,South,Mobile,Returning
2807,2025-09-19,Flash Sale,Facebook,South,Tablet,Premium
8812,2025-09-19,Festive Combo,LinkedIn,West,Mobile,Premium
2774,2025-09-19,Winter Sale,LinkedIn,South,Tablet,Premium
520,2025-09-19,Flash Sale,LinkedIn,Central,Mobile,Loyal
8867,2025-09-19,Flash Sale,Google Search,North,Desktop,Loyal
4216,2025-09-19,New Year Blast,Email,East,Desktop,Loyal
3161,2025-09-19,Black Friday,Instagram,East,Tablet,New
3949,2025-09-19,Mega Clearance,YouTube,North,Mobile,Loyal
728,2025-09-19,Mega Clearance,Google Search,East,Mobile,New
5943,2025-09-19,Festive Combo,Facebook,South,Mobile,New
4738,2025-09-19,Mega Clearance,LinkedIn,Central,Tablet,Returning
412,2025-09-19,Festive Combo,Google Search,West,Mobile,Loyal
8262,2025-09-19,New Year Blast,Instagram,East,Desktop,Loyal
7879,2025-09-19,Festive Combo,YouTube,North,Desktop,New
8211,2025-09-19,Summer Sale,YouTube,Central,Mobile,Returning
3482,2025-09-19,New Year Blast,Facebook,North,Desktop,New
7116,2025-09-19,New Year Blast,Instagram,West,Desktop,Loyal
8909,2025-09-19,Winter Sale,Instagram,South,Mobile,Loyal
3361,2025-09-19,Festive Combo,LinkedIn,Central,Mobile,New
7860,2025-09-19,Summer Sale,LinkedIn,North,Tablet,New
8056,2025-09-20,Summer Sale,Google Search,West,Desktop,Premium
8894,2025-09-20,Flash Sale,Instagram,East,Mobile,New
6620,2025-09-20,Black Friday,Google Search,South,Desktop,Premium
9164,2025-09-20,New Year Blast,Instagram,Central,Desktop,Loyal
6225,2025-09-20,Diwali Bonanza,Google Search,South,Mobile,Premium
9532,2025-09-20,Summer Sale,Facebook,North,Desktop,New
5117,2025-09-20,Winter Sale,Facebook,South,Tablet,Loyal
5596,2025-09-20,New Year Blast,Google Search,Central,Desktop,Loyal
2968,2025-09-20,Weekend Special,LinkedIn,North,Desktop,New
8170,2025-09-20,Mega Clearance,Google Search,Central,Tablet,New
9761,2025-09-20,Winter Sale,YouTube,Central,Mobile,Returning
9591,2025-09-20,Mega Clearance,YouTube,North,Desktop,Premium
688,2025-09-20,Summer Sale,YouTube,North,Desktop,Returning
5340,2025-09-20,Black Friday,Instagram,West,Mobile,Returning
1445,2025-09-20,Winter Sale,Email,West,Desktop,New
9803,2025-09-20,Black Friday,Instagram,South,Desktop,Premium
6262,2025-09-20,New Year Blast,Google Search,Central,Mobile,New
4110,2025-09-20,Black Friday,YouTube,South,Mobile,Loyal
9747,2025-09-20,Winter Sale,Facebook,South,Tablet,New
9828,2025-09-20,Diwali Bonanza,Email,South,Mobile,New
2507,2025-09-20,Winter Sale,Email,West,Tablet,Returning
3905,2025-09-20,Summer Sale,Facebook,East,Tablet,Loyal
9950,2025-09-20,Winter Sale,Facebook,South,Mobile,New
4044,2025-09-20,Mega Clearance,Google Search,East,Desktop,Loyal
2887,2025-09-20,Winter Sale,Email,South,Mobile,Loyal
7239,2025-09-20,Flash Sale,Facebook,Central,Tablet,Loyal
3350,2025-09-21,Diwali Bonanza,Instagram,East,Mobile,New
3277,2025-09-21,Diwali Bonanza,Email,East,Desktop,New
8798,2025-09-21,Flash Sale,Google Search,North,Mobile,Premium
842,2025-09-21,New Year Blast,Facebook,South,Mobile,Returning
5771,2025-09-21,Diwali Bonanza,Instagram,West,Mobile,New
5994,2025-09-21,Black Friday,Instagram,West,Desktop,New
832,2025-09-21,Diwali Bonanza,LinkedIn,South,Mobile,Returning
5372,2025-09-21,Winter Sale,YouTube,West,Mobile,Premium
9154,2025-09-21,Black Friday,Instagram,West,Tablet,Returning
8415,2025-09-21,New Year Blast,Facebook,Central,Mobile,New
6480,2025-09-21,New Year Blast,Instagram,West,Mobile,Premium
5198,2025-09-21,New Year Blast,Email,North,Tablet,Loyal
7514,2025-09-21,Black Friday,Facebook,South,Tablet,Premium
6521,2025-09-21,Diwali Bonanza,LinkedIn,East,Tablet,New
7769,2025-09-21,Winter Sale,LinkedIn,Central,Mobile,New
9580,2025-09-21,Black Friday,Facebook,East,Tablet,New
8214,2025-09-21,Festive Combo,YouTube,East,Mobile,Loyal
1739,2025-09-21,Flash Sale,YouTube,South,Mobile,Premium
3556,2025-09-21,Winter Sale,YouTube,West,Desktop,Loyal
6106,2025-09-21,Summer Sale,Facebook,East,Tablet,Loyal
3542,2025-09-21,Diwali Bonanza,Instagram,South,Mobile,Returning
5442,2025-09-21,Back to School,Facebook,West,Mobile,Premium
6918,2025-09-22,Winter Sale,LinkedIn,North,Tablet,Returning
3573,2025-09-22,Weekend Special,Google Search,Central,Tablet,Returning
1418,2025-09-22,Back to School,LinkedIn,South,Desktop,Loyal
8212,2025-09-22,Back to School,Google Search,South,Tablet,Premium
3159,2025-09-22,New Year Blast,Email,South,Desktop,Loyal
7976,2025-09-22,Winter Sale,LinkedIn,West,Mobile,Returning
1632,2025-09-22,Mega Clearance,Email,West,Tablet,Loyal
7957,2025-09-22,Diwali Bonanza,Instagram,East,Desktop,Returning
5355,2025-09-22,Flash Sale,LinkedIn,West,Tablet,Premium
7211,2025-09-22,New Year Blast,YouTube,South,Mobile,New
1046,2025-09-22,Summer Sale,Facebook,East,Desktop,Loyal
5716,2025-09-22,Weekend Special,Facebook,North,Mobile,Premium
4744,2025-09-22,New Year Blast,YouTube,East,Desktop,New
1994,2025-09-22,Diwali Bonanza,LinkedIn,South,Mobile,Returning
509,2025-09-22,Diwali Bonanza,Email,South,Desktop,Loyal
1394,2025-09-22,Diwali Bonanza,Email,West,Desktop,Loyal
4576,2025-09-22,Flash Sale,Google Search,East,Mobile,Loyal
9583,2025-09-22,Winter Sale,YouTube,North,Mobile,New
839,2025-09-22,New Year Blast,LinkedIn,South,Tablet,Loyal
5048,2025-09-22,Back to School,LinkedIn,East,Desktop,New
3427,2025-09-22,Winter Sale,YouTube,East,Desktop,New
5053,2025-09-22,Flash Sale,LinkedIn,Central,Desktop,New
1506,2025-09-22,Mega Clearance,Facebook,East,Desktop,New
2149,2025-09-22,New Year Blast,Google Search,North,Desktop,Returning
6105,2025-09-22,Weekend Special,Google Search,East,Desktop,New
4827,2025-09-22,Flash Sale,Google Search,South,Mobile,Returning
6896,2025-09-22,Summer Sale,LinkedIn,North,Desktop,Returning
835,2025-09-23,Back to School,LinkedIn,West,Desktop,New
9479,2025-09-23,Festive Combo,Google Search,East,Tablet,Returning
988,2025-09-23,Diwali Bonanza,Instagram,North,Desktop,Returning
9504,2025-09-23,Diwali Bonanza,Facebook,North,Tablet,New
159,2025-09-23,Festive Combo,Instagram,South,Tablet,Loyal
1045,2025-09-23,Weekend Special,LinkedIn,North,Tablet,Loyal
9952,2025-09-23,New Year Blast,YouTube,South,Desktop,New
553,2025-09-23,Festive Combo,Google Search,North,Tablet,Premium
9114,2025-09-23,New Year Blast,Google Search,South,Tablet,Returning
8681,2025-09-23,Flash Sale,Facebook,East,Tablet,Premium
1718,2025-09-23,Black Friday,LinkedIn,South,Desktop,Premium
3381,2025-09-23,Weekend Special,Email,Central,Desktop,Premium
6693,2025-09-23,Diwali Bonanza,YouTube,North,Tablet,Returning
2064,2025-09-23,Flash Sale,Google Search,North,Tablet,Returning
5684,2025-09-23,Festive Combo,Facebook,North,Desktop,Returning
5720,2025-09-23,Festive Combo,Facebook,Central,Desktop,Premium
9221,2025-09-23,Black Friday,LinkedIn,South,Mobile,Returning
3988,2025-09-23,Back to School,Facebook,West,Tablet,New
4429,2025-09-23,Back to School,Email,Central,Tablet,New
8939,2025-09-23,Festive Combo,Email,West,Mobile,New
7690,2025-09-23,Summer Sale,Instagram,North,Tablet,Loyal
2081,2025-09-23,Mega Clearance,LinkedIn,North,Desktop,New
3357,2025-09-23,Winter Sale,YouTube,West,Mobile,Returning
1615,2025-09-23,Festive Combo,Facebook,East,Tablet,Premium
5278,2025-09-23,Black Friday,Google Search,North,Tablet,New
9566,2025-09-23,Back to School,Facebook,North,Desktop,Premium
6257,2025-09-23,New Year Blast,LinkedIn,West,Desktop,Loyal
1646,2025-09-23,Summer Sale,Facebook,East,Desktop,Loyal
4469,2025-09-23,Winter Sale,LinkedIn,South,Desktop,Returning
1044,2025-09-24,Winter Sale,LinkedIn,West,Mobile,Returning
97,2025-09-24,Festive Combo,YouTube,South,Desktop,Loyal
5228,2025-09-24,Black Friday,Email,West,Tablet,New
9860,2025-09-24,Flash Sale,Email,South,Tablet,Premium
3401,2025-09-24,Winter Sale,Facebook,East,Mobile,New
7240,2025-09-24,Weekend Special,LinkedIn,Central,Mobile,Premium
9567,2025-09-24,Festive Combo,Email,North,Mobile,Premium
1497,2025-09-24,Weekend Special,Instagram,South,Mobile,Premium
1498,2025-09-24,Back to School,YouTube,South,Mobile,New
4091,2025-09-24,Winter Sale,LinkedIn,East,Desktop,New
5029,2025-09-24,Flash Sale,Facebook,North,Mobile,New
5118,2025-09-24,Winter Sale,Instagram,Central,Desktop,Loyal
2575,2025-09-24,New Year Blast,Email,North,Tablet,Loyal
1577,2025-09-24,Black Friday,Google Search,Central,Tablet,Loyal
5310,2025-09-24,Back to School,Email,North,Tablet,Loyal
5111,2025-09-24,Winter Sale,YouTube,North,Desktop,New
8189,2025-09-24,Winter Sale,LinkedIn,North,Mobile,Returning
7833,2025-09-24,Mega Clearance,Email,West,Mobile,Loyal
1319,2025-09-24,Diwali Bonanza,LinkedIn,East,Tablet,Premium
7455,2025-09-24,Weekend Special,Google Search,East,Desktop,Loyal
5536,2025-09-24,Black Friday,Email,East,Tablet,Loyal
2842,2025-09-24,Winter Sale,Email,North,Desktop,Returning
8901,2025-09-24,Flash Sale,Facebook,South,Tablet,New
4247,2025-09-25,Summer Sale,LinkedIn,South,Desktop,New
4405,2025-09-25,Back to School,LinkedIn,West,Mobile,Loyal
6276,2025-09-25,Flash Sale,Email,West,Desktop,Returning
6361,2025-09-25,Weekend Special,Instagram,Central,Mobile,Premium
2090,2025-09-25,New Year Blast,Email,Central,Tablet,Returning
1924,2025-09-25,Flash Sale,Facebook,South,Desktop,New
8682,2025-09-25,Festive Combo,YouTube,South,Tablet,Returning
9390,2025-09-25,New Year Blast,Email,North,Mobile,Returning
123,2025-09-25,New Year Blast,Email,Central,Desktop,Loyal
8120,2025-09-25,Mega Clearance,YouTube,Central,Tablet,New
5735,2025-09-25,New Year Blast,Facebook,Central,Mobile,Returning
1209,2025-09-25,Festive Combo,LinkedIn,South,Mobile,New
2047,2025-09-25,Weekend Special,Facebook,Central,Desktop,Loyal
2447,2025-09-25,New Year Blast,Google Search,South,Desktop,Premium
7675,2025-09-25,Winter Sale,LinkedIn,East,Mobile,Premium
680,2025-09-26,Mega Clearance,Google Search,South,Mobile,Returning
2882,2025-09-26,New Year Blast,Email,Central,Mobile,Premium
7711,2025-09-26,Diwali Bonanza,Facebook,Central,Tablet,Premium
432,2025-09-26,Back to School,YouTube,West,Desktop,Returning
7474,2025-09-26,Back to School,YouTube,East,Mobile,Loyal
8711,2025-09-26,Winter Sale,Google Search,North,Desktop,New
7631,2025-09-26,Mega Clearance,Facebook,East,Desktop,Premium
4507,2025-09-26,Diwali Bonanza,Google Search,Central,Desktop,Returning
4675,2025-09-26,Festive Combo,Instagram,Central,Desktop,Returning
5168,2025-09-26,Festive Combo,Google Search,Central,Tablet,Premium
4961,2025-09-26,Flash Sale,Facebook,North,Desktop,New
3696,2025-09-26,Winter Sale,Email,Central,Desktop,New
3710,2025-09-26,Winter Sale,Google Search,West,Desktop,Returning
306,2025-09-26,Back to School,Google Search,Central,Tablet,New
7926,2025-09-26,Festive Combo,Instagram,Central,Tablet,Premium
8000,2025-09-26,Black Friday,Facebook,East,Mobile,Premium
5512,2025-09-26,New Year Blast,Email,South,Desktop,Returning
8895,2025-09-26,Flash Sale,Google Search,Central,Tablet,Loyal
3844,2025-09-26,Mega Clearance,Email,Central,Desktop,Loyal
5004,2025-09-26,Diwali Bonanza,Google Search,North,Mobile,Premium
2956,2025-09-26,Festive Combo,YouTube,Central,Desktop,Loyal
8539,2025-09-26,Flash Sale,LinkedIn,East,Tablet,New
8883,2025-09-26,Back to School,Email,South,Tablet,Premium
2796,2025-09-26,Flash Sale,YouTube,West,Tablet,Returning
8685,2025-09-26,Summer Sale,Instagram,East,Tablet,Returning
2459,2025-09-26,Black Friday,YouTube,South,Desktop,New
3094,2025-09-26,New Year Blast,Facebook,West,Mobile,Premium
5402,2025-09-26,Back to School,YouTube,West,Desktop,Returning
997,2025-09-26,Summer Sale,Instagram,Central,Tablet,Returning
8466,2025-09-26,Flash Sale,Facebook,North,Mobile,Loyal
4691,2025-09-27,Summer Sale,Instagram,East,Mobile,Loyal
5883,2025-09-27,Flash Sale,Instagram,South,Tablet,Returning
9248,2025-09-27,Diwali Bonanza,Email,East,Mobile,Loyal
1616,2025-09-27,Festive Combo,YouTube,West,Desktop,Premium
3376,2025-09-27,Festive Combo,YouTube,North,Mobile,Loyal
2104,2025-09-27,Festive Combo,YouTube,East,Tablet,Premium
8486,2025-09-27,Weekend Special,LinkedIn,North,Desktop,New
9269,2025-09-27,Mega Clearance,Facebook,Central,Tablet,Returning
2085,2025-09-27,Diwali Bonanza,Instagram,East,Desktop,Loyal
7623,2025-09-27,Flash Sale,Google Search,North,Desktop,Loyal
1608,2025-09-27,Mega Clearance,LinkedIn,North,Mobile,Returning
8918,2025-09-27,Festive Combo,Instagram,East,Mobile,Returning
224,2025-09-27,Winter Sale,YouTube,North,Desktop,Loyal
2648,2025-09-27,Mega Clearance,Email,Central,Tablet,Loyal
7899,2025-09-27,Mega Clearance,LinkedIn,North,Desktop,Returning
2562,2025-09-27,Mega Clearance,Facebook,Central,Tablet,New
2174,2025-09-27,New Year Blast,Instagram,Central,Tablet,New
4800,2025-09-27,Weekend Special,LinkedIn,Central,Desktop,Returning
980,2025-09-27,Black Friday,Email,South,Tablet,Loyal
5110,2025-09-27,Mega Clearance,Email,South,Mobile,Loyal
8076,2025-09-27,Festive Combo,Google Search,East,Mobile,New
9986,2025-09-27,Black Friday,Email,South,Desktop,Loyal
1652,2025-09-27,Back to School,Email,West,Desktop,Loyal
3351,2025-09-27,Black Friday,Facebook,Central,Mobile,Returning
4374,2025-09-27,Weekend Special,Facebook,Central,Mobile,Premium
9098,2025-09-28,Black Friday,YouTube,East,Tablet,Loyal
566,2025-09-28,Summer Sale,Instagram,East,Mobile,Loyal
9092,2025-09-28,Summer Sale,YouTube,Central,Desktop,Loyal
1765,2025-09-28,New Year Blast,Instagram,South,Tablet,Loyal
6792,2025-09-28,Summer Sale,Instagram,Central,Desktop,Loyal
7811,2025-09-28,Flash Sale,YouTube,West,Desktop,New
3170,2025-09-28,Winter Sale,LinkedIn,East,Mobile,Returning
3025,2025-09-28,Mega Clearance,Email,Central,Mobile,Loyal
3778,2025-09-28,Winter Sale,LinkedIn,South,Mobile,Returning
1314,2025-09-28,Black Friday,YouTube,South,Desktop,Returning
8726,2025-09-28,Winter Sale,LinkedIn,North,Desktop,Returning
4470,2025-09-28,Diwali Bonanza,Email,West,Tablet,Returning
7127,2025-09-28,Diwali Bonanza,Email,Central,Tablet,Loyal
7974,2025-09-28,Back to School,Email,South,Mobile,Loyal
6856,2025-09-28,Back to School,Instagram,North,Mobile,Returning
7204,2025-09-28,New Year Blast,Google Search,East,Desktop,Loyal
4032,2025-09-28,New Year Blast,Google Search,West,Mobile,Premium
3842,2025-09-28,Diwali Bonanza,LinkedIn,West,Tablet,Returning
6607,2025-09-28,Mega Clearance,Facebook,East,Mobile,Premium
9848,2025-09-28,Flash Sale,LinkedIn,Central,Mobile,New
6649,2025-09-28,Weekend Special,YouTube,North,Desktop,Premium
7410,2025-09-28,New Year Blast,Facebook,West,Tablet,Loyal
420,2025-09-28,Diwali Bonanza,YouTube,South,Mobile,New
4099,2025-09-28,Mega Clearance,Facebook,Central,Desktop,Returning
8343,2025-09-28,Winter Sale,Instagram,Central,Desktop,Returning
6694,2025-09-28,New Year Blast,Instagram,West,Tablet,New
7435,2025-09-29,Weekend Special,Email,North,Tablet,Premium
8966,2025-09-29,Mega Clearance,Facebook,East,Tablet,Returning
1162,2025-09-29,Summer Sale,Google Search,Central,Tablet,Premium
3201,2025-09-29,Festive Combo,Instagram,North,Tablet,Returning
8274,2025-09-29,Summer Sale,Instagram,South,Desktop,Returning
715,2025-09-29,Black Friday,Google Search,North,Tablet,Returning
8434,2025-09-29,New Year Blast,Google Search,Central,Mobile,Premium
4285,2025-09-29,Summer Sale,Facebook,West,Desktop,New
965,2025-09-29,Diwali Bonanza,LinkedIn,East,Desktop,Premium
2319,2025-09-29,Winter Sale,Email,South,Mobile,Premium
4878,2025-09-29,Weekend Special,LinkedIn,West,Mobile,Loyal
8628,2025-09-29,Flash Sale,Email,West,Mobile,Loyal
2626,2025-09-29,Flash Sale,YouTube,South,Tablet,Returning
327,2025-09-29,Back to School,LinkedIn,East,Tablet,Premium
7663,2025-09-29,Flash Sale,Instagram,West,Mobile,Loyal
5908,2025-09-29,Weekend Special,Facebook,South,Mobile,Loyal
5991,2025-09-29,Mega Clearance,LinkedIn,North,Mobile,Premium
7079,2025-09-30,Back to School,LinkedIn,East,Tablet,New
2395,2025-09-30,Flash Sale,Facebook,South,Mobile,New
5447,2025-09-30,Winter Sale,YouTube,North,Mobile,Loyal
6945,2025-09-30,Mega Clearance,Facebook,Central,Desktop,Returning
3112,2025-09-30,Back to School,LinkedIn,South,Desktop,New
3948,2025-09-30,Black Friday,Google Search,East,Tablet,Loyal
7867,2025-09-30,Festive Combo,YouTube,West,Desktop,Returning
2563,2025-09-30,Back to School,Email,South,Tablet,Returning
7314,2025-09-30,New Year Blast,Email,Central,Tablet,Loyal
8967,2025-09-30,Summer Sale,Google Search,Central,Mobile,New
456,2025-09-30,Weekend Special,LinkedIn,North,Mobile,Premium
7857,2025-09-30,Festive Combo,Instagram,North,Mobile,New
2187,2025-10-01,Festive Combo,LinkedIn,Central,Tablet,Premium
8452,2025-10-01,Festive Combo,Email,Central,Tablet,Loyal
5700,2025-10-01,Summer Sale,LinkedIn,North,Mobile,Premium
7000,2025-10-01,Winter Sale,Instagram,Central,Tablet,Premium
9319,2025-10-01,Black Friday,YouTube,North,Tablet,Premium
714,2025-10-01,Black Friday,YouTube,East,Mobile,Premium
2387,2025-10-01,Back to School,Google Search,South,Desktop,Loyal
7532,2025-10-01,Winter Sale,Google Search,South,Desktop,Returning
4680,2025-10-01,Flash Sale,Google Search,Central,Mobile,Premium
3560,2025-10-01,Back to School,YouTube,North,Desktop,Returning
1749,2025-10-01,Festive Combo,Google Search,East,Mobile,New
3978,2025-10-01,Flash Sale,Facebook,Central,Desktop,New
9071,2025-10-01,Flash Sale,Email,West,Desktop,Loyal
7349,2025-10-01,Flash Sale,Facebook,East,Mobile,New
8395,2025-10-01,Black Friday,Facebook,West,Desktop,Premium
2374,2025-10-01,Winter Sale,Instagram,West,Tablet,New
810,2025-10-01,Black Friday,Facebook,West,Tablet,Premium
6352,2025-10-01,New Year Blast,Instagram,West,Tablet,New
7587,2025-10-02,Weekend Special,Google Search,South,Mobile,Premium
7977,2025-10-02,Flash Sale,LinkedIn,East,Tablet,Loyal
9116,2025-10-02,Black Friday,Facebook,East,Tablet,Premium
2267,2025-10-02,Black Friday,YouTube,North,Tablet,Premium
573,2025-10-02,Back to School,LinkedIn,Central,Tablet,New
865,2025-10-02,Flash Sale,Email,East,Tablet,Premium
6882,2025-10-02,Flash Sale,LinkedIn,North,Desktop,Loyal
3938,2025-10-02,Festive Combo,LinkedIn,East,Mobile,New
2540,2025-10-02,Festive Combo,Facebook,Central,Tablet,New
5492,2025-10-02,Summer Sale,Google Search,Central,Mobile,Returning
3400,2025-10-02,Summer Sale,YouTube,South,Desktop,Premium
7607,2025-10-02,Back to School,LinkedIn,East,Tablet,Returning
4023,2025-10-02,Weekend Special,YouTube,South,Tablet,Premium
206,2025-10-02,Winter Sale,LinkedIn,East,Tablet,Premium
9239,2025-10-02,Back to School,Facebook,West,Mobile,Returning
4230,2025-10-02,Summer Sale,LinkedIn,West,Desktop,New
457,2025-10-02,New Year Blast,Google Search,Central,Tablet,Loyal
1611,2025-10-02,New Year Blast,Facebook,East,Mobile,New
514,2025-10-02,Diwali Bonanza,Instagram,East,Mobile,Loyal
8413,2025-10-02,Black Friday,YouTube,East,Mobile,New
662,2025-10-02,Festive Combo,Email,South,Desktop,Premium
2638,2025-10-02,Black Friday,Instagram,North,Tablet,Returning
8802,2025-10-02,Winter Sale,Email,Central,Mobile,Premium
3059,2025-10-02,Flash Sale,Instagram,North,Mobile,New
2641,2025-10-03,Winter Sale,Instagram,East,Mobile,Premium
3027,2025-10-03,Festive Combo,Google Search,East,Desktop,New
5782,2025-10-03,Mega Clearance,Facebook,North,Desktop,Loyal
9749,2025-10-03,New Year Blast,LinkedIn,East,Desktop,New
9643,2025-10-03,Flash Sale,YouTube,West,Mobile,New
6619,2025-10-03,New Year Blast,LinkedIn,Central,Tablet,Premium
6967,2025-10-03,Summer Sale,Instagram,North,Mobile,Premium
1315,2025-10-03,Summer Sale,YouTube,North,Mobile,Loyal
8335,2025-10-03,Flash Sale,Email,North,Mobile,Premium
9396,2025-10-03,Black Friday,Email,West,Mobile,Returning
4763,2025-10-03,Black Friday,Email,West,Desktop,New
2505,2025-10-03,Festive Combo,Instagram,Central,Desktop,New
3141,2025-10-03,Black Friday,Facebook,South,Mobile,New
1780,2025-10-03,Diwali Bonanza,LinkedIn,North,Desktop,Loyal
6485,2025-10-03,Festive Combo,Email,South,Desktop,Returning
8831,2025-10-03,Festive Combo,Facebook,East,Desktop,New
7421,2025-10-03,Mega Clearance,YouTube,South,Mobile,Returning
813,2025-10-03,Weekend Special,Google Search,East,Mobile,Premium
801,2025-10-03,Flash Sale,YouTube,North,Tablet,Returning
2306,2025-10-03,Festive Combo,Instagram,North,Mobile,Loyal
5427,2025-10-03,Flash Sale,LinkedIn,East,Desktop,Loyal
8058,2025-10-03,Summer Sale,Google Search,Central,Mobile,Premium
5242,2025-10-03,Mega Clearance,YouTube,North,Tablet,Loyal
2218,2025-10-03,Black Friday,LinkedIn,Central,Tablet,Returning
9644,2025-10-03,Weekend Special,Google Search,West,Mobile,Returning
2211,2025-10-03,Winter Sale,Email,North,Tablet,Loyal
7599,2025-10-03,Weekend Special,Facebook,North,Desktop,New
5683,2025-10-04,Festive Combo,Email,Central,Desktop,Returning
9484,2025-10-04,Festive Combo,LinkedIn,South,Desktop,Returning
7905,2025-10-04,Festive Combo,Instagram,West,Tablet,Premium
1499,2025-10-04,Mega Clearance,Instagram,South,Desktop,Loyal
1337,2025-10-04,Weekend Special,Google Search,North,Desktop,New
4685,2025-10-04,Mega Clearance,YouTube,Central,Mobile,New
8057,2025-10-04,Summer Sale,Facebook,South,Desktop,Returning
1213,2025-10-04,Weekend Special,Facebook,West,Tablet,Returning
6000,2025-10-04,Weekend Special,YouTube,East,Mobile,Premium
9403,2025-10-04,Winter Sale,Google Search,North,Mobile,Returning
4927,2025-10-04,Summer Sale,Google Search,North,Desktop,New
1265,2025-10-04,Diwali Bonanza,Email,East,Mobile,New
2624,2025-10-04,Mega Clearance,Instagram,North,Tablet,New
7155,2025-10-04,Festive Combo,Facebook,North,Mobile,New
9047,2025-10-04,Back to School,LinkedIn,East,Desktop,New
3595,2025-10-04,Flash Sale,Email,Central,Tablet,New
6356,2025-10-04,Summer Sale,YouTube,West,Desktop,Premium
9167,2025-10-04,Summer Sale,LinkedIn,South,Mobile,New
3285,2025-10-04,Festive Combo,Google Search,East,Desktop,Returning
2201,2025-10-04,Summer Sale,Email,South,Desktop,New
9117,2025-10-04,Diwali Bonanza,YouTube,South,Desktop,Premium
112,2025-10-04,Summer Sale,Instagram,South,Tablet,New
221,2025-10-04,New Year Blast,Facebook,North,Tablet,New
9958,2025-10-04,Black Friday,YouTube,North,Mobile,Loyal
4154,2025-10-04,Flash Sale,YouTube,East,Tablet,Loyal
9213,2025-10-04,New Year Blast,Facebook,North,Tablet,Loyal
2840,2025-10-04,Diwali Bonanza,Email,South,Mobile,Loyal
9764,2025-10-04,Black Friday,YouTube,Central,Desktop,New
3467,2025-10-04,Diwali Bonanza,Google Search,North,Desktop,New
3955,2025-10-04,Back to School,Facebook,Central,Desktop,Returning
3647,2025-10-04,Back to School,Instagram,North,Mobile,Loyal
99,2025-10-04,Winter Sale,Facebook,South,Mobile,Loyal
8693,2025-10-04,Mega Clearance,Email,North,Mobile,Returning
3459,2025-10-04,Diwali Bonanza,Google Search,North,Desktop,New
6502,2025-10-04,Weekend Special,LinkedIn,East,Desktop,Loyal
4053,2025-10-04,Mega Clearance,LinkedIn,Central,Desktop,Premium
3297,2025-10-04,Diwali Bonanza,Google Search,Central,Desktop,Premium
184,2025-10-05,Summer Sale,Email,North,Mobile,Premium
2848,2025-10-05,Winter Sale,Facebook,North,Mobile,New
9542,2025-10-05,Black Friday,LinkedIn,North,Tablet,New
452,2025-10-05,Summer Sale,Email,North,Mobile,New
8128,2025-10-05,Back to School,LinkedIn,North,Mobile,Premium
6422,2025-10-05,Winter Sale,Instagram,Central,Mobile,Loyal
2278,2025-10-05,Mega Clearance,Facebook,North,Tablet,Loyal
6160,2025-10-05,Back to School,Facebook,West,Mobile,Loyal
1980,2025-10-05,Flash Sale,LinkedIn,East,Tablet,Loyal
9850,2025-10-05,Weekend Special,Facebook,West,Tablet,Loyal
3976,2025-10-05,New Year Blast,Instagram,West,Mobile,New
6441,2025-10-05,Winter Sale,Google Search,South,Tablet,Returning
6250,2025-10-05,Diwali Bonanza,YouTube,East,Tablet,Premium
1978,2025-10-05,Flash Sale,Email,East,Mobile,Returning
8407,2025-10-05,Flash Sale,YouTube,South,Desktop,New
416,2025-10-05,Summer Sale,Google Search,West,Mobile,Premium
1677,2025-10-05,Flash Sale,LinkedIn,North,Mobile,Returning
1930,2025-10-05,Winter Sale,Google Search,South,Tablet,New
628,2025-10-05,New Year Blast,Facebook,West,Mobile,New
9418,2025-10-05,New Year Blast,Email,West,Desktop,New
8426,2025-10-05,New Year Blast,Facebook,West,Desktop,New
5946,2025-10-06,Back to School,Facebook,South,Mobile,Loyal
5629,2025-10-06,Black Friday,Facebook,North,Tablet,Premium
4122,2025-10-06,Festive Combo,Google Search,Central,Tablet,Loyal
3238,2025-10-06,Diwali Bonanza,LinkedIn,East,Mobile,Loyal
1891,2025-10-06,New Year Blast,YouTube,Central,Mobile,New
4879,2025-10-06,Summer Sale,YouTube,North,Tablet,New
4939,2025-10-06,New Year Blast,Facebook,Central,Tablet,New
4721,2025-10-06,Weekend Special,Email,North,Desktop,Returning
7303,2025-10-06,Winter Sale,Facebook,Central,Tablet,New
9032,2025-10-06,Black Friday,Google Search,South,Mobile,New
3832,2025-10-06,Flash Sale,LinkedIn,West,Desktop,Loyal
6536,2025-10-06,Back to School,Facebook,North,Mobile,Returning
6264,2025-10-06,Winter Sale,YouTube,East,Tablet,Returning
5194,2025-10-06,Winter Sale,LinkedIn,West,Mobile,Returning
8270,2025-10-06,New Year Blast,LinkedIn,South,Tablet,Returning
7245,2025-10-06,Summer Sale,Google Search,West,Tablet,Returning
3188,2025-10-06,Summer Sale,Email,South,Mobile,New
1786,2025-10-06,Diwali Bonanza,LinkedIn,North,Mobile,Premium
498,2025-10-06,Summer Sale,Instagram,Central,Tablet,New
1629,2025-10-06,New Year Blast,Google Search,East,Desktop,Premium
3445,2025-10-06,Weekend Special,Google Search,Central,Tablet,Premium
3296,2025-10-06,Flash Sale,LinkedIn,West,Desktop,Returning
152,2025-10-06,Black Friday,YouTube,South,Desktop,Returning
4551,2025-10-06,Weekend Special,LinkedIn,East,Tablet,New
2172,2025-10-06,Black Friday,LinkedIn,East,Mobile,Loyal
6187,2025-10-06,Black Friday,Facebook,East,Desktop,New
7267,2025-10-07,Black Friday,Instagram,Central,Tablet,New
7224,2025-10-07,Festive Combo,Email,South,Tablet,Premium
3501,2025-10-07,Weekend Special,YouTube,North,Desktop,Loyal
4114,2025-10-07,Diwali Bonanza,LinkedIn,South,Desktop,Premium
9923,2025-10-07,Flash Sale,Instagram,East,Tablet,New
2293,2025-10-07,Festive Combo,Instagram,South,Desktop,Loyal
530,2025-10-07,Black Friday,LinkedIn,North,Tablet,Returning
3672,2025-10-07,Flash Sale,YouTube,West,Desktop,Premium
7195,2025-10-07,Back to School,YouTube,West,Mobile,New
9907,2025-10-07,Back to School,Facebook,South,Desktop,Premium
2103,2025-10-07,Diwali Bonanza,LinkedIn,West,Mobile,Returning
65,2025-10-07,Summer Sale,Instagram,Central,Tablet,Returning
7012,2025-10-07,Flash Sale,Facebook,West,Desktop,Premium
9008,2025-10-07,Black Friday,Facebook,Central,Mobile,Premium
2649,2025-10-07,Black Friday,Instagram,East,Mobile,Loyal
3639,2025-10-07,Flash Sale,Google Search,West,Desktop,Returning
6002,2025-10-07,New Year Blast,Facebook,Central,Desktop,Loyal
6448,2025-10-08,Summer Sale,Instagram,East,Mobile,Premium
4809,2025-10-08,Festive Combo,Google Search,North,Tablet,Loyal
7934,2025-10-08,Mega Clearance,Email,West,Desktop,Premium
4730,2025-10-08,Weekend Special,Google Search,South,Tablet,Loyal
6254,2025-10-08,Festive Combo,Facebook,West,Tablet,Returning
6120,2025-10-08,Winter Sale,YouTube,Central,Mobile,New
84,2025-10-08,Summer Sale,Instagram,East,Mobile,Loyal
6552,2025-10-08,Weekend Special,Instagram,South,Desktop,Loyal
4177,2025-10-08,Flash Sale,LinkedIn,East,Desktop,Returning
9382,2025-10-08,Black Friday,Google Search,West,Tablet,Returning
3641,2025-10-08,New Year Blast,Facebook,East,Mobile,Loyal
2844,2025-10-08,Flash Sale,Email,West,Mobile,Premium
2797,2025-10-08,Winter Sale,Facebook,West,Mobile,New
5064,2025-10-08,Festive Combo,Email,South,Mobile,Returning
4141,2025-10-08,Winter Sale,LinkedIn,North,Desktop,Premium
760,2025-10-08,Weekend Special,Instagram,North,Mobile,Returning
2699,2025-10-08,Flash Sale,Instagram,East,Mobile,Loyal
1002,2025-10-08,Flash Sale,Instagram,North,Desktop,Loyal
8837,2025-10-08,Back to School,LinkedIn,Central,Tablet,New
9011,2025-10-08,Festive Combo,Email,South,Tablet,New
936,2025-10-08,Back to School,Facebook,West,Tablet,Loyal
725,2025-10-08,New Year Blast,LinkedIn,South,Mobile,New
5438,2025-10-08,Summer Sale,YouTube,North,Mobile,New
5622,2025-10-09,Weekend Special,LinkedIn,East,Desktop,New
333,2025-10-09,Weekend Special,Instagram,East,Mobile,Returning
952,2025-10-09,Weekend Special,Google Search,East,Desktop,Premium
5678,2025-10-09,Weekend Special,YouTube,West,Tablet,Loyal
3694,2025-10-09,Summer Sale,Facebook,South,Desktop,Returning
6817,2025-10-09,Festive Combo,Instagram,West,Tablet,New
5138,2025-10-09,Black Friday,Email,East,Tablet,New
4788,2025-10-09,Flash Sale,Facebook,West,Mobile,Loyal
363,2025-10-09,New Year Blast,Email,Central,Mobile,Returning
9868,2025-10-09,New Year Blast,LinkedIn,Central,Mobile,New
8086,2025-10-09,New Year Blast,LinkedIn,East,Desktop,Returning
1907,2025-10-09,Festive Combo,Email,Central,Desktop,Returning
9337,2025-10-09,Back to School,Google Search,West,Desktop,New
2909,2025-10-09,Flash Sale,Google Search,North,Mobile,Premium
4725,2025-10-09,Black Friday,Email,East,Tablet,Loyal
9692,2025-10-09,Mega Clearance,LinkedIn,Central,Desktop,Loyal
751,2025-10-09,Flash Sale,LinkedIn,South,Mobile,Loyal
5948,2025-10-09,New Year Blast,Facebook,Central,Desktop,Premium
8104,2025-10-09,Diwali Bonanza,Facebook,North,Mobile,New
8946,2025-10-09,Festive Combo,Instagram,North,Desktop,Premium
6687,2025-10-10,Black Friday,Email,North,Mobile,New
8677,2025-10-10,Summer Sale,LinkedIn,South,Mobile,Premium
782,2025-10-10,Summer Sale,Google Search,East,Mobile,Loyal
4382,2025-10-10,Flash Sale,Facebook,Central,Desktop,Returning
8477,2025-10-10,Mega Clearance,Google Search,East,Tablet,Returning
3502,2025-10-10,Diwali Bonanza,Google Search,East,Mobile,Loyal
6968,2025-10-10,Flash Sale,LinkedIn,West,Mobile,Loyal
4258,2025-10-10,Back to School,LinkedIn,East,Desktop,Loyal
176,2025-10-10,Weekend Special,LinkedIn,West,Desktop,Returning
6907,2025-10-10,New Year Blast,YouTube,East,Desktop,Returning
2159,2025-10-10,Festive Combo,Facebook,East,Tablet,New
969,2025-10-10,Diwali Bonanza,Email,East,Desktop,Loyal
8314,2025-10-10,Summer Sale,Google Search,West,Tablet,Premium
169,2025-10-10,Flash Sale,Google Search,South,Mobile,Loyal
2163,2025-10-10,Festive Combo,Google Search,West,Desktop,Returning
3163,2025-10-10,Summer Sale,YouTube,West,Mobile,Loyal
7377,2025-10-10,Flash Sale,Email,West,Desktop,New
6894,2025-10-10,Diwali Bonanza,Email,Central,Mobile,Loyal
340,2025-10-10,Mega Clearance,Facebook,South,Desktop,New
828,2025-10-10,New Year Blast,Email,Central,Desktop,Returning
9,2025-10-10,New Year Blast,YouTube,Central,Desktop,Returning
7560,2025-10-10,Back to School,Google Search,South,Mobile,New
2431,2025-10-10,Weekend Special,Facebook,South,Desktop,Premium
2834,2025-10-10,Weekend Special,Facebook,East,Tablet,Premium
6942,2025-10-11,Festive Combo,LinkedIn,West,Desktop,Loyal
1466,2025-10-11,Winter Sale,Instagram,West,Desktop,New
1542,2025-10-11,Mega Clearance,YouTube,North,Mobile,Returning
8731,2025-10-11,Mega Clearance,Google Search,North,Tablet,Premium
2461,2025-10-11,Weekend Special,YouTube,Central,Mobile,New
5285,2025-10-11,Mega Clearance,Email,North,Mobile,Loyal
4563,2025-10-11,Back to School,Email,North,Desktop,Returning
4987,2025-10-11,Winter Sale,YouTube,East,Desktop,New
6398,2025-10-11,Black Friday,LinkedIn,Central,Desktop,Loyal
8173,2025-10-11,Diwali Bonanza,Facebook,South,Mobile,New
447,2025-10-11,Mega Clearance,Email,West,Desktop,Returning
3998,2025-10-11,Back to School,LinkedIn,South,Mobile,Returning
8137,2025-10-11,Diwali Bonanza,Instagram,North,Mobile,Loyal
23,2025-10-11,Summer Sale,YouTube,North,Tablet,Premium
219,2025-10-11,Black Friday,Email,South,Mobile,Premium
8388,2025-10-11,New Year Blast,Facebook,Central,Desktop,Premium
1204,2025-10-11,Diwali Bonanza,LinkedIn,South,Tablet,New
7201,2025-10-11,New Year Blast,LinkedIn,North,Mobile,Premium
5323,2025-10-11,New Year Blast,Facebook,North,Mobile,Premium
4893,2025-10-11,Winter Sale,Google Search,West,Desktop,New
4428,2025-10-11,Winter Sale,Instagram,East,Tablet,New
8108,2025-10-11,Winter Sale,Email,North,Mobile,Premium
1996,2025-10-11,Diwali Bonanza,Instagram,South,Mobile,New
2177,2025-10-11,Black Friday,Google Search,East,Tablet,Returning
5209,2025-10-11,Diwali Bonanza,YouTube,South,Mobile,Returning
8789,2025-10-11,Winter Sale,LinkedIn,South,Tablet,Returning
7466,2025-10-11,New Year Blast,Email,West,Tablet,Loyal
7542,2025-10-11,Mega Clearance,Instagram,North,Mobile,New
82,2025-10-11,Diwali Bonanza,Facebook,West,Tablet,Loyal
1659,2025-10-11,Winter Sale,Instagram,North,Mobile,Premium
8653,2025-10-11,Diwali Bonanza,Instagram,North,Desktop,Loyal
5479,2025-10-12,Flash Sale,Google Search,East,Desktop,Premium
6377,2025-10-12,Mega Clearance,Instagram,East,Tablet,Premium
5094,2025-10-12,Black Friday,Facebook,East,Desktop,Returning
2988,2025-10-12,Black Friday,Facebook,South,Desktop,Returning
9398,2025-10-12,Flash Sale,LinkedIn,East,Desktop,Loyal
2785,2025-10-12,Diwali Bonanza,Email,West,Desktop,New
5489,2025-10-12,New Year Blast,Email,Central,Desktop,Loyal
1086,2025-10-12,Weekend Special,Google Search,South,Tablet,Premium
7499,2025-10-12,Summer Sale,LinkedIn,North,Mobile,Loyal
128,2025-10-12,Summer Sale,Email,South,Mobile,Returning
9101,2025-10-12,New Year Blast,Instagram,East,Tablet,Returning
9135,2025-10-12,Festive Combo,Facebook,Central,Mobile,Returning
6446,2025-10-12,Weekend Special,YouTube,Central,Mobile,New
7050,2025-10-12,Festive Combo,Facebook,North,Tablet,Premium
7078,2025-10-12,Weekend Special,YouTube,West,Tablet,Premium
2038,2025-10-12,Back to School,LinkedIn,Central,Mobile,Loyal
3256,2025-10-12,Winter Sale,YouTube,West,Tablet,Loyal
6790,2025-10-12,Winter Sale,YouTube,West,Mobile,New
522,2025-10-12,Diwali Bonanza,LinkedIn,East,Mobile,Returning
6081,2025-10-12,Summer Sale,Email,West,Mobile,New
431,2025-10-12,Festive Combo,Google Search,East,Tablet,Loyal
8841,2025-10-12,Weekend Special,Facebook,West,Mobile,Loyal
7002,2025-10-12,Back to School,Email,South,Desktop,New
3124,2025-10-12,Diwali Bonanza,Google Search,North,Tablet,New
7767,2025-10-12,Mega Clearance,YouTube,East,Mobile,Loyal
1545,2025-10-12,Festive Combo,Google Search,North,Desktop,Premium
4024,2025-10-12,Back to School,YouTube,East,Tablet,Premium
3345,2025-10-12,Diwali Bonanza,YouTube,North,Desktop,Premium
3550,2025-10-12,Weekend Special,LinkedIn,South,Mobile,Loyal
3413,2025-10-13,Festive Combo,Instagram,North,Mobile,New
4211,2025-10-13,Flash Sale,Google Search,West,Desktop,Returning
8714,2025-10-13,Weekend Special,Instagram,East,Desktop,Returning
8162,2025-10-13,Mega Clearance,YouTube,West,Desktop,New
6903,2025-10-13,Weekend Special,Instagram,Central,Desktop,Loyal
1235,2025-10-13,Summer Sale,YouTube,West,Mobile,Returning
2634,2025-10-13,Summer Sale,YouTube,East,Mobile,Returning
2249,2025-10-13,Summer Sale,YouTube,North,Mobile,Returning
8852,2025-10-13,Winter Sale,Instagram,East,Mobile,Returning
2878,2025-10-13,New Year Blast,LinkedIn,North,Tablet,Returning
3288,2025-10-13,Mega Clearance,Email,East,Mobile,Loyal
4477,2025-10-13,Summer Sale,Email,South,Mobile,Returning
1320,2025-10-13,Summer Sale,Google Search,East,Desktop,New
9432,2025-10-13,Back to School,Instagram,North,Tablet,Premium
8026,2025-10-13,Summer Sale,Instagram,Central,Tablet,Loyal
9168,2025-10-13,Summer Sale,Instagram,West,Mobile,New
3764,2025-10-13,New Year Blast,Instagram,South,Mobile,Premium
205,2025-10-13,Back to School,Google Search,West,Mobile,Premium
8475,2025-10-13,Summer Sale,Email,South,Desktop,New
3792,2025-10-13,Weekend Special,YouTube,South,Tablet,New
9189,2025-10-13,Back to School,LinkedIn,Central,Desktop,New
4150,2025-10-13,Summer Sale,YouTube,South,Desktop,Premium
4636,2025-10-13,Back to School,Google Search,South,Desktop,New
1398,2025-10-13,Mega Clearance,YouTube,South,Mobile,Loyal
2682,2025-10-13,Diwali Bonanza,Facebook,Central,Desktop,New
5526,2025-10-13,Black Friday,Google Search,West,Desktop,Premium
4039,2025-10-13,Winter Sale,Instagram,South,Desktop,Loyal
3231,2025-10-13,Festive Combo,Facebook,West,Tablet,New
6679,2025-10-14,Mega Clearance,Instagram,North,Desktop,New
3535,2025-10-14,Diwali Bonanza,Facebook,North,Mobile,Premium
6682,2025-10-14,Back to School,Facebook,North,Tablet,Loyal
6245,2025-10-14,Flash Sale,Facebook,South,Mobile,Returning
8700,2025-10-14,Flash Sale,Google Search,West,Tablet,Returning
4759,2025-10-14,Black Friday,YouTube,North,Mobile,New
3472,2025-10-14,Weekend Special,Facebook,West,Tablet,Loyal
6585,2025-10-14,New Year Blast,YouTube,Central,Tablet,Loyal
8949,2025-10-14,Summer Sale,Facebook,East,Desktop,New
1514,2025-10-14,Back to School,Google Search,Central,Desktop,New
8412,2025-10-14,Festive Combo,Facebook,Central,Desktop,New
4196,2025-10-14,Diwali Bonanza,Email,East,Mobile,New
5105,2025-10-14,Back to School,Instagram,South,Mobile,Loyal
5483,2025-10-14,Diwali Bonanza,YouTube,Central,Desktop,Premium
4253,2025-10-14,Winter Sale,Google Search,South,Desktop,New
7975,2025-10-14,New Year Blast,YouTube,Central,Mobile,Loyal
1861,2025-10-14,Back to School,Instagram,West,Tablet,New
482,2025-10-14,Black Friday,Email,Central,Mobile,Loyal
8544,2025-10-14,New Year Blast,Instagram,South,Tablet,Returning
7288,2025-10-14,Black Friday,Google Search,West,Desktop,Premium
7651,2025-10-15,Back to School,YouTube,Central,Mobile,Returning
7244,2025-10-15,Weekend Special,Facebook,South,Mobile,Returning
8198,2025-10-15,Festive Combo,Email,South,Desktop,Returning
2310,2025-10-15,Weekend Special,YouTube,South,Mobile,Returning
1526,2025-10-15,Winter Sale,YouTube,Central,Mobile,Returning
64,2025-10-15,Summer Sale,Google Search,North,Tablet,Returning
3359,2025-10-15,New Year Blast,LinkedIn,South,Desktop,Returning
7804,2025-10-15,Summer Sale,Facebook,South,Tablet,New
4,2025-10-15,Black Friday,YouTube,Central,Desktop,Returning
4451,2025-10-15,Diwali Bonanza,LinkedIn,East,Mobile,Returning
4772,2025-10-15,Black Friday,YouTube,West,Desktop,Premium
329,2025-10-15,Winter Sale,Instagram,East,Tablet,Loyal
2029,2025-10-15,New Year Blast,YouTube,Central,Tablet,New
9246,2025-10-15,Black Friday,Facebook,East,Desktop,Premium
9883,2025-10-15,Diwali Bonanza,YouTube,Central,Desktop,Loyal
435,2025-10-15,Flash Sale,LinkedIn,Central,Tablet,Returning
2415,2025-10-15,Back to School,Google Search,South,Tablet,Premium
7509,2025-10-15,New Year Blast,Email,East,Mobile,Premium
9163,2025-10-15,Mega Clearance,Google Search,West,Tablet,Returning
5146,2025-10-15,Festive Combo,Instagram,West,Mobile,Returning
794,2025-10-15,Summer Sale,Google Search,East,Desktop,Returning
9902,2025-10-15,Summer Sale,Facebook,Central,Tablet,Premium
5608,2025-10-15,Summer Sale,YouTube,East,Mobile,Loyal
1245,2025-10-15,Black Friday,Facebook,East,Mobile,New
1481,2025-10-15,Summer Sale,Email,North,Mobile,New
5707,2025-10-15,Diwali Bonanza,Email,East,Mobile,Returning
9014,2025-10-15,Mega Clearance,Email,West,Desktop,Premium
8060,2025-10-16,Festive Combo,Email,North,Desktop,Loyal
4135,2025-10-16,Summer Sale,Google Search,West,Mobile,Loyal
1425,2025-10-16,Mega Clearance,Facebook,Central,Mobile,Returning
4276,2025-10-16,Festive Combo,Email,North,Desktop,Premium
8379,2025-10-16,Weekend Special,Google Search,East,Mobile,New
3160,2025-10-16,Winter Sale,Facebook,West,Mobile,Premium
3230,2025-10-16,Weekend Special,Google Search,West,Tablet,New
1933,2025-10-16,Festive Combo,Google Search,North,Desktop,New
2355,2025-10-16,Flash Sale,YouTube,Central,Mobile,Premium
2233,2025-10-16,Weekend Special,Email,Central,Tablet,Loyal
3687,2025-10-16,Weekend Special,Email,West,Desktop,Returning
8533,2025-10-16,Diwali Bonanza,Google Search,East,Tablet,New
7979,2025-10-16,Back to School,LinkedIn,South,Tablet,Premium
4500,2025-10-16,Mega Clearance,Facebook,North,Desktop,Loyal
9215,2025-10-16,Summer Sale,YouTube,North,Desktop,Returning
4322,2025-10-16,Summer Sale,YouTube,West,Desktop,Premium
2301,2025-10-16,Diwali Bonanza,Facebook,East,Tablet,Returning
9777,2025-10-16,Weekend Special,Google Search,West,Tablet,Returning
6384,2025-10-16,Black Friday,Email,North,Desktop,Loyal
7554,2025-10-16,Mega Clearance,LinkedIn,Central,Mobile,Loyal
346,2025-10-16,Summer Sale,Google Search,North,Mobile,Premium
143,2025-10-16,New Year Blast,Google Search,South,Mobile,Loyal
446,2025-10-16,Black Friday,YouTube,South,Mobile,Premium
5485,2025-10-16,Summer Sale,Instagram,South,Desktop,Loyal
6795,2025-10-16,Back to School,LinkedIn,Central,Desktop,Premium
115,2025-10-16,Black Friday,LinkedIn,East,Desktop,Returning
500,2025-10-16,Flash Sale,Instagram,West,Mobile,New
6031,2025-10-16,New Year Blast,LinkedIn,West,Mobile,Returning
6433,2025-10-16,New Year Blast,Google Search,North,Mobile,Loyal
7212,2025-10-16,Diwali Bonanza,Facebook,South,Desktop,New
7114,2025-10-16,Summer Sale,Google Search,West,Tablet,New
2831,2025-10-16,Flash Sale,Email,West,Mobile,New
9614,2025-10-16,Festive Combo,LinkedIn,Central,Tablet,Loyal
5986,2025-10-16,Flash Sale,LinkedIn,East,Desktop,Loyal
8353,2025-10-17,Diwali Bonanza,LinkedIn,South,Mobile,Returning
3221,2025-10-17,Mega Clearance,YouTube,North,Desktop,Premium
2341,2025-10-17,Festive Combo,Google Search,North,Mobile,Returning
4159,2025-10-17,Winter Sale,Email,North,Desktop,Premium
4003,2025-10-17,Black Friday,LinkedIn,Central,Tablet,Premium
1864,2025-10-17,Summer Sale,YouTube,South,Tablet,Loyal
5135,2025-10-17,Weekend Special,Google Search,South,Desktop,Premium
528,2025-10-17,Festive Combo,Email,Central,Mobile,New
4334,2025-10-17,Diwali Bonanza,Email,North,Mobile,Returning
4473,2025-10-17,Diwali Bonanza,YouTube,West,Tablet,Premium
7797,2025-10-17,Weekend Special,Email,North,Tablet,Returning
2418,2025-10-17,Flash Sale,LinkedIn,North,Desktop,Loyal
821,2025-10-17,Mega Clearance,Instagram,East,Desktop,Returning
4850,2025-10-17,Festive Combo,Email,South,Tablet,New
7742,2025-10-17,New Year Blast,Facebook,East,Mobile,Returning
1365,2025-10-17,Summer Sale,Email,South,Desktop,Loyal
5631,2025-10-17,Mega Clearance,Google Search,South,Desktop,Loyal
1290,2025-10-17,Flash Sale,Instagram,West,Tablet,New
1056,2025-10-17,Diwali Bonanza,Facebook,South,Mobile,New
2530,2025-10-17,Summer Sale,Facebook,Central,Mobile,Returning
3819,2025-10-17,Weekend Special,LinkedIn,South,Mobile,Returning
197,2025-10-17,Summer Sale,Email,West,Desktop,Returning
3646,2025-10-17,Diwali Bonanza,YouTube,North,Tablet,New
6861,2025-10-17,Summer Sale,YouTube,East,Mobile,Premium
9505,2025-10-17,Back to School,Google Search,West,Mobile,New
7307,2025-10-17,Flash Sale,YouTube,North,Mobile,Loyal
9160,2025-10-17,Back to School,YouTube,South,Tablet,New
3507,2025-10-18,New Year Blast,YouTube,North,Desktop,Premium
9091,2025-10-18,Black Friday,LinkedIn,South,Desktop,Loyal
469,2025-10-18,Flash Sale,YouTube,Central,Desktop,Loyal
8515,2025-10-18,Winter Sale,Google Search,North,Tablet,New
9271,2025-10-18,Winter Sale,YouTube,South,Desktop,Returning
9602,2025-10-18,Weekend Special,Google Search,South,Mobile,Returning
5811,2025-10-18,Festive Combo,LinkedIn,West,Mobile,Loyal
7011,2025-10-18,Weekend Special,Email,South,Desktop,Premium
6273,2025-10-18,Back to School,YouTube,West,Desktop,New
2027,2025-10-18,Back to School,Facebook,Central,Mobile,Loyal
3571,2025-10-18,Winter Sale,Facebook,North,Tablet,Loyal
7660,2025-10-18,Winter Sale,YouTube,North,Desktop,New
627,2025-10-18,Mega Clearance,Facebook,Central,Mobile,Loyal
638,2025-10-18,Summer Sale,Facebook,Central,Desktop,Returning
4605,2025-10-18,New Year Blast,Google Search,West,Desktop,Premium
2446,2025-10-18,New Year Blast,Email,North,Mobile,Returning
8446,2025-10-18,Black Friday,LinkedIn,West,Tablet,Premium
5026,2025-10-18,New Year Blast,Instagram,North,Tablet,Loyal
2819,2025-10-18,Diwali Bonanza,Google Search,North,Desktop,Returning
8441,2025-10-18,Diwali Bonanza,YouTube,East,Mobile,Returning
5014,2025-10-18,Flash Sale,Instagram,West,Tablet,Premium
6641,2025-10-18,Black Friday,Google Search,East,Desktop,Premium
325,2025-10-18,Summer Sale,Email,South,Tablet,Loyal
7431,2025-10-18,Back to School,LinkedIn,South,Desktop,Returning
2813,2025-10-18,New Year Blast,Facebook,Central,Mobile,Premium
3861,2025-10-18,Summer Sale,Google Search,South,Tablet,Premium
3732,2025-10-18,Flash Sale,Instagram,North,Desktop,Loyal
8370,2025-10-18,Festive Combo,YouTube,East,Desktop,Loyal
7971,2025-10-19,Weekend Special,Facebook,North,Desktop,Returning
4584,2025-10-19,Festive Combo,YouTube,Central,Desktop,Returning
742,2025-10-19,Festive Combo,Facebook,Central,Desktop,Premium
7026,2025-10-19,Flash Sale,YouTube,East,Desktop,Premium
1566,2025-10-19,Black Friday,Email,East,Mobile,New
4521,2025-10-19,Weekend Special,Google Search,East,Desktop,Returning
2698,2025-10-19,Black Friday,YouTube,Central,Desktop,Loyal
3875,2025-10-19,New Year Blast,LinkedIn,Central,Mobile,Returning
9625,2025-10-19,Black Friday,Facebook,South,Mobile,New
7181,2025-10-19,Summer Sale,LinkedIn,South,Desktop,Premium
1431,2025-10-19,Diwali Bonanza,Facebook,North,Tablet,Premium
7345,2025-10-19,Diwali Bonanza,YouTube,South,Mobile,Premium
8630,2025-10-19,Festive Combo,Google Search,East,Desktop,Loyal
9469,2025-10-19,Black Friday,YouTube,West,Desktop,Premium
1563,2025-10-19,Weekend Special,LinkedIn,South,Tablet,Returning
567,2025-10-19,Flash Sale,Instagram,Central,Tablet,Returning
7841,2025-10-19,Winter Sale,YouTube,West,Tablet,Returning
8719,2025-10-19,Festive Combo,Instagram,West,Tablet,Premium
9774,2025-10-19,Mega Clearance,YouTube,East,Desktop,New
6847,2025-10-19,New Year Blast,Google Search,West,Mobile,Loyal
8234,2025-10-19,Mega Clearance,LinkedIn,Central,Tablet,Premium
146,2025-10-19,Mega Clearance,Google Search,Central,Tablet,New
9312,2025-10-19,Flash Sale,Instagram,West,Mobile,Returning
3228,2025-10-19,Mega Clearance,Facebook,South,Mobile,New
9169,2025-10-19,Festive Combo,Instagram,South,Tablet,Premium
5132,2025-10-19,Black Friday,LinkedIn,West,Mobile,Loyal
4102,2025-10-19,Diwali Bonanza,Facebook,Central,Tablet,Premium
2671,2025-10-19,New Year Blast,Google Search,North,Desktop,Returning
3700,2025-10-19,Festive Combo,YouTube,West,Mobile,New
8818,2025-10-20,Summer Sale,Instagram,West,Desktop,Premium
2242,2025-10-20,Flash Sale,YouTube,West,Tablet,Returning
9908,2025-10-20,Mega Clearance,YouTube,Central,Tablet,New
8296,2025-10-20,Back to School,YouTube,Central,Tablet,Loyal
3360,2025-10-20,Summer Sale,Instagram,South,Tablet,New
9728,2025-10-20,Back to School,Instagram,South,Desktop,Loyal
3466,2025-10-20,Festive Combo,Email,East,Desktop,New
3522,2025-10-20,Festive Combo,Instagram,East,Mobile,Returning
6726,2025-10-20,Weekend Special,Instagram,North,Desktop,Loyal
587,2025-10-20,Back to School,Google Search,Central,Tablet,New
3602,2025-10-20,Back to School,Facebook,North,Desktop,Premium
8165,2025-10-20,Diwali Bonanza,Email,North,Tablet,Premium
4524,2025-10-20,Back to School,LinkedIn,South,Tablet,Premium
3817,2025-10-20,Black Friday,YouTube,West,Tablet,Loyal
2329,2025-10-20,Summer Sale,YouTube,West,Tablet,Loyal
3399,2025-10-20,Black Friday,LinkedIn,West,Desktop,Returning
7473,2025-10-20,Weekend Special,LinkedIn,South,Desktop,New
1180,2025-10-20,New Year Blast,LinkedIn,North,Desktop,Returning
5141,2025-10-20,Winter Sale,Facebook,Central,Desktop,Loyal
5562,2025-10-20,Back to School,Google Search,Central,Tablet,Returning
5405,2025-10-20,Winter Sale,Google Search,North,Tablet,Returning
3446,2025-10-21,Summer Sale,Instagram,South,Tablet,New
3222,2025-10-21,Diwali Bonanza,Google Search,West,Desktop,Returning
4074,2025-10-21,Festive Combo,Instagram,South,Tablet,Premium
8316,2025-10-21,New Year Blast,LinkedIn,East,Mobile,Returning
4796,2025-10-21,Summer Sale,Instagram,West,Mobile,Returning
2496,2025-10-21,Black Friday,Email,North,Desktop,Returning
6302,2025-10-21,Weekend Special,Google Search,South,Mobile,Returning
6239,2025-10-21,Mega Clearance,LinkedIn,South,Mobile,Loyal
4414,2025-10-21,New Year Blast,LinkedIn,Central,Mobile,Returning
410,2025-10-21,Weekend Special,Facebook,South,Desktop,Loyal
1753,2025-10-21,Back to School,Facebook,East,Desktop,New
614,2025-10-21,Flash Sale,YouTube,West,Desktop,New
5291,2025-10-21,Black Friday,Email,Central,Tablet,New
7018,2025-10-21,Mega Clearance,Facebook,South,Tablet,Premium
4693,2025-10-21,Back to School,LinkedIn,South,Tablet,Premium
2727,2025-10-21,Summer Sale,Instagram,West,Mobile,Loyal
5903,2025-10-21,Mega Clearance,Google Search,Central,Desktop,Loyal
6762,2025-10-21,Summer Sale,Facebook,North,Desktop,New
8313,2025-10-21,Diwali Bonanza,Instagram,Central,Desktop,New
3275,2025-10-21,Weekend Special,Instagram,West,Tablet,Loyal
3752,2025-10-21,Back to School,Email,East,Tablet,New
2030,2025-10-21,Flash Sale,YouTube,West,Desktop,Premium
5627,2025-10-21,Black Friday,YouTube,East,Mobile,New
5373,2025-10-21,Black Friday,YouTube,West,Tablet,New
7866,2025-10-21,Back to School,YouTube,South,Desktop,Premium
1232,2025-10-21,Summer Sale,LinkedIn,North,Mobile,Loyal
3926,2025-10-21,Diwali Bonanza,Facebook,Central,Desktop,New
9873,2025-10-21,Winter Sale,Google Search,South,Mobile,New
9025,2025-10-21,Festive Combo,Google Search,Central,Tablet,New
7420,2025-10-21,Back to School,Instagram,South,Mobile,New
9219,2025-10-21,Back to School,Instagram,Central,Mobile,Returning
3239,2025-10-21,Flash Sale,Instagram,West,Tablet,New
7334,2025-10-22,New Year Blast,Instagram,Central,Desktop,Loyal
7069,2025-10-22,Winter Sale,Instagram,East,Mobile,Premium
7685,2025-10-22,Flash Sale,LinkedIn,Central,Mobile,Premium
804,2025-10-22,Black Friday,Instagram,West,Desktop,Loyal
5417,2025-10-22,Diwali Bonanza,LinkedIn,West,Desktop,New
258,2025-10-22,Flash Sale,Email,West,Tablet,Loyal
5365,2025-10-22,Weekend Special,Instagram,North,Desktop,Premium
5959,2025-10-22,Winter Sale,LinkedIn,Central,Mobile,New
103,2025-10-22,Flash Sale,LinkedIn,North,Desktop,Premium
3951,2025-10-22,Weekend Special,Google Search,South,Tablet,Returning
5498,2025-10-22,Festive Combo,Instagram,South,Mobile,Returning
3853,2025-10-22,Weekend Special,YouTube,Central,Tablet,Premium
2511,2025-10-22,New Year Blast,Google Search,Central,Desktop,New
6414,2025-10-22,Flash Sale,YouTube,East,Desktop,Loyal
9913,2025-10-22,Festive Combo,Facebook,North,Mobile,New
2133,2025-10-22,Weekend Special,YouTube,Central,Desktop,Returning
6651,2025-10-22,Flash Sale,YouTube,Central,Desktop,Premium
7543,2025-10-22,Weekend Special,Instagram,Central,Desktop,Loyal
6252,2025-10-22,Flash Sale,Google Search,South,Desktop,Returning
9292,2025-10-22,Black Friday,YouTube,East,Mobile,Premium
1813,2025-10-22,Summer Sale,Google Search,East,Tablet,Loyal
4186,2025-10-22,Mega Clearance,Email,East,Desktop,Premium
1653,2025-10-22,Summer Sale,YouTube,North,Desktop,Loyal
8786,2025-10-22,Back to School,Instagram,North,Desktop,Premium
906,2025-10-22,Black Friday,Google Search,East,Mobile,Loyal
8047,2025-10-22,New Year Blast,Instagram,Central,Tablet,Returning
5743,2025-10-22,Summer Sale,YouTube,North,Desktop,Premium
3086,2025-10-22,Summer Sale,YouTube,South,Tablet,New
5609,2025-10-22,Black Friday,Google Search,South,Tablet,Returning
5709,2025-10-22,Black Friday,LinkedIn,Central,Desktop,Returning
240,2025-10-23,Weekend Special,Facebook,South,Tablet,Loyal
2771,2025-10-23,Back to School,YouTube,South,Mobile,Premium
7914,2025-10-23,Diwali Bonanza,Facebook,West,Mobile,New
3369,2025-10-23,Weekend Special,Facebook,East,Tablet,Premium
6053,2025-10-23,Flash Sale,YouTube,Central,Mobile,New
914,2025-10-23,Mega Clearance,YouTube,Central,Mobile,Premium
4299,2025-10-23,Flash Sale,YouTube,North,Desktop,Loyal
9538,2025-10-23,Winter Sale,YouTube,West,Tablet,New
7178,2025-10-23,Diwali Bonanza,Email,East,Mobile,Loyal
428,2025-10-23,Mega Clearance,YouTube,East,Mobile,Premium
5942,2025-10-23,Diwali Bonanza,YouTube,East,Tablet,Returning
4265,2025-10-23,Diwali Bonanza,Instagram,Central,Desktop,New
3083,2025-10-23,Diwali Bonanza,YouTube,Central,Mobile,Returning
6866,2025-10-23,Mega Clearance,Facebook,Central,Mobile,Premium
8744,2025-10-23,New Year Blast,LinkedIn,North,Desktop,Returning
4571,2025-10-23,New Year Blast,LinkedIn,West,Desktop,Loyal
5915,2025-10-23,Winter Sale,YouTube,Central,Tablet,Returning
6426,2025-10-23,Flash Sale,Email,West,Mobile,Loyal
5281,2025-10-23,Festive Combo,Instagram,Central,Tablet,Loyal
6080,2025-10-23,Mega Clearance,Google Search,Central,Tablet,Premium
7570,2025-10-23,Flash Sale,LinkedIn,East,Tablet,Premium
3613,2025-10-23,Diwali Bonanza,Facebook,East,Desktop,New
6831,2025-10-23,Winter Sale,LinkedIn,Central,Desktop,Loyal
7304,2025-10-23,Summer Sale,Google Search,North,Desktop,Premium
2828,2025-10-23,Summer Sale,YouTube,North,Desktop,Premium
9370,2025-10-23,Diwali Bonanza,Google Search,Central,Mobile,Returning
9406,2025-10-23,Festive Combo,Instagram,West,Tablet,Premium
1364,2025-10-23,Festive Combo,Facebook,West,Desktop,Loyal
2363,2025-10-23,Flash Sale,Email,North,Mobile,Returning
7113,2025-10-23,Mega Clearance,Email,South,Mobile,Premium
4431,2025-10-23,Winter Sale,Google Search,Central,Desktop,Premium
6249,2025-10-23,Festive Combo,Facebook,South,Tablet,Premium
3077,2025-10-23,Black Friday,LinkedIn,Central,Mobile,New
5333,2025-10-23,Mega Clearance,Facebook,North,Tablet,Returning
5347,2025-10-23,Back to School,Facebook,Central,Tablet,Premium
1788,2025-10-23,Festive Combo,YouTube,East,Tablet,Premium
7208,2025-10-24,Flash Sale,Instagram,West,Mobile,New
3873,2025-10-24,Flash Sale,Email,West,Tablet,New
6538,2025-10-24,Weekend Special,Google Search,North,Tablet,Premium
2549,2025-10-24,Summer Sale,YouTube,West,Tablet,New
3473,2025-10-24,Festive Combo,YouTube,North,Desktop,New
5276,2025-10-24,Winter Sale,Google Search,Central,Desktop,Returning
5570,2025-10-24,Black Friday,YouTube,Central,Tablet,Loyal
51,2025-10-24,Mega Clearance,Google Search,Central,Mobile,Loyal
4173,2025-10-24,Winter Sale,LinkedIn,Central,Tablet,Returning
8267,2025-10-24,Festive Combo,YouTube,East,Tablet,New
1596,2025-10-24,Mega Clearance,Instagram,Central,Desktop,Loyal
8545,2025-10-24,Mega Clearance,Facebook,North,Desktop,Premium
1463,2025-10-24,Mega Clearance,YouTube,Central,Desktop,New
1312,2025-10-24,Back to School,Instagram,South,Tablet,Returning
9138,2025-10-24,Weekend Special,Google Search,North,Tablet,New
6223,2025-10-24,Flash Sale,YouTube,West,Desktop,Premium
2087,2025-10-24,Weekend Special,YouTube,East,Tablet,New
4346,2025-10-24,Summer Sale,LinkedIn,East,Tablet,Loyal
7089,2025-10-24,Diwali Bonanza,LinkedIn,Central,Mobile,New
3226,2025-10-24,Flash Sale,YouTube,Central,Mobile,Returning
6173,2025-10-24,Festive Combo,LinkedIn,North,Desktop,New
85,2025-10-24,Mega Clearance,YouTube,East,Desktop,Loyal
4978,2025-10-24,Mega Clearance,Facebook,South,Mobile,Premium
3566,2025-10-24,Diwali Bonanza,LinkedIn,North,Desktop,Loyal
2199,2025-10-24,Back to School,Google Search,Central,Tablet,Returning
415,2025-10-24,Winter Sale,Google Search,West,Desktop,New
7590,2025-10-24,Festive Combo,YouTube,East,Desktop,Loyal
7367,2025-10-24,Back to School,Facebook,Central,Tablet,Premium
3893,2025-10-25,Summer Sale,Google Search,West,Tablet,Returning
8808,2025-10-25,Winter Sale,YouTube,North,Desktop,New
8773,2025-10-25,Back to School,Instagram,North,Tablet,New
6759,2025-10-25,New Year Blast,Facebook,South,Mobile,Returning
6921,2025-10-25,Flash Sale,Facebook,West,Mobile,New
7923,2025-10-25,Winter Sale,Email,Central,Mobile,Loyal
309,2025-10-25,Back to School,Facebook,North,Desktop,Premium
6279,2025-10-25,Back to School,YouTube,West,Mobile,Returning
6366,2025-10-25,Flash Sale,Instagram,East,Mobile,New
9798,2025-10-25,New Year Blast,Google Search,East,Mobile,Premium
1617,2025-10-25,Flash Sale,YouTube,Central,Tablet,New
3475,2025-10-25,Flash Sale,Google Search,East,Desktop,New
598,2025-10-25,Winter Sale,Email,South,Tablet,Loyal
9842,2025-10-25,Summer Sale,Facebook,East,Tablet,Returning
4388,2025-10-25,Back to School,LinkedIn,South,Mobile,New
9673,2025-10-25,New Year Blast,Google Search,North,Tablet,New
4175,2025-10-25,Weekend Special,Email,West,Tablet,New
8098,2025-10-25,Flash Sale,Instagram,North,Mobile,New
2904,2025-10-25,Weekend Special,Facebook,North,Tablet,Premium
6786,2025-10-25,Diwali Bonanza,LinkedIn,North,Mobile,Loyal
4033,2025-10-25,New Year Blast,YouTube,Central,Desktop,Returning
827,2025-10-25,Mega Clearance,LinkedIn,Central,Mobile,New
6444,2025-10-25,Diwali Bonanza,Google Search,West,Mobile,Returning
956,2025-10-25,Festive Combo,YouTube,Central,Mobile,Premium
2879,2025-10-26,Flash Sale,Google Search,Central,Mobile,Returning
6077,2025-10-26,Weekend Special,Facebook,North,Mobile,Premium
3002,2025-10-26,Winter Sale,Google Search,Central,Mobile,Returning
7875,2025-10-26,Back to School,Google Search,Central,Desktop,Loyal
3939,2025-10-26,Winter Sale,Email,East,Desktop,New
2710,2025-10-26,Festive Combo,LinkedIn,East,Tablet,Returning
9596,2025-10-26,Winter Sale,Instagram,West,Tablet,New
8823,2025-10-26,Winter Sale,LinkedIn,North,Mobile,Premium
3251,2025-10-26,Festive Combo,YouTube,West,Tablet,Returning
3680,2025-10-26,Summer Sale,YouTube,South,Tablet,Returning
9397,2025-10-26,Summer Sale,Facebook,West,Desktop,Premium
6447,2025-10-26,Flash Sale,YouTube,North,Tablet,Loyal
4902,2025-10-26,Weekend Special,Email,Central,Desktop,Premium
4318,2025-10-26,Black Friday,Facebook,South,Desktop,Loyal
5895,2025-10-26,Diwali Bonanza,Instagram,East,Mobile,New
7825,2025-10-26,Flash Sale,YouTube,Central,Desktop,Premium
4059,2025-10-26,Festive Combo,YouTube,Central,Tablet,New
4802,2025-10-26,Back to School,Instagram,South,Desktop,Loyal
4750,2025-10-26,Festive Combo,LinkedIn,Central,Desktop,New
9933,2025-10-26,Mega Clearance,Facebook,South,Desktop,New
2017,2025-10-26,Mega Clearance,Instagram,South,Mobile,Loyal
7547,2025-10-26,Summer Sale,Facebook,East,Tablet,Premium
6123,2025-10-26,Black Friday,LinkedIn,North,Desktop,Premium
4146,2025-10-26,New Year Blast,Instagram,West,Desktop,Returning
1407,2025-10-26,Festive Combo,Google Search,North,Desktop,Returning
3456,2025-10-26,Mega Clearance,Google Search,Central,Desktop,New
851,2025-10-26,Diwali Bonanza,Email,Central,Desktop,Returning
4607,2025-10-26,Summer Sale,Instagram,West,Mobile,New
3722,2025-10-26,Weekend Special,Facebook,North,Mobile,Premium
8775,2025-10-26,Back to School,Instagram,West,Mobile,Premium
9354,2025-10-26,Mega Clearance,Email,South,Mobile,New
2154,2025-10-26,Festive Combo,Instagram,North,Mobile,Premium
6683,2025-10-26,Black Friday,Facebook,West,Tablet,Loyal
9378,2025-10-26,Mega Clearance,YouTube,East,Mobile,Loyal
373,2025-10-26,Festive Combo,Facebook,Central,Tablet,Loyal
4870,2025-10-27,Summer Sale,Google Search,South,Mobile,Returning
807,2025-10-27,Summer Sale,YouTube,North,Desktop,New
1050,2025-10-27,Weekend Special,Facebook,West,Desktop,Premium
19,2025-10-27,Flash Sale,Email,West,Desktop,Returning
955,2025-10-27,Winter Sale,LinkedIn,South,Mobile,New
207,2025-10-27,Flash Sale,YouTube,East,Mobile,Returning
2309,2025-10-27,New Year Blast,Instagram,Central,Desktop,Premium
623,2025-10-27,Black Friday,Facebook,North,Mobile,Returning
7168,2025-10-27,Mega Clearance,Email,West,Mobile,Returning
4073,2025-10-27,Winter Sale,Google Search,South,Tablet,Returning
9695,2025-10-27,Black Friday,Facebook,Central,Tablet,Loyal
8197,2025-10-27,Winter Sale,Facebook,West,Mobile,Premium
9705,2025-10-27,Mega Clearance,Google Search,West,Desktop,Loyal
705,2025-10-27,New Year Blast,LinkedIn,North,Desktop,New
766,2025-10-27,Festive Combo,Email,South,Tablet,Returning
7781,2025-10-27,Back to School,Email,North,Mobile,Loyal
8514,2025-10-27,Flash Sale,Google Search,East,Tablet,New
6564,2025-10-27,Flash Sale,Google Search,North,Mobile,Returning
1548,2025-10-27,Weekend Special,Instagram,North,Mobile,New
5899,2025-10-27,Festive Combo,Facebook,Central,Desktop,Premium
1590,2025-10-27,Flash Sale,Email,East,Desktop,Returning
4956,2025-10-27,Summer Sale,LinkedIn,South,Desktop,Loyal
9385,2025-10-27,Mega Clearance,YouTube,East,Mobile,Returning
1777,2025-10-28,Mega Clearance,Email,West,Desktop,New
3347,2025-10-28,Mega Clearance,YouTube,West,Mobile,Loyal
5645,2025-10-28,New Year Blast,YouTube,West,Tablet,Returning
3117,2025-10-28,Flash Sale,Google Search,East,Tablet,Loyal
5437,2025-10-28,Black Friday,Instagram,Central,Tablet,New
9529,2025-10-28,Mega Clearance,Google Search,North,Desktop,New
9829,2025-10-28,Diwali Bonanza,Instagram,North,Tablet,Returning
6789,2025-10-28,Winter Sale,Email,East,Tablet,New
193,2025-10-28,New Year Blast,YouTube,West,Tablet,Premium
8134,2025-10-28,Flash Sale,Instagram,West,Desktop,New
4647,2025-10-28,Mega Clearance,YouTube,West,Tablet,Premium
9374,2025-10-28,Flash Sale,Google Search,North,Mobile,Premium
6628,2025-10-28,Black Friday,Google Search,South,Mobile,New
6669,2025-10-28,Black Friday,Instagram,North,Mobile,Loyal
2454,2025-10-28,Weekend Special,Instagram,Central,Desktop,Loyal
1638,2025-10-28,Summer Sale,Email,North,Mobile,Returning
7699,2025-10-28,Winter Sale,Facebook,West,Tablet,Premium
1720,2025-10-28,New Year Blast,YouTube,West,Tablet,New
3342,2025-10-28,Black Friday,Google Search,South,Mobile,New
9978,2025-10-28,Summer Sale,Instagram,West,Desktop,New
9929,2025-10-28,New Year Blast,Google Search,South,Desktop,New
4969,2025-10-28,Diwali Bonanza,Email,North,Desktop,Premium
2250,2025-10-28,Flash Sale,Facebook,South,Desktop,Loyal
633,2025-10-28,Winter Sale,Instagram,East,Desktop,Returning
6663,2025-10-28,Black Friday,LinkedIn,Central,Desktop,New
1650,2025-10-28,Black Friday,Email,West,Desktop,Returning
7937,2025-10-29,Summer Sale,Instagram,East,Desktop,New
7758,2025-10-29,Back to School,Facebook,North,Mobile,Loyal
8936,2025-10-29,Festive Combo,LinkedIn,Central,Desktop,New
4047,2025-10-29,Winter Sale,Instagram,South,Mobile,Loyal
8332,2025-10-29,Black Friday,YouTube,Central,Tablet,Premium
1855,2025-10-29,Weekend Special,Email,East,Mobile,Premium
3640,2025-10-29,Weekend Special,Facebook,East,Desktop,Returning
2180,2025-10-29,Flash Sale,Instagram,North,Mobile,Premium
35,2025-10-29,Black Friday,Google Search,North,Tablet,New
3474,2025-10-29,Back to School,Facebook,North,Desktop,New
2410,2025-10-29,Flash Sale,YouTube,Central,Desktop,Loyal
2803,2025-10-29,Summer Sale,Facebook,South,Tablet,Loyal
661,2025-10-29,Black Friday,Email,North,Desktop,Loyal
3448,2025-10-29,New Year Blast,YouTube,Central,Desktop,Loyal
4503,2025-10-29,Mega Clearance,YouTube,Central,Mobile,Returning
6128,2025-10-29,Weekend Special,Email,West,Desktop,Premium
3508,2025-10-29,New Year Blast,Instagram,North,Mobile,New
5011,2025-10-29,Flash Sale,Facebook,South,Desktop,Premium
3534,2025-10-29,Weekend Special,LinkedIn,West,Tablet,Loyal
8608,2025-10-29,Festive Combo,LinkedIn,East,Mobile,New
2123,2025-10-29,Festive Combo,Instagram,East,Desktop,Loyal
9720,2025-10-29,Back to School,LinkedIn,East,Mobile,New
2086,2025-10-29,Flash Sale,Instagram,East,Mobile,New
9128,2025-10-30,Winter Sale,YouTube,West,Desktop,Premium
2587,2025-10-30,Winter Sale,Email,North,Mobile,Returning
1282,2025-10-30,Flash Sale,Google Search,North,Desktop,Premium
4652,2025-10-30,New Year Blast,LinkedIn,North,Mobile,New
2522,2025-10-30,Winter Sale,Google Search,South,Tablet,New
4532,2025-10-30,Black Friday,Email,West,Mobile,Returning
8284,2025-10-30,Flash Sale,LinkedIn,North,Tablet,Premium
4657,2025-10-30,Weekend Special,YouTube,East,Desktop,Premium
7775,2025-10-30,Mega Clearance,Google Search,South,Mobile,Returning
5810,2025-10-30,Summer Sale,Email,North,Tablet,Returning
1792,2025-10-30,Back to School,Instagram,South,Tablet,Loyal
4296,2025-10-30,Black Friday,Facebook,North,Tablet,Premium
9905,2025-10-30,Festive Combo,YouTube,North,Desktop,New
1428,2025-10-30,Winter Sale,Instagram,South,Mobile,New
7386,2025-10-30,Back to School,Google Search,West,Tablet,Loyal
3082,2025-10-30,Black Friday,YouTube,East,Tablet,Returning
7515,2025-10-30,Black Friday,LinkedIn,North,Mobile,Premium
3928,2025-10-30,Back to School,Instagram,Central,Desktop,Returning
7819,2025-10-30,Black Friday,Email,South,Mobile,Premium
7962,2025-10-30,Weekend Special,LinkedIn,North,Tablet,Premium
6650,2025-10-30,Summer Sale,Facebook,North,Tablet,New
6431,2025-10-30,Black Friday,Facebook,South,Mobile,Returning
4421,2025-10-30,Mega Clearance,Google Search,North,Tablet,Returning
8879,2025-10-31,Weekend Special,Instagram,South,Desktop,Loyal
5710,2025-10-31,Winter Sale,Instagram,Central,Tablet,Premium
6862,2025-10-31,Diwali Bonanza,Facebook,North,Tablet,New
4728,2025-10-31,Flash Sale,YouTube,North,Mobile,New
3833,2025-10-31,Festive Combo,Instagram,North,Desktop,Returning
9598,2025-10-31,Back to School,YouTube,East,Mobile,Loyal
4171,2025-10-31,Winter Sale,Email,North,Mobile,New
8834,2025-10-31,Diwali Bonanza,LinkedIn,West,Mobile,Loyal
8777,2025-10-31,New Year Blast,Facebook,West,Tablet,New
1868,2025-10-31,Summer Sale,Email,West,Tablet,Premium
6798,2025-10-31,Diwali Bonanza,Facebook,North,Desktop,New
1359,2025-10-31,Back to School,Instagram,North,Tablet,Loyal
1587,2025-10-31,Black Friday,Email,South,Tablet,Premium
3812,2025-10-31,Black Friday,Email,East,Desktop,Loyal
4393,2025-10-31,Black Friday,LinkedIn,North,Tablet,New
7370,2025-10-31,Black Friday,Google Search,East,Desktop,Loyal
1121,2025-10-31,Mega Clearance,LinkedIn,East,Tablet,New
1778,2025-10-31,Diwali Bonanza,LinkedIn,West,Tablet,Loyal
1772,2025-10-31,Flash Sale,Facebook,West,Mobile,New
9425,2025-10-31,Diwali Bonanza,YouTube,West,Tablet,Premium
3057,2025-10-31,Diwali Bonanza,LinkedIn,West,Tablet,Premium
7563,2025-10-31,Diwali Bonanza,YouTube,Central,Tablet,Returning
4475,2025-10-31,Winter Sale,YouTube,Central,Desktop,New
345,2025-10-31,Mega Clearance,Facebook,South,Tablet,Premium
8997,2025-10-31,Festive Combo,Facebook,West,Mobile,Premium
108,2025-10-31,Mega Clearance,YouTube,North,Mobile,Loyal
3570,2025-10-31,Festive Combo,Facebook,Central,Mobile,Returning
2812,2025-10-31,New Year Blast,Instagram,West,Mobile,Returning
4058,2025-10-31,Summer Sale,Facebook,South,Mobile,Loyal
493,2025-10-31,Weekend Special,Facebook,Central,Mobile,Loyal
2862,2025-10-31,Summer Sale,Email,West,Mobile,Returning
9942,2025-10-31,Winter Sale,Facebook,Central,Tablet,Loyal
512,2025-10-31,Flash Sale,LinkedIn,North,Tablet,Returning
5230,2025-11-01,Back to School,Email,West,Desktop,Loyal
2985,2025-11-01,Black Friday,Facebook,North,Desktop,Loyal
2912,2025-11-01,Winter Sale,LinkedIn,West,Desktop,Premium
3470,2025-11-01,Flash Sale,Google Search,North,Mobile,Loyal
6701,2025-11-01,Back to School,Email,North,Tablet,Loyal
4351,2025-11-01,New Year Blast,YouTube,North,Tablet,Returning
5740,2025-11-01,Summer Sale,Facebook,South,Desktop,Returning
6025,2025-11-01,Summer Sale,Facebook,South,Mobile,Returning
8642,2025-11-01,Summer Sale,Instagram,West,Tablet,Premium
723,2025-11-01,Summer Sale,YouTube,North,Tablet,New
6797,2025-11-01,Back to School,LinkedIn,Central,Tablet,New
6741,2025-11-01,Diwali Bonanza,Facebook,North,Desktop,Loyal
4385,2025-11-01,Summer Sale,Google Search,Central,Tablet,Loyal
7164,2025-11-01,Weekend Special,Instagram,North,Tablet,Premium
8333,2025-11-01,Winter Sale,Facebook,Central,Desktop,Loyal
6551,2025-11-01,Winter Sale,Email,East,Mobile,New
5648,2025-11-01,Mega Clearance,Instagram,Central,Tablet,Premium
7513,2025-11-01,Back to School,YouTube,West,Tablet,Loyal
2307,2025-11-01,Diwali Bonanza,Google Search,East,Tablet,Returning
6406,2025-11-01,Back to School,Facebook,North,Mobile,New
8182,2025-11-01,Black Friday,LinkedIn,East,Mobile,Premium
3738,2025-11-01,Mega Clearance,Google Search,Central,Desktop,Returning
994,2025-11-01,New Year Blast,Google Search,Central,Desktop,New
6940,2025-11-02,Back to School,LinkedIn,West,Mobile,New
8473,2025-11-02,Diwali Bonanza,Facebook,East,Mobile,Loyal
9810,2025-11-02,Back to School,Instagram,South,Tablet,Premium
8024,2025-11-02,New Year Blast,YouTube,East,Desktop,New
5985,2025-11-02,Diwali Bonanza,Google Search,East,Tablet,Premium
535,2025-11-02,Weekend Special,Facebook,East,Tablet,Premium
5171,2025-11-02,Back to School,Email,North,Desktop,New
9651,2025-11-02,Festive Combo,YouTube,North,Tablet,Loyal
5451,2025-11-02,Mega Clearance,Google Search,South,Desktop,Premium
5173,2025-11-02,Diwali Bonanza,Email,East,Desktop,Loyal
1210,2025-11-02,Diwali Bonanza,YouTube,West,Tablet,New
1303,2025-11-02,Weekend Special,Instagram,South,Tablet,Premium
9539,2025-11-02,Flash Sale,Email,North,Tablet,New
516,2025-11-02,Flash Sale,Email,West,Tablet,New
7368,2025-11-03,Mega Clearance,Instagram,West,Desktop,Loyal
9885,2025-11-03,Back to School,Email,North,Tablet,Premium
6533,2025-11-03,Black Friday,Facebook,North,Desktop,Premium
7354,2025-11-03,Summer Sale,LinkedIn,East,Mobile,Loyal
3908,2025-11-03,Diwali Bonanza,Instagram,North,Tablet,Premium
861,2025-11-03,Weekend Special,LinkedIn,East,Mobile,New
5987,2025-11-03,Mega Clearance,Google Search,North,Tablet,Returning
5865,2025-11-03,New Year Blast,Email,West,Tablet,Premium
1759,2025-11-03,Back to School,Instagram,Central,Tablet,New
2767,2025-11-03,Diwali Bonanza,Email,East,Desktop,Premium
28,2025-11-03,Back to School,LinkedIn,North,Mobile,Premium
7238,2025-11-03,Flash Sale,Google Search,Central,Mobile,Loyal
3515,2025-11-03,Summer Sale,LinkedIn,West,Mobile,New
1547,2025-11-03,New Year Blast,YouTube,West,Desktop,Returning
8970,2025-11-03,Summer Sale,Google Search,North,Tablet,Returning
8707,2025-11-03,Back to School,YouTube,West,Mobile,Premium
2257,2025-11-03,Back to School,Email,West,Desktop,New
4509,2025-11-03,Winter Sale,Facebook,South,Desktop,New
2621,2025-11-03,Festive Combo,LinkedIn,South,Desktop,Returning
6095,2025-11-03,Flash Sale,Instagram,Central,Tablet,Loyal
4926,2025-11-03,Festive Combo,Email,South,Mobile,Returning
156,2025-11-03,Summer Sale,LinkedIn,East,Tablet,Premium
4648,2025-11-03,Winter Sale,Instagram,Central,Tablet,Loyal
9581,2025-11-03,Flash Sale,YouTube,East,Mobile,Loyal
6050,2025-11-03,Festive Combo,Facebook,North,Desktop,Returning
7443,2025-11-03,Back to School,Google Search,North,Tablet,Premium
8318,2025-11-03,Winter Sale,Instagram,West,Desktop,Premium
4828,2025-11-03,New Year Blast,Instagram,West,Tablet,Premium
6071,2025-11-03,Diwali Bonanza,Email,South,Desktop,New
4560,2025-11-03,Mega Clearance,Google Search,Central,Tablet,Premium
5748,2025-11-03,Diwali Bonanza,YouTube,North,Tablet,Loyal
5730,2025-11-03,Black Friday,Google Search,Central,Mobile,Premium
1557,2025-11-04,Back to School,LinkedIn,South,Tablet,New
1683,2025-11-04,Back to School,YouTube,West,Tablet,Returning
5335,2025-11-04,Diwali Bonanza,Facebook,Central,Desktop,Returning
9733,2025-11-04,Weekend Special,Email,North,Desktop,New
5350,2025-11-04,Winter Sale,LinkedIn,West,Desktop,New
6665,2025-11-04,New Year Blast,Email,East,Tablet,Loyal
5266,2025-11-04,Flash Sale,Email,West,Mobile,Loyal
2639,2025-11-04,Back to School,Email,South,Desktop,Returning
2745,2025-11-04,Flash Sale,Email,East,Mobile,Loyal
8921,2025-11-04,New Year Blast,Instagram,South,Mobile,Returning
2033,2025-11-04,Back to School,Email,West,Mobile,New
8279,2025-11-04,Black Friday,Instagram,South,Desktop,Premium
4964,2025-11-04,Diwali Bonanza,Facebook,North,Desktop,New
3781,2025-11-04,Diwali Bonanza,Email,West,Mobile,Premium
2361,2025-11-04,Back to School,LinkedIn,West,Desktop,New
9463,2025-11-04,Flash Sale,Facebook,West,Tablet,Returning
9652,2025-11-04,Summer Sale,LinkedIn,West,Tablet,New
2931,2025-11-04,Flash Sale,Facebook,West,Mobile,Returning
7929,2025-11-04,Flash Sale,Google Search,West,Mobile,Premium
1974,2025-11-04,Flash Sale,Facebook,East,Mobile,Returning
6477,2025-11-04,Flash Sale,Google Search,West,Mobile,New
9173,2025-11-04,Summer Sale,Google Search,North,Desktop,New
4267,2025-11-04,Winter Sale,Google Search,East,Mobile,New
9931,2025-11-04,Back to School,Instagram,Central,Desktop,Returning
7160,2025-11-05,Black Friday,YouTube,East,Mobile,Returning
1470,2025-11-05,Festive Combo,Facebook,East,Tablet,Loyal
7323,2025-11-05,Winter Sale,Email,Central,Desktop,Loyal
7017,2025-11-05,Flash Sale,Google Search,North,Desktop,New
8733,2025-11-05,Diwali Bonanza,Instagram,North,Mobile,Loyal
1929,2025-11-05,Back to School,Google Search,South,Desktop,Returning
1906,2025-11-05,Back to School,Facebook,South,Desktop,Loyal
2170,2025-11-05,Black Friday,Instagram,South,Tablet,Loyal
9526,2025-11-05,Festive Combo,Email,South,Mobile,Returning
7436,2025-11-05,Back to School,Google Search,West,Tablet,Premium
6720,2025-11-05,New Year Blast,Facebook,West,Mobile,Returning
8010,2025-11-05,Winter Sale,YouTube,South,Tablet,New
6734,2025-11-05,Winter Sale,Email,East,Desktop,Loyal
4616,2025-11-05,Back to School,LinkedIn,West,Mobile,Returning
9443,2025-11-05,New Year Blast,Instagram,East,Mobile,Returning
9796,2025-11-05,Festive Combo,Facebook,West,Desktop,Premium
5918,2025-11-05,Black Friday,LinkedIn,Central,Desktop,Premium
7196,2025-11-05,Black Friday,Facebook,Central,Desktop,Returning
8442,2025-11-05,Summer Sale,LinkedIn,North,Desktop,Loyal
3825,2025-11-05,Winter Sale,YouTube,West,Desktop,Premium
9435,2025-11-05,Summer Sale,Email,North,Desktop,Premium
9302,2025-11-05,New Year Blast,Email,East,Desktop,Loyal
2405,2025-11-06,Flash Sale,Facebook,East,Desktop,New
7027,2025-11-06,Back to School,YouTube,Central,Desktop,Loyal
5793,2025-11-06,Festive Combo,Email,Central,Tablet,Premium
5232,2025-11-06,Black Friday,Instagram,West,Tablet,Loyal
8474,2025-11-06,Festive Combo,Google Search,South,Mobile,New
755,2025-11-06,Mega Clearance,YouTube,East,Tablet,Returning
9013,2025-11-06,Festive Combo,Email,South,Mobile,New
2386,2025-11-06,Festive Combo,Email,East,Desktop,Premium
5152,2025-11-06,Black Friday,Google Search,Central,Mobile,Loyal
1798,2025-11-06,Black Friday,Google Search,East,Mobile,New
1958,2025-11-06,Festive Combo,Facebook,West,Mobile,Premium
2871,2025-11-06,Mega Clearance,Google Search,West,Desktop,Premium
4365,2025-11-06,Diwali Bonanza,Instagram,East,Mobile,Returning
9917,2025-11-06,Flash Sale,YouTube,North,Tablet,Loyal
2217,2025-11-06,Black Friday,LinkedIn,West,Mobile,Returning
1028,2025-11-06,Back to School,LinkedIn,Central,Mobile,Returning
3331,2025-11-06,Diwali Bonanza,LinkedIn,North,Desktop,Premium
3199,2025-11-06,Winter Sale,Google Search,Central,Tablet,Premium
5349,2025-11-06,Flash Sale,Instagram,East,Mobile,Premium
9472,2025-11-06,Festive Combo,Instagram,Central,Desktop,Premium
4499,2025-11-06,Weekend Special,LinkedIn,South,Mobile,Loyal
4967,2025-11-06,Black Friday,LinkedIn,North,Desktop,Returning
7374,2025-11-06,New Year Blast,YouTube,Central,Mobile,Premium
8701,2025-11-06,Mega Clearance,Instagram,East,Mobile,New
9953,2025-11-06,Festive Combo,Email,Central,Mobile,Loyal
6505,2025-11-06,Black Friday,Google Search,East,Tablet,Returning
677,2025-11-06,Winter Sale,Facebook,West,Mobile,Loyal
1921,2025-11-06,Diwali Bonanza,Email,South,Mobile,Loyal
9209,2025-11-06,Black Friday,YouTube,East,Desktop,Loyal
9207,2025-11-06,Diwali Bonanza,LinkedIn,North,Desktop,Returning
7862,2025-11-06,Festive Combo,YouTube,East,Desktop,Returning
4496,2025-11-06,Mega Clearance,Email,West,Desktop,New
5218,2025-11-06,Diwali Bonanza,LinkedIn,East,Mobile,Loyal
9926,2025-11-07,Summer Sale,Email,South,Desktop,Premium
6855,2025-11-07,Back to School,LinkedIn,East,Tablet,New
144,2025-11-07,Mega Clearance,Email,South,Tablet,Loyal
9073,2025-11-07,New Year Blast,LinkedIn,Central,Tablet,Premium
3395,2025-11-07,Winter Sale,Google Search,North,Desktop,Loyal
3552,2025-11-07,Flash Sale,Facebook,North,Desktop,Premium
116,2025-11-07,Mega Clearance,YouTube,North,Mobile,Premium
2205,2025-11-07,Back to School,Instagram,West,Tablet,Premium
7055,2025-11-07,Summer Sale,Email,South,Desktop,New
3449,2025-11-07,Weekend Special,LinkedIn,South,Tablet,New
2219,2025-11-07,New Year Blast,Instagram,East,Desktop,New
198,2025-11-07,Back to School,Facebook,South,Tablet,Premium
8923,2025-11-07,Mega Clearance,Email,North,Mobile,Loyal
6401,2025-11-07,Flash Sale,Email,East,Tablet,Returning
9007,2025-11-07,Festive Combo,Instagram,West,Desktop,Loyal
9417,2025-11-07,Winter Sale,Email,North,Mobile,Returning
1818,2025-11-07,Festive Combo,Facebook,Central,Mobile,Returning
6520,2025-11-07,New Year Blast,Facebook,West,Desktop,Returning
5960,2025-11-07,Winter Sale,LinkedIn,West,Mobile,New
1035,2025-11-07,Mega Clearance,Email,South,Tablet,Returning
5532,2025-11-07,Weekend Special,Google Search,West,Desktop,Premium
2011,2025-11-07,Summer Sale,Email,North,Tablet,Returning
9757,2025-11-07,Winter Sale,LinkedIn,South,Desktop,Returning
2586,2025-11-07,Weekend Special,YouTube,West,Mobile,New
5082,2025-11-07,Mega Clearance,YouTube,West,Tablet,Returning
2930,2025-11-07,Black Friday,Instagram,South,Tablet,New
1666,2025-11-07,Winter Sale,Facebook,East,Mobile,Loyal
9436,2025-11-07,Weekend Special,LinkedIn,North,Mobile,Loyal
1789,2025-11-07,Weekend Special,Email,South,Tablet,New
7384,2025-11-07,Black Friday,Instagram,West,Desktop,Returning
4704,2025-11-07,Back to School,YouTube,Central,Desktop,Premium
4688,2025-11-07,Festive Combo,Email,West,Tablet,Loyal
1852,2025-11-07,Winter Sale,LinkedIn,South,Desktop,Loyal
2327,2025-11-07,New Year Blast,Google Search,East,Tablet,Loyal
4627,2025-11-08,Summer Sale,YouTube,West,Desktop,Premium
7892,2025-11-08,Winter Sale,Email,East,Mobile,Premium
1804,2025-11-08,Winter Sale,Google Search,South,Desktop,Loyal
4792,2025-11-08,Summer Sale,Google Search,South,Tablet,Premium
3210,2025-11-08,Winter Sale,Google Search,West,Mobile,Loyal
4686,2025-11-08,New Year Blast,YouTube,North,Mobile,Premium
5912,2025-11-08,Black Friday,LinkedIn,Central,Mobile,Premium
7898,2025-11-08,Black Friday,Facebook,East,Mobile,Loyal
7886,2025-11-08,Mega Clearance,Google Search,East,Desktop,Returning
9563,2025-11-08,Weekend Special,Google Search,South,Desktop,New
7043,2025-11-08,Flash Sale,YouTube,Central,Mobile,New
5348,2025-11-08,New Year Blast,LinkedIn,North,Mobile,Loyal
690,2025-11-08,New Year Blast,YouTube,East,Desktop,Loyal
3797,2025-11-08,New Year Blast,Instagram,South,Desktop,Returning
2464,2025-11-08,New Year Blast,Email,East,Mobile,Returning
243,2025-11-08,New Year Blast,Google Search,South,Desktop,Premium
1060,2025-11-08,Festive Combo,Facebook,South,Tablet,Loyal
7141,2025-11-08,Festive Combo,Instagram,East,Desktop,Returning
5655,2025-11-08,Weekend Special,Instagram,West,Tablet,Premium
5050,2025-11-08,Summer Sale,Facebook,West,Tablet,New
3848,2025-11-08,Black Friday,YouTube,East,Desktop,Loyal
2399,2025-11-08,Winter Sale,LinkedIn,Central,Tablet,New
8651,2025-11-08,New Year Blast,Facebook,North,Desktop,Loyal
2208,2025-11-08,Black Friday,Instagram,Central,Tablet,Premium
7579,2025-11-08,Weekend Special,Facebook,Central,Tablet,Returning
8914,2025-11-08,Mega Clearance,LinkedIn,Central,Desktop,Loyal
2764,2025-11-08,New Year Blast,Facebook,South,Tablet,Loyal
762,2025-11-09,Black Friday,Facebook,North,Desktop,Returning
7872,2025-11-09,Mega Clearance,Facebook,West,Tablet,Returning
5496,2025-11-09,Flash Sale,Instagram,East,Tablet,Returning
2181,2025-11-09,Flash Sale,LinkedIn,North,Desktop,Loyal
9352,2025-11-09,Flash Sale,YouTube,Central,Mobile,Premium
9945,2025-11-09,Back to School,YouTube,South,Mobile,Returning
3198,2025-11-09,Back to School,Facebook,North,Mobile,Premium
8315,2025-11-09,Mega Clearance,Google Search,North,Tablet,Returning
6131,2025-11-09,Diwali Bonanza,YouTube,Central,Tablet,Returning
7493,2025-11-09,Summer Sale,YouTube,South,Tablet,Premium
6010,2025-11-09,Weekend Special,Instagram,Central,Tablet,New
9896,2025-11-09,Festive Combo,Email,East,Mobile,New
3293,2025-11-09,Weekend Special,Email,North,Tablet,New
3719,2025-11-09,Weekend Special,Facebook,South,Mobile,New
8500,2025-11-09,Diwali Bonanza,Email,Central,Mobile,Loyal
4698,2025-11-09,Summer Sale,LinkedIn,South,Desktop,Returning
5768,2025-11-09,New Year Blast,Google Search,Central,Tablet,Loyal
380,2025-11-09,Festive Combo,Facebook,South,Desktop,Premium
6838,2025-11-09,Mega Clearance,YouTube,North,Mobile,Returning
3373,2025-11-09,Winter Sale,Facebook,West,Tablet,Loyal
2482,2025-11-09,Diwali Bonanza,Instagram,Central,Desktop,Loyal
8660,2025-11-09,New Year Blast,Email,East,Tablet,Returning
9835,2025-11-10,Festive Combo,Instagram,West,Tablet,Premium
5001,2025-11-10,Black Friday,Facebook,West,Tablet,Premium
3309,2025-11-10,New Year Blast,Facebook,South,Tablet,Returning
1071,2025-11-10,Summer Sale,Google Search,Central,Tablet,New
7803,2025-11-10,Mega Clearance,YouTube,East,Desktop,Loyal
8680,2025-11-10,New Year Blast,Google Search,West,Tablet,Returning
9615,2025-11-10,Mega Clearance,YouTube,Central,Desktop,Returning
2902,2025-11-10,Diwali Bonanza,YouTube,East,Mobile,Premium
3249,2025-11-10,New Year Blast,Google Search,East,Tablet,New
6809,2025-11-10,Black Friday,Google Search,West,Desktop,Loyal
7799,2025-11-10,Black Friday,Facebook,East,Tablet,Loyal
6027,2025-11-10,Back to School,Google Search,Central,Mobile,Premium
5327,2025-11-10,Mega Clearance,Instagram,North,Desktop,Loyal
7626,2025-11-10,Back to School,Facebook,Central,Tablet,New
95,2025-11-10,Weekend Special,LinkedIn,Central,Desktop,Returning
4790,2025-11-10,Back to School,Instagram,Central,Mobile,Returning
6334,2025-11-10,Black Friday,Google Search,South,Mobile,Loyal
1048,2025-11-10,Summer Sale,YouTube,Central,Mobile,Loyal
6910,2025-11-10,Winter Sale,Instagram,East,Mobile,Loyal
743,2025-11-10,Summer Sale,YouTube,South,Desktop,Loyal
6481,2025-11-10,Mega Clearance,Facebook,East,Tablet,Returning
58,2025-11-10,Weekend Special,Google Search,Central,Desktop,New
7678,2025-11-10,Black Friday,Google Search,South,Tablet,Premium
1145,2025-11-10,Summer Sale,Instagram,Central,Mobile,Loyal
877,2025-11-11,Diwali Bonanza,YouTube,North,Desktop,Returning
1560,2025-11-11,New Year Blast,YouTube,South,Mobile,Loyal
9023,2025-11-11,Diwali Bonanza,Google Search,South,Desktop,Premium
2302,2025-11-11,Back to School,Email,Central,Desktop,Loyal
3487,2025-11-11,Summer Sale,LinkedIn,South,Desktop,Loyal
2927,2025-11-11,Flash Sale,Google Search,Central,Desktop,Returning
5547,2025-11-11,New Year Blast,Facebook,North,Tablet,Premium
895,2025-11-11,Summer Sale,Email,North,Desktop,Premium
5611,2025-11-11,Flash Sale,LinkedIn,East,Mobile,New
3219,2025-11-11,Winter Sale,Google Search,North,Tablet,Premium
8788,2025-11-11,Summer Sale,Instagram,Central,Desktop,Returning
3906,2025-11-11,Summer Sale,YouTube,North,Desktop,New
6376,2025-11-11,Back to School,Email,East,Mobile,Returning
3509,2025-11-11,Diwali Bonanza,YouTube,Central,Tablet,Returning
1074,2025-11-11,Mega Clearance,LinkedIn,Central,Tablet,Loyal
3950,2025-11-11,Festive Combo,Facebook,West,Tablet,Premium
6806,2025-11-11,Mega Clearance,YouTube,East,Tablet,Premium
518,2025-11-11,Mega Clearance,Google Search,South,Desktop,New
226,2025-11-11,Summer Sale,YouTube,Central,Desktop,Loyal
4390,2025-11-11,Winter Sale,Google Search,North,Tablet,Returning
4103,2025-11-11,Weekend Special,LinkedIn,East,Desktop,Premium
3707,2025-11-11,New Year Blast,Email,South,Tablet,Returning
9345,2025-11-12,Black Friday,Instagram,North,Mobile,Loyal
8703,2025-11-12,Diwali Bonanza,Google Search,West,Mobile,Loyal
9093,2025-11-12,Black Friday,Instagram,West,Mobile,Premium
9964,2025-11-12,Flash Sale,Email,East,Desktop,Loyal
9919,2025-11-12,Festive Combo,Instagram,Central,Mobile,Premium
6514,2025-11-12,Festive Combo,Google Search,North,Mobile,New
2313,2025-11-12,Festive Combo,Facebook,South,Mobile,Returning
355,2025-11-12,Flash Sale,Facebook,South,Desktop,Premium
1126,2025-11-12,Mega Clearance,LinkedIn,South,Mobile,Premium
2675,2025-11-12,Back to School,LinkedIn,South,Desktop,New
9203,2025-11-12,Mega Clearance,LinkedIn,West,Tablet,New
6391,2025-11-12,Summer Sale,Email,South,Desktop,New
7915,2025-11-12,Winter Sale,Instagram,North,Mobile,Returning
3505,2025-11-12,Weekend Special,Email,South,Tablet,Loyal
9731,2025-11-12,Back to School,Email,Central,Mobile,Loyal
8666,2025-11-12,Back to School,YouTube,East,Desktop,Returning
4458,2025-11-12,Back to School,Email,West,Mobile,New
4121,2025-11-12,New Year Blast,Google Search,South,Mobile,Premium
1108,2025-11-12,Back to School,Instagram,East,Mobile,New
3686,2025-11-12,Summer Sale,Instagram,East,Desktop,Premium
6327,2025-11-12,Flash Sale,Instagram,North,Desktop,Premium
8445,2025-11-12,Winter Sale,Facebook,East,Tablet,New
3004,2025-11-12,Weekend Special,Google Search,Central,Desktop,Returning
9603,2025-11-13,Winter Sale,YouTube,West,Mobile,Loyal
925,2025-11-13,Diwali Bonanza,Google Search,West,Desktop,Returning
941,2025-11-13,Festive Combo,Instagram,Central,Desktop,Returning
7378,2025-11-13,Flash Sale,Facebook,East,Desktop,Loyal
1400,2025-11-13,Flash Sale,Email,East,Mobile,New
9182,2025-11-13,Winter Sale,YouTube,North,Mobile,Loyal
2684,2025-11-13,Diwali Bonanza,YouTube,East,Desktop,New
1998,2025-11-13,Weekend Special,Google Search,Central,Desktop,New
286,2025-11-13,Diwali Bonanza,Email,West,Mobile,Returning
260,2025-11-13,Festive Combo,YouTube,East,Mobile,Loyal
9493,2025-11-13,Weekend Special,Email,Central,Tablet,Loyal
455,2025-11-13,Mega Clearance,LinkedIn,West,Mobile,New
8201,2025-11-13,Mega Clearance,Facebook,West,Mobile,Premium
9740,2025-11-13,Mega Clearance,Facebook,South,Tablet,Loyal
8476,2025-11-13,Weekend Special,Instagram,East,Desktop,Loyal
9701,2025-11-13,Flash Sale,LinkedIn,North,Desktop,New
7217,2025-11-13,Festive Combo,Google Search,Central,Mobile,Returning
5453,2025-11-13,Winter Sale,Google Search,West,Mobile,Loyal
1824,2025-11-13,Festive Combo,Google Search,East,Mobile,Loyal
3591,2025-11-13,Festive Combo,Google Search,Central,Tablet,New
9804,2025-11-13,Mega Clearance,Google Search,Central,Desktop,Loyal
2147,2025-11-13,Weekend Special,Facebook,North,Desktop,Loyal
6965,2025-11-13,New Year Blast,LinkedIn,North,Mobile,Returning
8992,2025-11-13,Winter Sale,Email,East,Mobile,Premium
9830,2025-11-13,Summer Sale,Google Search,South,Tablet,Premium
1527,2025-11-13,Weekend Special,Email,North,Tablet,Returning
9028,2025-11-13,New Year Blast,Facebook,West,Mobile,Loyal
3165,2025-11-13,Back to School,Google Search,Central,Tablet,Returning
7070,2025-11-13,Festive Combo,Facebook,South,Desktop,Loyal
5816,2025-11-13,Black Friday,Google Search,West,Tablet,Premium
3997,2025-11-13,Mega Clearance,YouTube,West,Desktop,New
1271,2025-11-13,Black Friday,LinkedIn,East,Mobile,Premium
8910,2025-11-14,Festive Combo,Instagram,West,Desktop,Premium
3305,2025-11-14,Back to School,YouTube,West,Tablet,New
3051,2025-11-14,Festive Combo,Email,North,Tablet,Returning
9421,2025-11-14,Summer Sale,Email,East,Desktop,Premium
3328,2025-11-14,New Year Blast,Facebook,North,Desktop,New
1952,2025-11-14,Summer Sale,YouTube,South,Tablet,New
488,2025-11-14,Flash Sale,Instagram,West,Desktop,Loyal
4055,2025-11-14,Mega Clearance,YouTube,West,Tablet,Premium
8337,2025-11-14,Flash Sale,Instagram,South,Tablet,Premium
2067,2025-11-14,Flash Sale,LinkedIn,West,Mobile,Returning
4160,2025-11-14,Mega Clearance,Facebook,North,Desktop,Premium
4260,2025-11-14,Winter Sale,Facebook,Central,Desktop,Returning
819,2025-11-14,Winter Sale,Facebook,East,Desktop,Loyal
896,2025-11-14,Back to School,LinkedIn,Central,Desktop,Loyal
6359,2025-11-14,Diwali Bonanza,LinkedIn,East,Mobile,Premium
8163,2025-11-14,Back to School,Facebook,Central,Mobile,Premium
5436,2025-11-14,Diwali Bonanza,Facebook,Central,Mobile,New
7478,2025-11-14,New Year Blast,Facebook,Central,Tablet,Premium
5183,2025-11-14,Back to School,Facebook,North,Tablet,New
4959,2025-11-14,Back to School,YouTube,Central,Desktop,Premium
7851,2025-11-14,New Year Blast,Email,South,Mobile,Premium
7061,2025-11-14,Mega Clearance,Email,West,Desktop,New
1242,2025-11-14,Back to School,YouTube,North,Tablet,Premium
6952,2025-11-14,Black Friday,Email,North,Tablet,Premium
2664,2025-11-15,New Year Blast,LinkedIn,Central,Tablet,Premium
4928,2025-11-15,New Year Blast,YouTube,East,Mobile,Premium
591,2025-11-15,Black Friday,LinkedIn,East,Tablet,Loyal
5114,2025-11-15,Black Friday,Google Search,East,Tablet,Returning
5136,2025-11-15,Festive Combo,LinkedIn,West,Mobile,Loyal
1014,2025-11-15,Diwali Bonanza,YouTube,North,Desktop,New
4707,2025-11-15,New Year Blast,Facebook,West,Desktop,Loyal
9669,2025-11-15,Black Friday,Facebook,North,Desktop,New
8232,2025-11-15,Back to School,LinkedIn,Central,Tablet,New
5338,2025-11-15,Black Friday,Instagram,South,Desktop,Returning
4520,2025-11-15,New Year Blast,Email,Central,Desktop,Returning
2973,2025-11-15,Back to School,Instagram,East,Mobile,New
4713,2025-11-15,Weekend Special,Email,North,Desktop,Returning
3215,2025-11-15,Black Friday,Email,East,Desktop,New
7750,2025-11-15,Back to School,Google Search,Central,Desktop,Loyal
727,2025-11-15,Mega Clearance,YouTube,South,Desktop,New
6836,2025-11-15,Black Friday,Instagram,East,Tablet,Returning
7392,2025-11-15,New Year Blast,Email,West,Desktop,Returning
6676,2025-11-15,Back to School,Instagram,West,Mobile,New
114,2025-11-15,Diwali Bonanza,Facebook,South,Desktop,New
9856,2025-11-15,Diwali Bonanza,Google Search,South,Mobile,Loyal
7071,2025-11-15,New Year Blast,YouTube,West,Mobile,Loyal
3897,2025-11-15,Mega Clearance,Facebook,East,Mobile,Loyal
8646,2025-11-15,Diwali Bonanza,LinkedIn,Central,Tablet,New
3564,2025-11-15,Mega Clearance,Email,West,Tablet,Returning
3504,2025-11-15,Diwali Bonanza,LinkedIn,West,Desktop,Loyal
4407,2025-11-16,Summer Sale,Instagram,West,Mobile,Loyal
7437,2025-11-16,Mega Clearance,Google Search,Central,Desktop,Premium
8815,2025-11-16,Diwali Bonanza,Email,West,Mobile,Loyal
9558,2025-11-16,Back to School,Facebook,North,Tablet,Premium
7701,2025-11-16,Flash Sale,Google Search,Central,Desktop,New
4478,2025-11-16,Winter Sale,LinkedIn,North,Tablet,Returning
4666,2025-11-16,New Year Blast,Email,West,Mobile,Returning
230,2025-11-16,Mega Clearance,Email,East,Desktop,Premium
5900,2025-11-16,Weekend Special,Google Search,South,Mobile,Returning
2917,2025-11-16,New Year Blast,Instagram,West,Mobile,Returning
5282,2025-11-16,Mega Clearance,Google Search,East,Mobile,Returning
3289,2025-11-16,Mega Clearance,Email,East,Tablet,New
8081,2025-11-16,Weekend Special,YouTube,Central,Tablet,Returning
3882,2025-11-16,Black Friday,Google Search,South,Mobile,Returning
8941,2025-11-16,New Year Blast,Email,North,Tablet,Premium
3932,2025-11-16,Weekend Special,Google Search,Central,Desktop,New
6978,2025-11-16,Mega Clearance,YouTube,Central,Tablet,Returning
3300,2025-11-16,Mega Clearance,LinkedIn,Central,Desktop,Returning
9734,2025-11-16,Black Friday,Facebook,West,Tablet,Returning
6179,2025-11-16,Winter Sale,YouTube,South,Desktop,Premium
772,2025-11-16,New Year Blast,YouTube,East,Tablet,Returning
3224,2025-11-16,Mega Clearance,LinkedIn,East,Tablet,Loyal
6248,2025-11-16,Diwali Bonanza,Facebook,West,Desktop,New
1450,2025-11-16,New Year Blast,Instagram,South,Mobile,Returning
4990,2025-11-17,Weekend Special,YouTube,West,Mobile,Loyal
958,2025-11-17,Summer Sale,Google Search,East,Tablet,Returning
1024,2025-11-17,New Year Blast,LinkedIn,North,Tablet,Premium
2298,2025-11-17,Weekend Special,LinkedIn,South,Tablet,Loyal
3403,2025-11-17,Weekend Special,Facebook,East,Mobile,Premium
166,2025-11-17,Festive Combo,Google Search,South,Desktop,Returning
3442,2025-11-17,Mega Clearance,Google Search,North,Mobile,New
7264,2025-11-17,Summer Sale,YouTube,Central,Desktop,New
1239,2025-11-17,Festive Combo,YouTube,North,Tablet,New
9464,2025-11-17,Weekend Special,LinkedIn,West,Desktop,Loyal
486,2025-11-17,Festive Combo,Email,Central,Mobile,Loyal
5013,2025-11-17,Diwali Bonanza,Instagram,North,Desktop,Returning
5725,2025-11-17,Summer Sale,YouTube,North,Tablet,Premium
2667,2025-11-17,Flash Sale,Google Search,West,Mobile,Returning
6495,2025-11-17,Diwali Bonanza,Instagram,East,Desktop,Returning
6517,2025-11-17,Winter Sale,YouTube,Central,Tablet,New
4083,2025-11-17,Back to School,Email,East,Desktop,New
344,2025-11-17,New Year Blast,Email,Central,Mobile,Returning
2888,2025-11-17,Back to School,Facebook,East,Desktop,New
2148,2025-11-17,Flash Sale,Google Search,Central,Mobile,Returning
2475,2025-11-17,Festive Combo,Google Search,South,Desktop,New
789,2025-11-17,Mega Clearance,YouTube,East,Desktop,Premium
5913,2025-11-17,Mega Clearance,Email,North,Desktop,Loyal
8708,2025-11-17,Summer Sale,YouTube,Central,Desktop,Premium
7373,2025-11-17,Winter Sale,Google Search,East,Tablet,Returning
9308,2025-11-17,Winter Sale,Google Search,North,Desktop,Premium
8259,2025-11-17,Summer Sale,YouTube,South,Mobile,Returning
5801,2025-11-17,Festive Combo,Facebook,Central,Mobile,New
5906,2025-11-18,Black Friday,YouTube,West,Desktop,Premium
5213,2025-11-18,New Year Blast,Facebook,North,Tablet,Returning
7317,2025-11-18,Back to School,YouTube,West,Tablet,New
1296,2025-11-18,Diwali Bonanza,Google Search,Central,Mobile,Premium
1084,2025-11-18,Festive Combo,Email,East,Desktop,Loyal
9638,2025-11-18,Winter Sale,Google Search,West,Tablet,Premium
570,2025-11-18,Weekend Special,LinkedIn,West,Tablet,Loyal
540,2025-11-18,Flash Sale,LinkedIn,West,Mobile,New
9671,2025-11-18,Winter Sale,YouTube,East,Tablet,Premium
6839,2025-11-18,Mega Clearance,Facebook,East,Desktop,Premium
8799,2025-11-18,Back to School,Google Search,East,Mobile,Returning
2790,2025-11-18,Flash Sale,YouTube,East,Desktop,Returning
2806,2025-11-18,Mega Clearance,Instagram,East,Tablet,Premium
1211,2025-11-18,New Year Blast,Instagram,West,Mobile,Returning
3981,2025-11-18,Summer Sale,LinkedIn,East,Mobile,New
1501,2025-11-18,Weekend Special,Instagram,North,Mobile,New
4244,2025-11-18,Winter Sale,Google Search,South,Desktop,Premium
8283,2025-11-18,Back to School,YouTube,West,Tablet,Returning
4367,2025-11-18,Back to School,YouTube,Central,Mobile,Returning
4612,2025-11-18,Weekend Special,LinkedIn,West,Tablet,New
3109,2025-11-18,Flash Sale,YouTube,Central,Tablet,Premium
4767,2025-11-18,Festive Combo,Instagram,Central,Mobile,Loyal
3105,2025-11-18,Festive Combo,Email,North,Mobile,New
8144,2025-11-18,Back to School,Email,South,Mobile,Premium
9324,2025-11-18,Black Friday,Google Search,West,Tablet,New
8325,2025-11-18,Weekend Special,YouTube,East,Mobile,Returning
5731,2025-11-19,Summer Sale,Google Search,East,Mobile,Loyal
805,2025-11-19,Flash Sale,LinkedIn,East,Mobile,Loyal
4538,2025-11-19,Summer Sale,YouTube,Central,Desktop,New
5921,2025-11-19,Flash Sale,YouTube,Central,Desktop,New
8243,2025-11-19,Festive Combo,Google Search,Central,Mobile,Premium
4991,2025-11-19,Festive Combo,YouTube,West,Mobile,Premium
6390,2025-11-19,New Year Blast,Google Search,West,Desktop,New
3772,2025-11-19,Back to School,Facebook,West,Tablet,New
9141,2025-11-19,Diwali Bonanza,YouTube,South,Mobile,Returning
3648,2025-11-19,New Year Blast,YouTube,North,Tablet,New
3642,2025-11-19,New Year Blast,LinkedIn,South,Tablet,New
9123,2025-11-19,Diwali Bonanza,Email,Central,Tablet,Returning
168,2025-11-19,Mega Clearance,Facebook,South,Desktop,New
2228,2025-11-19,Festive Combo,YouTube,West,Desktop,Loyal
9944,2025-11-19,Winter Sale,Google Search,South,Mobile,Loyal
9947,2025-11-19,Festive Combo,Google Search,West,Mobile,Returning
2247,2025-11-19,Weekend Special,YouTube,North,Tablet,Premium
4049,2025-11-19,Flash Sale,Instagram,East,Mobile,New
1612,2025-11-19,New Year Blast,Facebook,Central,Tablet,Loyal
1857,2025-11-19,Mega Clearance,Google Search,North,Tablet,Returning
5304,2025-11-19,New Year Blast,LinkedIn,West,Mobile,New
3075,2025-11-19,Summer Sale,LinkedIn,South,Tablet,Returning
7990,2025-11-19,Flash Sale,LinkedIn,North,Mobile,Premium
2736,2025-11-20,Back to School,YouTube,North,Tablet,New
3189,2025-11-20,Black Friday,LinkedIn,South,Mobile,Loyal
311,2025-11-20,Diwali Bonanza,Facebook,North,Tablet,Loyal
1492,2025-11-20,Weekend Special,Instagram,West,Desktop,Premium
3824,2025-11-20,Mega Clearance,YouTube,East,Mobile,New
6596,2025-11-20,Mega Clearance,LinkedIn,South,Mobile,Premium
4810,2025-11-20,Weekend Special,Instagram,West,Desktop,Returning
7928,2025-11-20,Mega Clearance,Email,East,Desktop,Premium
3964,2025-11-20,Weekend Special,LinkedIn,South,Desktop,Loyal
3049,2025-11-20,Back to School,Google Search,East,Desktop,Loyal
1387,2025-11-20,Back to School,YouTube,West,Mobile,Premium
8151,2025-11-20,Winter Sale,YouTube,North,Desktop,New
9727,2025-11-20,Diwali Bonanza,YouTube,West,Tablet,Premium
1225,2025-11-20,Back to School,Instagram,South,Desktop,Returning
7552,2025-11-20,Flash Sale,Facebook,Central,Tablet,Premium
5821,2025-11-20,Flash Sale,Google Search,North,Mobile,Returning
7881,2025-11-20,Black Friday,Email,West,Desktop,Returning
5837,2025-11-20,Mega Clearance,Google Search,East,Mobile,Returning
4729,2025-11-20,Mega Clearance,Google Search,East,Tablet,New
2772,2025-11-20,Mega Clearance,Facebook,Central,Tablet,Returning
9639,2025-11-20,New Year Blast,Instagram,North,Mobile,Returning
930,2025-11-20,Mega Clearance,LinkedIn,Central,Tablet,Premium
2221,2025-11-20,Black Friday,Facebook,West,Mobile,Returning
2984,2025-11-20,Back to School,Email,South,Tablet,Premium
7837,2025-11-20,Back to School,YouTube,North,Mobile,Premium
7248,2025-11-20,Mega Clearance,Email,North,Mobile,Returning
7234,2025-11-20,New Year Blast,YouTube,West,Tablet,Returning
2255,2025-11-20,Mega Clearance,Facebook,East,Desktop,Returning
3176,2025-11-20,Flash Sale,Facebook,East,Desktop,Premium
9404,2025-11-21,Diwali Bonanza,Google Search,Central,Mobile,Returning
9966,2025-11-21,Summer Sale,LinkedIn,South,Mobile,Returning
2720,2025-11-21,Back to School,Instagram,North,Desktop,Loyal
4022,2025-11-21,Festive Combo,LinkedIn,South,Desktop,Premium
8862,2025-11-21,Mega Clearance,Facebook,North,Tablet,Returning
7149,2025-11-21,Festive Combo,LinkedIn,South,Tablet,Returning
7520,2025-11-21,Black Friday,Email,Central,Mobile,New
6341,2025-11-21,Mega Clearance,Email,North,Mobile,Premium
1981,2025-11-21,New Year Blast,YouTube,Central,Mobile,New
9214,2025-11-21,Back to School,Facebook,North,Tablet,Loyal
1984,2025-11-21,Festive Combo,Email,Central,Mobile,Premium
8659,2025-11-21,Festive Combo,LinkedIn,East,Tablet,New
8587,2025-11-21,Mega Clearance,YouTube,South,Tablet,Loyal
9857,2025-11-21,Back to School,Email,North,Desktop,Premium
5115,2025-11-21,Festive Combo,LinkedIn,West,Mobile,Returning
7557,2025-11-21,Mega Clearance,YouTube,West,Tablet,New
3658,2025-11-21,Mega Clearance,Instagram,North,Desktop,Premium
9867,2025-11-21,Back to School,YouTube,East,Desktop,Premium
7947,2025-11-21,Festive Combo,Email,Central,Mobile,Loyal
7495,2025-11-21,Black Friday,YouTube,North,Tablet,Returning
8352,2025-11-21,Summer Sale,Google Search,North,Mobile,Premium
4644,2025-11-21,Flash Sale,Instagram,West,Tablet,New
811,2025-11-21,Diwali Bonanza,Instagram,East,Mobile,Returning
7796,2025-11-21,New Year Blast,Facebook,West,Tablet,Premium
5521,2025-11-21,Diwali Bonanza,LinkedIn,South,Mobile,Premium
4098,2025-11-21,New Year Blast,YouTube,East,Desktop,New
9049,2025-11-21,Mega Clearance,YouTube,East,Desktop,New
1812,2025-11-21,Winter Sale,Google Search,South,Mobile,Returning
1796,2025-11-21,Black Friday,YouTube,East,Tablet,Returning
706,2025-11-21,Mega Clearance,Email,Central,Mobile,Loyal
954,2025-11-21,Flash Sale,Instagram,North,Mobile,Premium
8969,2025-11-21,Back to School,LinkedIn,Central,Desktop,Loyal
4208,2025-11-21,New Year Blast,LinkedIn,North,Mobile,New
4775,2025-11-21,Back to School,YouTube,North,Tablet,Loyal
6165,2025-11-22,Back to School,LinkedIn,South,Desktop,Loyal
5829,2025-11-22,Mega Clearance,Google Search,Central,Tablet,Loyal
7350,2025-11-22,Winter Sale,Instagram,West,Mobile,Loyal
3553,2025-11-22,Black Friday,Google Search,West,Tablet,Returning
160,2025-11-22,Festive Combo,Google Search,West,Desktop,Loyal
1551,2025-11-22,New Year Blast,YouTube,West,Desktop,Returning
1670,2025-11-22,Weekend Special,YouTube,North,Desktop,Premium
5606,2025-11-22,Flash Sale,Facebook,North,Desktop,Returning
5578,2025-11-22,New Year Blast,Email,South,Desktop,Loyal
122,2025-11-22,Festive Combo,YouTube,South,Desktop,Returning
6958,2025-11-22,Winter Sale,Instagram,South,Desktop,Premium
8612,2025-11-22,Summer Sale,LinkedIn,North,Desktop,Premium
8561,2025-11-22,Festive Combo,Google Search,West,Mobile,Premium
5917,2025-11-22,Flash Sale,LinkedIn,North,Mobile,Loyal
6191,2025-11-22,Festive Combo,LinkedIn,South,Tablet,Loyal
2873,2025-11-22,Weekend Special,Google Search,West,Desktop,New
6033,2025-11-22,Diwali Bonanza,LinkedIn,North,Desktop,Premium
6297,2025-11-22,Back to School,LinkedIn,West,Mobile,Returning
2853,2025-11-22,Mega Clearance,Email,North,Tablet,Loyal
1963,2025-11-22,Diwali Bonanza,Google Search,South,Mobile,Premium
8299,2025-11-22,Diwali Bonanza,LinkedIn,West,Tablet,Premium
5945,2025-11-22,Festive Combo,Facebook,West,Desktop,Premium
683,2025-11-22,Winter Sale,YouTube,North,Mobile,Premium
8393,2025-11-22,Mega Clearance,Facebook,North,Desktop,Returning
4243,2025-11-22,Festive Combo,Email,East,Desktop,New
9821,2025-11-22,Festive Combo,Google Search,South,Desktop,Premium
4057,2025-11-22,Mega Clearance,Instagram,Central,Mobile,New
9265,2025-11-22,New Year Blast,Instagram,East,Mobile,Returning
6508,2025-11-22,Winter Sale,Google Search,West,Mobile,Premium
9234,2025-11-23,Diwali Bonanza,Email,Central,Tablet,Loyal
8734,2025-11-23,Diwali Bonanza,Facebook,South,Tablet,New
4031,2025-11-23,Black Friday,Instagram,South,Desktop,Loyal
5540,2025-11-23,New Year Blast,Facebook,West,Tablet,Loyal
5432,2025-11-23,Diwali Bonanza,YouTube,North,Desktop,Premium
139,2025-11-23,Festive Combo,Google Search,North,Tablet,Premium
6583,2025-11-23,Diwali Bonanza,Instagram,North,Desktop,Returning
7835,2025-11-23,Back to School,Email,South,Tablet,New
2333,2025-11-23,Summer Sale,Instagram,North,Tablet,Premium
8563,2025-11-23,Flash Sale,Facebook,West,Tablet,Returning
4913,2025-11-23,Flash Sale,LinkedIn,Central,Tablet,New
5241,2025-11-23,Flash Sale,Facebook,West,Mobile,Returning
2905,2025-11-23,Black Friday,Facebook,Central,Tablet,Premium
8835,2025-11-23,Summer Sale,Google Search,Central,Tablet,Premium
4907,2025-11-23,Winter Sale,LinkedIn,South,Desktop,Loyal
9090,2025-11-24,Weekend Special,Facebook,East,Mobile,Premium
639,2025-11-24,Mega Clearance,Google Search,West,Mobile,Premium
1384,2025-11-24,Back to School,YouTube,North,Tablet,Returning
9419,2025-11-24,New Year Blast,Instagram,East,Mobile,Returning
695,2025-11-24,Back to School,Instagram,East,Tablet,Premium
976,2025-11-24,Summer Sale,Instagram,Central,Tablet,Loyal
1287,2025-11-24,Festive Combo,Google Search,East,Desktop,Returning
1642,2025-11-24,New Year Blast,Google Search,South,Mobile,Returning
1960,2025-11-24,Black Friday,Instagram,Central,Mobile,Loyal
2598,2025-11-24,Diwali Bonanza,LinkedIn,South,Desktop,Loyal
1,2025-11-24,Winter Sale,Google Search,East,Mobile,Returning
4838,2025-11-24,Weekend Special,Google Search,Central,Desktop,Loyal
8877,2025-11-24,Winter Sale,YouTube,South,Desktop,New
8155,2025-11-24,New Year Blast,LinkedIn,East,Desktop,Returning
8152,2025-11-24,Festive Combo,Email,West,Tablet,Premium
3739,2025-11-24,Black Friday,YouTube,East,Tablet,New
5958,2025-11-24,New Year Blast,Facebook,West,Desktop,Returning
6810,2025-11-24,Mega Clearance,Google Search,South,Desktop,Loyal
4949,2025-11-24,Mega Clearance,LinkedIn,East,Desktop,Premium
4569,2025-11-24,Black Friday,Google Search,West,Mobile,Premium
6990,2025-11-24,Diwali Bonanza,Google Search,West,Mobile,Loyal
7525,2025-11-24,Winter Sale,Email,North,Desktop,Loyal
3367,2025-11-24,New Year Blast,Facebook,Central,Tablet,Returning
8648,2025-11-24,Flash Sale,Email,North,Desktop,Premium
7209,2025-11-24,Black Friday,YouTube,South,Desktop,Premium
8016,2025-11-24,Mega Clearance,Instagram,West,Desktop,Premium
8822,2025-11-25,Flash Sale,Google Search,East,Tablet,New
1392,2025-11-25,Diwali Bonanza,Google Search,West,Mobile,Premium
6773,2025-11-25,Weekend Special,Instagram,West,Tablet,New
8087,2025-11-25,Winter Sale,Email,Central,Desktop,Premium
9394,2025-11-25,Black Friday,YouTube,North,Desktop,Loyal
24,2025-11-25,Back to School,Google Search,East,Desktop,Returning
4846,2025-11-25,Festive Combo,YouTube,West,Mobile,Returning
4463,2025-11-25,New Year Blast,YouTube,South,Tablet,New
4481,2025-11-25,New Year Blast,Instagram,Central,Tablet,Loyal
7993,2025-11-25,Weekend Special,Email,South,Mobile,Loyal
6826,2025-11-25,Back to School,Facebook,East,Mobile,New
1872,2025-11-25,Black Friday,Facebook,Central,Mobile,New
3889,2025-11-25,Back to School,Facebook,North,Mobile,Returning
7180,2025-11-25,Winter Sale,Facebook,East,Mobile,Returning
6931,2025-11-25,Black Friday,Facebook,North,Desktop,Loyal
8509,2025-11-25,Weekend Special,Google Search,Central,Desktop,Returning
3581,2025-11-25,Winter Sale,Email,Central,Mobile,Loyal
8636,2025-11-25,Black Friday,LinkedIn,North,Desktop,Premium
3053,2025-11-25,Back to School,Facebook,North,Mobile,Loyal
4615,2025-11-25,Winter Sale,Email,South,Mobile,New
9455,2025-11-25,New Year Blast,Email,South,Tablet,Premium
6428,2025-11-25,New Year Blast,Email,South,Tablet,Returning
6617,2025-11-25,Back to School,Google Search,North,Desktop,Premium
9648,2025-11-25,Winter Sale,YouTube,Central,Tablet,New
970,2025-11-25,Back to School,Google Search,North,Tablet,New
7809,2025-11-25,New Year Blast,YouTube,South,Tablet,New
7477,2025-11-25,Back to School,LinkedIn,West,Desktop,Loyal
450,2025-11-25,Festive Combo,LinkedIn,South,Tablet,Premium
5454,2025-11-25,Flash Sale,YouTube,Central,Mobile,New
5147,2025-11-25,Summer Sale,Facebook,Central,Mobile,New
2655,2025-11-25,Back to School,YouTube,North,Tablet,New
9611,2025-11-25,Festive Combo,Email,North,Desktop,Premium
7365,2025-11-25,Festive Combo,Facebook,West,Mobile,Returning
7335,2025-11-25,New Year Blast,Facebook,North,Tablet,Premium
7920,2025-11-25,Mega Clearance,LinkedIn,South,Tablet,New
795,2025-11-25,Mega Clearance,Email,South,Mobile,Premium
6863,2025-11-26,Winter Sale,YouTube,East,Mobile,Premium
6534,2025-11-26,Mega Clearance,LinkedIn,Central,Mobile,New
8271,2025-11-26,New Year Blast,Email,Central,Desktop,New
4006,2025-11-26,Summer Sale,Google Search,North,Tablet,Returning
6275,2025-11-26,Diwali Bonanza,Facebook,West,Mobile,Returning
6167,2025-11-26,Summer Sale,Google Search,East,Desktop,Returning
310,2025-11-26,Diwali Bonanza,YouTube,West,Tablet,Loyal
1750,2025-11-26,Back to School,LinkedIn,West,Tablet,Loyal
6963,2025-11-26,Diwali Bonanza,Google Search,North,Tablet,New
8272,2025-11-26,Festive Combo,Facebook,West,Desktop,Loyal
4608,2025-11-26,Weekend Special,YouTube,Central,Tablet,Loyal
6001,2025-11-26,Weekend Special,Email,Central,Desktop,New
1329,2025-11-26,Flash Sale,Instagram,West,Tablet,Loyal
227,2025-11-26,Summer Sale,Google Search,West,Desktop,Loyal
8001,2025-11-26,Diwali Bonanza,Instagram,East,Tablet,Loyal
5293,2025-11-26,Summer Sale,LinkedIn,North,Desktop,Loyal
3190,2025-11-26,Back to School,Facebook,North,Desktop,New
4972,2025-11-26,Black Friday,Facebook,East,Tablet,Returning
9878,2025-11-26,Summer Sale,LinkedIn,Central,Desktop,Returning
4924,2025-11-26,Weekend Special,Email,South,Mobile,Loyal
8759,2025-11-26,Diwali Bonanza,Google Search,North,Tablet,New
3303,2025-11-26,Diwali Bonanza,YouTube,South,Desktop,New
4743,2025-11-26,Winter Sale,Email,West,Tablet,Returning
5378,2025-11-26,Weekend Special,Instagram,South,Tablet,Loyal
3549,2025-11-27,Diwali Bonanza,LinkedIn,South,Mobile,Returning
562,2025-11-27,Winter Sale,Facebook,Central,Tablet,Premium
7199,2025-11-27,Festive Combo,LinkedIn,East,Desktop,Loyal
9790,2025-11-27,Flash Sale,LinkedIn,Central,Tablet,Loyal
3353,2025-11-27,Summer Sale,YouTube,East,Tablet,New
7247,2025-11-27,Black Friday,LinkedIn,West,Tablet,Returning
5107,2025-11-27,Black Friday,Facebook,East,Desktop,Returning
4383,2025-11-27,Summer Sale,Google Search,South,Mobile,Returning
9151,2025-11-27,New Year Blast,Email,East,Desktop,New
2132,2025-11-27,Festive Combo,LinkedIn,West,Tablet,Returning
130,2025-11-27,Festive Combo,LinkedIn,North,Mobile,Premium
9256,2025-11-27,Flash Sale,Instagram,Central,Desktop,Loyal
4329,2025-11-27,Back to School,Facebook,West,Mobile,Premium
6686,2025-11-27,Summer Sale,Google Search,North,Desktop,Premium
6821,2025-11-27,Festive Combo,Email,West,Desktop,New
282,2025-11-27,Flash Sale,Email,East,Mobile,Premium
5614,2025-11-27,Summer Sale,Facebook,East,Mobile,Premium
7342,2025-11-27,Mega Clearance,Google Search,East,Mobile,New
4770,2025-11-27,New Year Blast,Google Search,South,Desktop,Premium
5464,2025-11-27,Festive Combo,Instagram,Central,Desktop,Loyal
1049,2025-11-27,Festive Combo,Google Search,Central,Mobile,Returning
5319,2025-11-27,Diwali Bonanza,YouTube,East,Mobile,Returning
6041,2025-11-27,Diwali Bonanza,LinkedIn,West,Mobile,New
8760,2025-11-27,Mega Clearance,Google Search,South,Mobile,Returning
4646,2025-11-27,Mega Clearance,Facebook,North,Tablet,Returning
2934,2025-11-27,Winter Sale,LinkedIn,North,Desktop,Premium
2820,2025-11-27,Black Friday,LinkedIn,East,Mobile,Premium
2780,2025-11-27,Black Friday,Email,Central,Mobile,Premium
5738,2025-11-28,Back to School,Email,West,Tablet,Loyal
1692,2025-11-28,New Year Blast,Google Search,South,Tablet,Premium
5244,2025-11-28,Festive Combo,LinkedIn,West,Mobile,New
9311,2025-11-28,Mega Clearance,Instagram,North,Tablet,Premium
1187,2025-11-28,Black Friday,Facebook,Central,Mobile,Loyal
7676,2025-11-28,Weekend Special,Google Search,South,Desktop,Returning
1441,2025-11-28,Diwali Bonanza,LinkedIn,Central,Tablet,New
8989,2025-11-28,Summer Sale,LinkedIn,Central,Mobile,Returning
617,2025-11-28,New Year Blast,LinkedIn,West,Tablet,Loyal
1882,2025-11-28,New Year Blast,Google Search,East,Mobile,Returning
6895,2025-11-28,Black Friday,YouTube,South,Desktop,Loyal
508,2025-11-28,Winter Sale,YouTube,South,Tablet,Returning
9155,2025-11-28,Weekend Special,Email,North,Desktop,New
780,2025-11-28,Weekend Special,LinkedIn,South,Tablet,Premium
5214,2025-11-28,New Year Blast,Facebook,West,Tablet,Premium
4579,2025-11-28,Flash Sale,Instagram,North,Tablet,New
209,2025-11-28,Winter Sale,YouTube,West,Tablet,Premium
4986,2025-11-28,Flash Sale,Google Search,South,Mobile,Returning
4995,2025-11-28,Weekend Special,Instagram,West,Mobile,Loyal
9127,2025-11-28,Weekend Special,Instagram,South,Tablet,New
1371,2025-11-28,Summer Sale,Facebook,South,Desktop,Returning
8756,2025-11-28,Winter Sale,Instagram,West,Desktop,New
687,2025-11-28,Black Friday,YouTube,South,Desktop,Loyal
689,2025-11-28,Diwali Bonanza,Email,North,Mobile,Premium
5143,2025-11-28,Winter Sale,Instagram,Central,Desktop,New
6087,2025-11-28,New Year Blast,LinkedIn,North,Tablet,New
1349,2025-11-28,New Year Blast,Email,North,Tablet,New
7118,2025-11-29,Flash Sale,LinkedIn,North,Desktop,Premium
2688,2025-11-29,Festive Combo,Email,West,Desktop,Loyal
9660,2025-11-29,Flash Sale,Instagram,South,Tablet,Premium
7578,2025-11-29,Back to School,Google Search,West,Tablet,New
5867,2025-11-29,Black Friday,LinkedIn,North,Mobile,New
7700,2025-11-29,Diwali Bonanza,Instagram,Central,Tablet,New
2062,2025-11-29,Flash Sale,YouTube,West,Mobile,Premium
7143,2025-11-29,Weekend Special,LinkedIn,North,Tablet,Returning
8417,2025-11-29,Flash Sale,Google Search,Central,Tablet,Loyal
210,2025-11-29,Flash Sale,Google Search,South,Mobile,New
9448,2025-11-29,Summer Sale,LinkedIn,Central,Desktop,Loyal
9381,2025-11-29,Summer Sale,Instagram,North,Tablet,New
8131,2025-11-29,Summer Sale,Google Search,North,Tablet,Returning
2962,2025-11-29,New Year Blast,LinkedIn,South,Mobile,New
8183,2025-11-29,Weekend Special,LinkedIn,North,Tablet,Premium
3823,2025-11-29,Weekend Special,LinkedIn,East,Mobile,Returning
1246,2025-11-29,Festive Combo,YouTube,Central,Tablet,Returning
9918,2025-11-29,New Year Blast,Google Search,North,Tablet,Premium
5322,2025-11-29,New Year Blast,Instagram,East,Mobile,Premium
5391,2025-11-29,Black Friday,Instagram,Central,Tablet,Premium
1873,2025-11-29,Back to School,YouTube,Central,Desktop,Premium
1948,2025-11-29,Diwali Bonanza,Google Search,Central,Desktop,New
5657,2025-11-29,Flash Sale,Google Search,South,Tablet,Returning
5207,2025-11-29,Diwali Bonanza,Google Search,South,Desktop,Returning
3055,2025-11-29,Back to School,LinkedIn,North,Desktop,Loyal
1977,2025-11-29,Festive Combo,LinkedIn,West,Desktop,Premium
3140,2025-11-29,Mega Clearance,YouTube,South,Mobile,Returning
6368,2025-11-29,Weekend Special,LinkedIn,North,Desktop,Loyal
2458,2025-11-29,Black Friday,Instagram,West,Desktop,New
113,2025-11-30,Summer Sale,Google Search,South,Mobile,New
7344,2025-11-30,Winter Sale,Email,South,Desktop,Loyal
5511,2025-11-30,Diwali Bonanza,Facebook,East,Mobile,Returning
3720,2025-11-30,Diwali Bonanza,Email,North,Desktop,New
9323,2025-11-30,Flash Sale,Instagram,East,Mobile,Loyal
5504,2025-11-30,Winter Sale,Email,Central,Desktop,Loyal
4471,2025-11-30,New Year Blast,Instagram,Central,Desktop,New
6884,2025-11-30,Mega Clearance,Email,West,Tablet,Loyal
4465,2025-11-30,New Year Blast,Email,South,Tablet,New
7907,2025-11-30,Summer Sale,Instagram,Central,Mobile,New
1769,2025-11-30,Summer Sale,Instagram,Central,Mobile,Returning
6717,2025-11-30,Back to School,LinkedIn,Central,Desktop,New
2322,2025-11-30,Back to School,Facebook,North,Desktop,Loyal
2509,2025-11-30,Back to School,Google Search,South,Tablet,Premium
489,2025-11-30,Mega Clearance,Facebook,East,Desktop,Returning
4327,2025-11-30,Summer Sale,Instagram,Central,Desktop,New
7341,2025-11-30,Mega Clearance,Email,Central,Desktop,Premium
2809,2025-11-30,New Year Blast,LinkedIn,North,Desktop,Loyal
5398,2025-11-30,Black Friday,Google Search,Central,Tablet,New
9871,2025-11-30,Festive Combo,LinkedIn,East,Tablet,New
6897,2025-11-30,Black Friday,Instagram,West,Tablet,Returning
3758,2025-11-30,Weekend Special,Email,South,Mobile,Returning
4283,2025-11-30,Festive Combo,Email,South,Desktop,New
7995,2025-11-30,Flash Sale,Instagram,Central,Desktop,Returning
4747,2025-11-30,Winter Sale,Facebook,South,Tablet,Premium
7014,2025-11-30,New Year Blast,YouTube,West,Mobile,New
9445,2025-11-30,Festive Combo,YouTube,East,Mobile,Premium
347,2025-11-30,Black Friday,Email,West,Tablet,New
8706,2025-11-30,Black Friday,YouTube,North,Desktop,Loyal
4980,2025-11-30,Festive Combo,LinkedIn,Central,Mobile,Premium
9451,2025-11-30,Black Friday,LinkedIn,West,Mobile,Returning
4803,2025-11-30,Flash Sale,LinkedIn,North,Tablet,Returning
8070,2025-11-30,Summer Sale,LinkedIn,South,Tablet,New
838,2025-12-01,Flash Sale,Instagram,Central,Tablet,New
7082,2025-12-01,Mega Clearance,LinkedIn,Central,Tablet,Premium
1181,2025-12-01,Summer Sale,Google Search,West,Desktop,Returning
1774,2025-12-01,Flash Sale,YouTube,North,Desktop,Loyal
419,2025-12-01,Back to School,Google Search,South,Tablet,Loyal
2967,2025-12-01,Flash Sale,Google Search,Central,Desktop,Premium
6423,2025-12-01,Winter Sale,Email,East,Tablet,New
5938,2025-12-01,Festive Combo,LinkedIn,North,Mobile,Returning
1029,2025-12-01,Diwali Bonanza,Email,Central,Tablet,Returning
2514,2025-12-01,Black Friday,Email,East,Tablet,Returning
4190,2025-12-01,Black Friday,Email,West,Tablet,Premium
7870,2025-12-01,Mega Clearance,Instagram,West,Desktop,Premium
2379,2025-12-01,Diwali Bonanza,LinkedIn,South,Desktop,Premium
6763,2025-12-01,Winter Sale,Instagram,East,Tablet,New
6490,2025-12-01,Summer Sale,Google Search,Central,Desktop,Returning
2000,2025-12-01,Black Friday,Instagram,South,Tablet,Returning
1546,2025-12-01,Diwali Bonanza,Google Search,North,Desktop,Premium
7605,2025-12-01,Diwali Bonanza,Google Search,South,Mobile,Premium
1679,2025-12-01,Back to School,Google Search,West,Mobile,Loyal
5717,2025-12-01,Mega Clearance,LinkedIn,West,Mobile,Loyal
7121,2025-12-01,Flash Sale,LinkedIn,West,Desktop,Premium
9456,2025-12-01,Black Friday,LinkedIn,East,Tablet,Premium
3876,2025-12-01,Winter Sale,YouTube,West,Desktop,Premium
7332,2025-12-01,New Year Blast,Facebook,East,Desktop,Returning
8381,2025-12-01,Summer Sale,Google Search,West,Tablet,New
4511,2025-12-01,Festive Combo,LinkedIn,South,Tablet,New
7740,2025-12-02,Summer Sale,Instagram,South,Tablet,Returning
7753,2025-12-02,Diwali Bonanza,Instagram,Central,Desktop,Returning
878,2025-12-02,Summer Sale,Facebook,North,Desktop,Loyal
7272,2025-12-02,Summer Sale,Facebook,North,Mobile,New
8422,2025-12-02,Weekend Special,Email,North,Mobile,Loyal
3800,2025-12-02,Summer Sale,LinkedIn,South,Tablet,Loyal
232,2025-12-02,Weekend Special,YouTube,South,Desktop,Loyal
3872,2025-12-02,Winter Sale,Google Search,East,Mobile,Loyal
2130,2025-12-02,Diwali Bonanza,Instagram,Central,Desktop,Loyal
5902,2025-12-02,Black Friday,Email,East,Tablet,Loyal
3736,2025-12-02,Weekend Special,YouTube,East,Desktop,Returning
9045,2025-12-02,Winter Sale,LinkedIn,North,Tablet,Premium
266,2025-12-02,Winter Sale,Facebook,West,Desktop,Loyal
8694,2025-12-02,Black Friday,YouTube,Central,Desktop,Premium
7546,2025-12-02,Diwali Bonanza,Instagram,North,Mobile,New
8330,2025-12-02,New Year Blast,YouTube,Central,Mobile,Loyal
9546,2025-12-02,New Year Blast,Email,West,Mobile,Returning
4930,2025-12-02,New Year Blast,Instagram,West,Tablet,Loyal
2281,2025-12-02,Mega Clearance,LinkedIn,West,Desktop,Loyal
2270,2025-12-02,Summer Sale,Email,South,Desktop,Returning
4731,2025-12-02,Winter Sale,Email,South,Mobile,Loyal
6735,2025-12-02,New Year Blast,Email,West,Desktop,New
2747,2025-12-02,New Year Blast,Instagram,South,Mobile,New
698,2025-12-02,Festive Combo,Instagram,East,Desktop,Loyal
5162,2025-12-02,Flash Sale,Email,Central,Tablet,Loyal
5165,2025-12-02,Weekend Special,LinkedIn,South,Desktop,Loyal
7382,2025-12-02,New Year Blast,Google Search,Central,Mobile,Returning
7927,2025-12-02,Back to School,LinkedIn,North,Mobile,New
9859,2025-12-02,Black Friday,Email,East,Desktop,Returning
745,2025-12-02,Back to School,Google Search,Central,Tablet,Returning
8519,2025-12-02,Festive Combo,YouTube,East,Tablet,Returning
756,2025-12-02,Festive Combo,Instagram,East,Mobile,Returning
1724,2025-12-02,New Year Blast,YouTube,West,Mobile,Returning
5326,2025-12-03,Winter Sale,Instagram,West,Desktop,New
3070,2025-12-03,Back to School,Instagram,North,Mobile,New
4894,2025-12-03,Flash Sale,Google Search,Central,Desktop,Returning
2542,2025-12-03,Weekend Special,Instagram,Central,Tablet,New
1807,2025-12-03,Diwali Bonanza,Facebook,West,Tablet,Premium
3121,2025-12-03,Summer Sale,LinkedIn,South,Desktop,Premium
52,2025-12-03,Mega Clearance,Email,Central,Desktop,Premium
4710,2025-12-03,Winter Sale,Instagram,North,Tablet,New
1136,2025-12-03,Flash Sale,Facebook,North,Mobile,Loyal
1150,2025-12-03,New Year Blast,YouTube,Central,Mobile,Premium
8164,2025-12-03,Back to School,Google Search,Central,Desktop,Loyal
5783,2025-12-03,Winter Sale,LinkedIn,South,Tablet,New
1172,2025-12-03,Mega Clearance,Facebook,North,Tablet,Returning
5170,2025-12-03,New Year Blast,Instagram,South,Tablet,Loyal
7941,2025-12-03,Festive Combo,Google Search,South,Mobile,Returning
1831,2025-12-03,Festive Combo,Facebook,South,Desktop,Loyal
973,2025-12-03,Festive Combo,Email,Central,Tablet,Premium
9928,2025-12-03,Summer Sale,YouTube,West,Mobile,Loyal
5541,2025-12-03,Festive Combo,Google Search,East,Desktop,Returning
983,2025-12-03,Diwali Bonanza,Email,Central,Desktop,Premium
9330,2025-12-03,Summer Sale,LinkedIn,South,Tablet,Returning
7951,2025-12-03,Mega Clearance,LinkedIn,Central,Desktop,Premium
9191,2025-12-03,Flash Sale,Instagram,Central,Desktop,New
8041,2025-12-03,Mega Clearance,Facebook,West,Tablet,New
3235,2025-12-03,Weekend Special,Google Search,East,Mobile,Premium
758,2025-12-03,Back to School,YouTube,West,Mobile,New
3765,2025-12-03,New Year Blast,YouTube,South,Desktop,Loyal
3705,2025-12-03,Winter Sale,Email,South,Mobile,Loyal
9130,2025-12-03,Black Friday,Google Search,Central,Tablet,Returning
3740,2025-12-03,Mega Clearance,Email,West,Desktop,Returning
2120,2025-12-03,Mega Clearance,Google Search,West,Mobile,New
3052,2025-12-03,Festive Combo,Email,West,Desktop,Premium
279,2025-12-03,Mega Clearance,Facebook,East,Mobile,Returning
8591,2025-12-03,Summer Sale,LinkedIn,East,Desktop,Returning
6944,2025-12-03,Winter Sale,Facebook,South,Tablet,New
3807,2025-12-03,Back to School,LinkedIn,North,Desktop,Premium
6976,2025-12-03,New Year Blast,Email,North,Mobile,New
6678,2025-12-03,Festive Combo,YouTube,West,Desktop,New
2212,2025-12-04,Weekend Special,Email,West,Desktop,Premium
5566,2025-12-04,Summer Sale,Google Search,West,Tablet,New
2647,2025-12-04,Mega Clearance,Google Search,Central,Mobile,Premium
5992,2025-12-04,Diwali Bonanza,Facebook,North,Mobile,Returning
87,2025-12-04,Winter Sale,Instagram,Central,Tablet,Premium
5916,2025-12-04,Diwali Bonanza,Instagram,South,Tablet,Returning
9799,2025-12-04,Summer Sale,Email,East,Desktop,Returning
4552,2025-12-04,Festive Combo,Email,Central,Mobile,Returning
1656,2025-12-04,Diwali Bonanza,YouTube,Central,Mobile,Loyal
1645,2025-12-04,Weekend Special,Google Search,West,Mobile,Premium
2183,2025-12-04,Flash Sale,Email,North,Tablet,Premium
759,2025-12-04,Black Friday,Google Search,East,Desktop,Premium
496,2025-12-04,Diwali Bonanza,YouTube,West,Desktop,New
4395,2025-12-04,Summer Sale,Instagram,West,Desktop,Loyal
8906,2025-12-04,Back to School,Facebook,North,Desktop,Loyal
1154,2025-12-04,Festive Combo,Instagram,South,Desktop,Returning
4359,2025-12-04,Weekend Special,Instagram,East,Mobile,Premium
7289,2025-12-04,New Year Blast,Google Search,East,Tablet,Returning
6668,2025-12-04,Festive Combo,Google Search,South,Desktop,Premium
2050,2025-12-04,Black Friday,YouTube,North,Mobile,Loyal
39,2025-12-04,Flash Sale,Instagram,West,Desktop,Loyal
3018,2025-12-04,Back to School,Email,South,Mobile,Returning
869,2025-12-04,Winter Sale,YouTube,South,Desktop,Returning
2367,2025-12-04,Diwali Bonanza,Facebook,South,Desktop,Premium
7526,2025-12-04,Back to School,LinkedIn,East,Mobile,Loyal
5693,2025-12-04,Winter Sale,Google Search,East,Desktop,Loyal
3945,2025-12-04,Diwali Bonanza,Google Search,Central,Mobile,Loyal
6181,2025-12-04,Flash Sale,Facebook,South,Tablet,Premium
9376,2025-12-04,Festive Combo,LinkedIn,West,Mobile,Loyal
3959,2025-12-04,Mega Clearance,Email,North,Mobile,Loyal
1564,2025-12-04,Mega Clearance,YouTube,Central,Tablet,Returning
9823,2025-12-04,Festive Combo,Email,Central,Desktop,Premium
6193,2025-12-04,Mega Clearance,Instagram,West,Tablet,Premium
6397,2025-12-04,Back to School,LinkedIn,West,Desktop,New
31,2025-12-04,Festive Combo,Email,South,Desktop,Loyal
1308,2025-12-04,Weekend Special,Email,North,Desktop,New
8025,2025-12-04,Mega Clearance,Google Search,South,Tablet,Loyal
1342,2025-12-04,Weekend Special,YouTube,Central,Tablet,Loyal
6418,2025-12-05,Flash Sale,Google Search,North,Mobile,Premium
7531,2025-12-05,Summer Sale,Instagram,Central,Tablet,Loyal
697,2025-12-05,Back to School,YouTube,South,Tablet,New
7339,2025-12-05,Flash Sale,Instagram,South,Tablet,Loyal
8638,2025-12-05,Winter Sale,Instagram,Central,Desktop,Returning
2916,2025-12-05,Mega Clearance,Google Search,North,Mobile,Premium
7656,2025-12-05,Winter Sale,Instagram,Central,Mobile,Premium
8784,2025-12-05,Winter Sale,Facebook,East,Tablet,New
8825,2025-12-05,Black Friday,LinkedIn,South,Tablet,New
4736,2025-12-05,New Year Blast,Email,West,Mobile,Returning
2260,2025-12-05,Winter Sale,Instagram,West,Tablet,Returning
6850,2025-12-05,Summer Sale,LinkedIn,North,Mobile,New
1188,2025-12-05,Black Friday,Instagram,West,Mobile,Premium
7953,2025-12-05,Summer Sale,LinkedIn,South,Tablet,Loyal
1336,2025-12-05,Festive Combo,LinkedIn,Central,Desktop,Premium
4472,2025-12-05,Summer Sale,LinkedIn,South,Tablet,Premium
4483,2025-12-05,Diwali Bonanza,Instagram,South,Tablet,Premium
1335,2025-12-05,Weekend Special,LinkedIn,West,Mobile,Premium
4654,2025-12-05,Winter Sale,Instagram,Central,Desktop,Premium
7302,2025-12-05,Mega Clearance,Google Search,East,Tablet,Premium
6427,2025-12-05,Festive Combo,Google Search,West,Mobile,New
9699,2025-12-05,Back to School,Instagram,East,Mobile,New
3463,2025-12-05,Weekend Special,Google Search,North,Tablet,Loyal
9357,2025-12-05,Diwali Bonanza,Email,Central,Desktop,Premium
8542,2025-12-05,New Year Blast,Google Search,Central,Mobile,Loyal
3816,2025-12-05,Winter Sale,Facebook,East,Mobile,Returning
9849,2025-12-05,Summer Sale,Email,North,Mobile,Returning
7693,2025-12-05,Festive Combo,Google Search,West,Tablet,New
2532,2025-12-05,New Year Blast,Instagram,Central,Desktop,Returning
7429,2025-12-05,Diwali Bonanza,LinkedIn,Central,Desktop,Returning
8996,2025-12-05,Flash Sale,Google Search,North,Tablet,Premium
2094,2025-12-05,Summer Sale,Google Search,East,Mobile,Premium
7869,2025-12-05,Festive Combo,Facebook,Central,Tablet,Returning
849,2025-12-05,New Year Blast,Google Search,South,Desktop,Loyal
1017,2025-12-05,New Year Blast,YouTube,East,Mobile,New
2851,2025-12-05,Flash Sale,Google Search,Central,Desktop,Premium
5615,2025-12-05,Winter Sale,YouTube,Central,Desktop,New
2622,2025-12-05,Festive Combo,Instagram,Central,Tablet,Premium
922,2025-12-05,New Year Blast,YouTube,North,Mobile,Returning
4758,2025-12-06,Festive Combo,Facebook,North,Tablet,Loyal
6625,2025-12-06,Flash Sale,Instagram,South,Tablet,New
9366,2025-12-06,Flash Sale,LinkedIn,West,Tablet,New
5158,2025-12-06,Mega Clearance,Instagram,West,Tablet,Loyal
6335,2025-12-06,New Year Blast,Instagram,South,Desktop,Loyal
6783,2025-12-06,Festive Combo,LinkedIn,East,Mobile,Premium
3388,2025-12-06,Summer Sale,Google Search,East,Mobile,Loyal
1552,2025-12-06,Back to School,Instagram,South,Desktop,Premium
9216,2025-12-06,Winter Sale,Facebook,West,Mobile,Premium
1915,2025-12-06,Mega Clearance,Google Search,West,Tablet,Returning
9612,2025-12-06,Mega Clearance,Facebook,South,Desktop,Loyal
2884,2025-12-06,Festive Combo,LinkedIn,West,Mobile,New
6097,2025-12-06,Mega Clearance,YouTube,East,Tablet,Returning
378,2025-12-06,Festive Combo,Email,West,Desktop,Returning
2556,2025-12-06,Winter Sale,YouTube,East,Tablet,Premium
4946,2025-12-06,Weekend Special,Google Search,East,Tablet,New
3291,2025-12-06,Weekend Special,LinkedIn,Central,Tablet,Premium
80,2025-12-06,Winter Sale,YouTube,East,Tablet,Premium
8185,2025-12-06,Back to School,Facebook,North,Tablet,Premium
9156,2025-12-06,Mega Clearance,Google Search,East,Desktop,Loyal
6659,2025-12-06,Diwali Bonanza,LinkedIn,West,Desktop,Premium
9890,2025-12-06,Back to School,YouTube,West,Desktop,New
3776,2025-12-06,Black Friday,Google Search,West,Mobile,Premium
9716,2025-12-06,New Year Blast,Google Search,Central,Mobile,Returning
2676,2025-12-06,Weekend Special,Facebook,South,Tablet,Premium
1790,2025-12-06,Summer Sale,Facebook,North,Mobile,Returning
7074,2025-12-06,Back to School,Google Search,East,Desktop,Returning
1133,2025-12-06,Diwali Bonanza,LinkedIn,South,Mobile,Loyal
4672,2025-12-07,Weekend Special,LinkedIn,East,Desktop,Premium
2585,2025-12-07,New Year Blast,Google Search,West,Tablet,Loyal
6389,2025-12-07,Festive Combo,Email,East,Tablet,Premium
1264,2025-12-07,Back to School,Instagram,South,Desktop,Loyal
8158,2025-12-07,Flash Sale,Email,East,Mobile,Premium
7319,2025-12-07,Flash Sale,Facebook,Central,Tablet,Premium
3996,2025-12-07,Summer Sale,Instagram,West,Desktop,Returning
7611,2025-12-07,Black Friday,LinkedIn,South,Mobile,Loyal
6692,2025-12-07,Black Friday,Email,Central,Tablet,Loyal
7749,2025-12-07,Back to School,LinkedIn,North,Desktop,Returning
6568,2025-12-07,Back to School,Instagram,West,Tablet,Returning
6164,2025-12-07,Weekend Special,Facebook,South,Desktop,Premium
7198,2025-12-07,Flash Sale,Facebook,South,Desktop,Loyal
2136,2025-12-07,Winter Sale,LinkedIn,West,Desktop,Returning
6317,2025-12-07,Flash Sale,LinkedIn,North,Mobile,Loyal
3798,2025-12-07,Diwali Bonanza,Facebook,East,Desktop,New
9019,2025-12-07,Diwali Bonanza,Google Search,West,Desktop,Returning
636,2025-12-07,Mega Clearance,Facebook,West,Desktop,Premium
4700,2025-12-07,Festive Combo,LinkedIn,East,Tablet,Loyal
9202,2025-12-07,Black Friday,Facebook,South,Desktop,New
7589,2025-12-07,Weekend Special,YouTube,West,Mobile,Loyal
7146,2025-12-07,New Year Blast,Google Search,West,Tablet,Returning
2336,2025-12-07,Flash Sale,LinkedIn,North,Mobile,Returning
9306,2025-12-07,Diwali Bonanza,LinkedIn,North,Tablet,Returning
5808,2025-12-07,Summer Sale,Facebook,East,Desktop,Premium
5480,2025-12-07,Festive Combo,Google Search,Central,Tablet,New
1732,2025-12-07,Mega Clearance,Google Search,North,Mobile,New
4771,2025-12-08,Festive Combo,LinkedIn,North,Tablet,Premium
3267,2025-12-08,Weekend Special,Instagram,East,Desktop,New
4935,2025-12-08,Diwali Bonanza,Google Search,South,Tablet,Loyal
5639,2025-12-08,Flash Sale,Google Search,North,Desktop,Premium
2583,2025-12-08,New Year Blast,Instagram,North,Mobile,New
7717,2025-12-08,Festive Combo,Google Search,North,Tablet,Premium
2073,2025-12-08,Festive Combo,LinkedIn,East,Mobile,Returning
5005,2025-12-08,Summer Sale,LinkedIn,East,Mobile,Loyal
4864,2025-12-08,Winter Sale,Facebook,West,Tablet,Loyal
4842,2025-12-08,Black Friday,Instagram,South,Tablet,Loyal
5104,2025-12-08,Flash Sale,Google Search,East,Mobile,New
2886,2025-12-08,Diwali Bonanza,Email,South,Mobile,Loyal
2607,2025-12-08,New Year Blast,Google Search,West,Mobile,Returning
3125,2025-12-08,New Year Blast,Facebook,South,Mobile,Returning
3245,2025-12-08,Weekend Special,LinkedIn,Central,Desktop,Loyal
7674,2025-12-08,Winter Sale,LinkedIn,South,Desktop,Loyal
8172,2025-12-08,Winter Sale,LinkedIn,Central,Desktop,Returning
1842,2025-12-08,Flash Sale,Facebook,West,Tablet,New
6860,2025-12-08,Back to School,YouTube,West,Tablet,Returning
7432,2025-12-08,Summer Sale,Facebook,South,Tablet,Premium
9530,2025-12-08,Back to School,Email,East,Desktop,Loyal
4356,2025-12-08,Weekend Special,YouTube,West,Desktop,Loyal
7844,2025-12-08,Flash Sale,Email,North,Desktop,Returning
6563,2025-12-08,Black Friday,LinkedIn,West,Mobile,New
2732,2025-12-08,Back to School,Email,North,Mobile,Returning
6891,2025-12-08,Weekend Special,Email,South,Tablet,Returning
5261,2025-12-08,Flash Sale,Google Search,East,Desktop,Loyal
9507,2025-12-08,Mega Clearance,Facebook,North,Mobile,New
4498,2025-12-08,Diwali Bonanza,Facebook,North,Desktop,Returning
9686,2025-12-08,Weekend Special,LinkedIn,South,Tablet,New
5196,2025-12-08,Back to School,LinkedIn,East,Desktop,Returning
1658,2025-12-08,Winter Sale,YouTube,South,Desktop,Loyal
81,2025-12-08,Flash Sale,Instagram,West,Tablet,Premium
9078,2025-12-09,Black Friday,YouTube,West,Tablet,New
9974,2025-12-09,Mega Clearance,Instagram,Central,Desktop,Returning
5093,2025-12-09,New Year Blast,LinkedIn,East,Tablet,Loyal
2547,2025-12-09,Mega Clearance,Email,Central,Tablet,Premium
6995,2025-12-09,Diwali Bonanza,Instagram,West,Mobile,New
3337,2025-12-09,New Year Blast,Email,East,Tablet,Loyal
6608,2025-12-09,Diwali Bonanza,LinkedIn,North,Mobile,Loyal
746,2025-12-09,Back to School,Email,Central,Tablet,New
3045,2025-12-09,Mega Clearance,Instagram,North,Desktop,New
8595,2025-12-09,Black Friday,Email,East,Mobile,Returning
5412,2025-12-09,Summer Sale,Instagram,West,Tablet,Loyal
9520,2025-12-09,New Year Blast,YouTube,East,Tablet,New
9420,2025-12-09,Festive Combo,Facebook,West,Tablet,New
5838,2025-12-09,Mega Clearance,LinkedIn,North,Desktop,New
7171,2025-12-09,Weekend Special,Facebook,South,Tablet,Premium
9698,2025-12-09,Flash Sale,Google Search,North,Mobile,Loyal
7760,2025-12-09,Winter Sale,Email,West,Desktop,Returning
8979,2025-12-09,Diwali Bonanza,Email,East,Mobile,Loyal
1237,2025-12-09,New Year Blast,Facebook,West,Tablet,New
4687,2025-12-09,Mega Clearance,Google Search,Central,Desktop,New
4544,2025-12-09,Back to School,Facebook,Central,Tablet,New
1965,2025-12-09,New Year Blast,Facebook,North,Mobile,Loyal
7137,2025-12-09,Summer Sale,LinkedIn,East,Desktop,Premium
54,2025-12-10,New Year Blast,LinkedIn,East,Mobile,New
3886,2025-12-10,Flash Sale,LinkedIn,East,Mobile,Loyal
3690,2025-12-10,Diwali Bonanza,Google Search,South,Desktop,Premium
8840,2025-12-10,Diwali Bonanza,Instagram,East,Desktop,Returning
5374,2025-12-10,Flash Sale,Facebook,East,Tablet,Premium
9104,2025-12-10,Weekend Special,LinkedIn,West,Desktop,Returning
238,2025-12-10,Winter Sale,LinkedIn,East,Tablet,Loyal
8805,2025-12-10,Weekend Special,Facebook,North,Mobile,Premium
3040,2025-12-10,New Year Blast,LinkedIn,South,Desktop,Returning
2890,2025-12-10,Back to School,LinkedIn,West,Tablet,Returning
4516,2025-12-10,Flash Sale,Instagram,South,Tablet,Returning
1363,2025-12-10,Weekend Special,Facebook,North,Tablet,Returning
1556,2025-12-10,Festive Combo,YouTube,North,Desktop,Loyal
8994,2025-12-10,Back to School,Instagram,West,Tablet,Premium
5814,2025-12-10,Summer Sale,Google Search,North,Tablet,New
2323,2025-12-10,Back to School,YouTube,West,Mobile,Returning
732,2025-12-10,Winter Sale,Google Search,Central,Tablet,Loyal
4971,2025-12-10,Mega Clearance,Google Search,North,Tablet,Returning
1101,2025-12-10,Winter Sale,Instagram,South,Mobile,Premium
5773,2025-12-10,Weekend Special,YouTube,East,Tablet,Loyal
7752,2025-12-11,Mega Clearance,Email,Central,Tablet,Loyal
5807,2025-12-11,Diwali Bonanza,Google Search,North,Mobile,Premium
6079,2025-12-11,New Year Blast,Google Search,West,Mobile,New
5009,2025-12-11,Flash Sale,Instagram,West,Tablet,Loyal
6614,2025-12-11,Winter Sale,YouTube,South,Mobile,Loyal
806,2025-12-11,Winter Sale,Email,North,Tablet,New
890,2025-12-11,Back to School,Google Search,Central,Mobile,Loyal
7485,2025-12-11,Mega Clearance,Instagram,Central,Tablet,Loyal
9768,2025-12-11,New Year Blast,Facebook,North,Tablet,Loyal
5579,2025-12-11,Black Friday,Instagram,West,Tablet,Loyal
8868,2025-12-11,Diwali Bonanza,Facebook,North,Tablet,Loyal
6328,2025-12-11,New Year Blast,Instagram,West,Desktop,Loyal
5949,2025-12-11,Winter Sale,LinkedIn,South,Desktop,Loyal
999,2025-12-11,Flash Sale,LinkedIn,Central,Tablet,New
8766,2025-12-11,Weekend Special,YouTube,East,Mobile,Loyal
8801,2025-12-11,Weekend Special,LinkedIn,East,Tablet,New
4450,2025-12-11,Mega Clearance,Email,South,Desktop,New
9920,2025-12-11,New Year Blast,Instagram,Central,Tablet,Premium
4254,2025-12-11,Weekend Special,Instagram,East,Desktop,New
3241,2025-12-11,Diwali Bonanza,Facebook,Central,Desktop,Premium
8623,2025-12-11,Summer Sale,Email,West,Desktop,Loyal
3183,2025-12-11,Back to School,Google Search,East,Tablet,New
4072,2025-12-11,Flash Sale,Google Search,North,Mobile,Returning
158,2025-12-11,New Year Blast,Email,North,Mobile,Loyal
8125,2025-12-11,Black Friday,LinkedIn,North,Tablet,Loyal
3968,2025-12-11,Weekend Special,Email,South,Desktop,Returning
8534,2025-12-11,Back to School,Instagram,South,Tablet,Returning
2928,2025-12-11,Festive Combo,LinkedIn,Central,Desktop,Premium
3171,2025-12-11,Winter Sale,Facebook,West,Tablet,Premium
4914,2025-12-11,New Year Blast,Google Search,West,Mobile,Returning
4934,2025-12-11,Black Friday,LinkedIn,Central,Tablet,New
6925,2025-12-11,Summer Sale,Google Search,South,Tablet,New
6857,2025-12-12,Black Friday,LinkedIn,West,Desktop,New
3471,2025-12-12,Mega Clearance,Instagram,South,Tablet,Loyal
6993,2025-12-12,New Year Blast,Instagram,South,Tablet,Loyal
2388,2025-12-12,Winter Sale,Facebook,North,Desktop,Premium
5121,2025-12-12,Black Friday,Google Search,Central,Desktop,Loyal
9471,2025-12-12,New Year Blast,Google Search,South,Desktop,Returning
1669,2025-12-12,Weekend Special,Facebook,West,Tablet,New
6750,2025-12-12,Black Friday,LinkedIn,West,Tablet,New
5554,2025-12-12,Mega Clearance,Instagram,West,Tablet,Premium
6093,2025-12-12,Diwali Bonanza,Email,West,Desktop,Loyal
6301,2025-12-12,Weekend Special,LinkedIn,East,Desktop,Loyal
9125,2025-12-12,Winter Sale,Facebook,West,Desktop,New
6293,2025-12-12,Winter Sale,LinkedIn,South,Tablet,Returning
7855,2025-12-12,Festive Combo,YouTube,West,Desktop,Loyal
50,2025-12-12,Black Friday,LinkedIn,North,Tablet,Returning
1165,2025-12-12,Black Friday,YouTube,Central,Mobile,Premium
6900,2025-12-12,Winter Sale,YouTube,South,Desktop,Returning
7399,2025-12-12,Mega Clearance,LinkedIn,West,Tablet,Returning
4951,2025-12-12,Diwali Bonanza,Facebook,South,Desktop,Returning
4816,2025-12-12,Back to School,Facebook,South,Desktop,New
775,2025-12-12,Weekend Special,Instagram,West,Mobile,New
9776,2025-12-12,Weekend Special,LinkedIn,Central,Tablet,New
692,2025-12-13,Weekend Special,Email,West,Tablet,New
83,2025-12-13,Diwali Bonanza,Email,Central,Desktop,Loyal
1274,2025-12-13,Winter Sale,Email,West,Mobile,Loyal
8950,2025-12-13,Summer Sale,Email,East,Tablet,Loyal
8710,2025-12-13,Weekend Special,Email,Central,Desktop,New
9922,2025-12-13,Weekend Special,Instagram,North,Tablet,Returning
9559,2025-12-13,Weekend Special,LinkedIn,Central,Tablet,New
2300,2025-12-13,New Year Blast,Email,East,Tablet,Premium
8686,2025-12-13,Diwali Bonanza,LinkedIn,South,Mobile,New
2719,2025-12-13,Flash Sale,Facebook,North,Tablet,Returning
192,2025-12-13,Weekend Special,Facebook,North,Desktop,Premium
6434,2025-12-13,Winter Sale,LinkedIn,West,Desktop,Premium
7588,2025-12-13,Diwali Bonanza,LinkedIn,North,Desktop,New
6571,2025-12-13,Festive Combo,Facebook,South,Tablet,Loyal
5280,2025-12-13,Festive Combo,Email,Central,Tablet,Premium
3683,2025-12-13,Summer Sale,Instagram,South,Mobile,Loyal
4694,2025-12-13,Summer Sale,Instagram,Central,Tablet,New
3899,2025-12-13,Festive Combo,YouTube,South,Desktop,New
7321,2025-12-13,Festive Combo,Facebook,Central,Tablet,Returning
7223,2025-12-13,Mega Clearance,Instagram,South,Tablet,New
2741,2025-12-13,Mega Clearance,Google Search,West,Mobile,New
888,2025-12-13,Black Friday,Instagram,West,Desktop,New
2707,2025-12-13,Winter Sale,Google Search,North,Mobile,New
6364,2025-12-13,Weekend Special,Facebook,South,Mobile,Premium
5641,2025-12-13,Black Friday,Google Search,West,Mobile,New
5962,2025-12-13,New Year Blast,Google Search,South,Mobile,New
2501,2025-12-13,New Year Blast,Instagram,Central,Tablet,New
8954,2025-12-13,Flash Sale,Facebook,North,Desktop,Loyal
1166,2025-12-13,Diwali Bonanza,Instagram,Central,Mobile,New
2955,2025-12-13,Flash Sale,Email,Central,Tablet,Loyal
6046,2025-12-13,Summer Sale,LinkedIn,North,Desktop,New
3663,2025-12-13,Mega Clearance,Facebook,East,Tablet,New
736,2025-12-13,Back to School,LinkedIn,North,Mobile,New
9159,2025-12-13,Mega Clearance,Instagram,North,Desktop,Loyal
2100,2025-12-14,Back to School,Email,South,Tablet,Returning
8448,2025-12-14,Black Friday,Google Search,East,Tablet,Premium
7551,2025-12-14,Flash Sale,LinkedIn,West,Desktop,New
8897,2025-12-14,Winter Sale,Facebook,South,Tablet,Premium
9255,2025-12-14,Flash Sale,Instagram,East,Tablet,New
1975,2025-12-14,Mega Clearance,Google Search,East,Desktop,New
6917,2025-12-14,Diwali Bonanza,Facebook,Central,Mobile,Returning
7878,2025-12-14,Winter Sale,LinkedIn,East,Mobile,Loyal
857,2025-12-14,Flash Sale,Email,West,Desktop,New
8551,2025-12-14,Back to School,LinkedIn,East,Mobile,Returning
9264,2025-12-14,Winter Sale,Instagram,North,Tablet,Returning
277,2025-12-14,Mega Clearance,Google Search,East,Mobile,Premium
7253,2025-12-14,Winter Sale,Instagram,North,Tablet,Returning
6646,2025-12-14,Black Friday,Email,South,Desktop,Premium
1899,2025-12-14,Flash Sale,Facebook,East,Tablet,Premium
2098,2025-12-14,Flash Sale,LinkedIn,West,Mobile,Premium
6442,2025-12-14,Mega Clearance,Email,South,Mobile,New
7154,2025-12-14,Mega Clearance,Instagram,South,Mobile,Returning
5223,2025-12-14,Festive Combo,LinkedIn,West,Mobile,New
1333,2025-12-14,Summer Sale,Facebook,West,Tablet,Premium
5233,2025-12-14,Back to School,Instagram,North,Tablet,Returning
5078,2025-12-14,Summer Sale,Instagram,West,Tablet,Loyal
1270,2025-12-14,Weekend Special,Google Search,East,Mobile,Loyal
7131,2025-12-14,Black Friday,YouTube,Central,Desktop,Premium
6554,2025-12-14,Festive Combo,LinkedIn,North,Desktop,New
1535,2025-12-14,Diwali Bonanza,Google Search,Central,Desktop,Returning
199,2025-12-14,Diwali Bonanza,YouTube,North,Tablet,New
9012,2025-12-14,Mega Clearance,Instagram,West,Mobile,Returning
7997,2025-12-14,Black Friday,YouTube,West,Mobile,Returning
8839,2025-12-14,New Year Blast,Google Search,Central,Tablet,New
8665,2025-12-14,Diwali Bonanza,LinkedIn,Central,Mobile,Returning
1674,2025-12-15,Winter Sale,Facebook,North,Tablet,Returning
703,2025-12-15,Back to School,YouTube,North,Mobile,Premium
8796,2025-12-15,Winter Sale,YouTube,East,Mobile,Returning
6486,2025-12-15,Festive Combo,LinkedIn,Central,Tablet,Returning
2670,2025-12-15,Flash Sale,Instagram,Central,Desktop,Premium
6570,2025-12-15,Back to School,Instagram,Central,Mobile,Loyal
2561,2025-12-15,Black Friday,Google Search,South,Tablet,Premium
866,2025-12-15,Flash Sale,Facebook,West,Tablet,Loyal
474,2025-12-15,Mega Clearance,YouTube,West,Mobile,Premium
3567,2025-12-15,Diwali Bonanza,Instagram,West,Mobile,New
951,2025-12-15,New Year Blast,Instagram,South,Tablet,New
8674,2025-12-15,Black Friday,Facebook,East,Mobile,Premium
267,2025-12-15,Mega Clearance,YouTube,Central,Desktop,Premium
3627,2025-12-15,Summer Sale,Google Search,West,Desktop,New
9458,2025-12-15,Back to School,YouTube,West,Desktop,Returning
4742,2025-12-15,Back to School,LinkedIn,North,Desktop,Returning
8023,2025-12-16,Weekend Special,YouTube,South,Tablet,Loyal
2437,2025-12-16,Flash Sale,Email,West,Desktop,New
3920,2025-12-16,Festive Combo,LinkedIn,East,Tablet,Returning
5085,2025-12-16,Back to School,Facebook,West,Tablet,Returning
7550,2025-12-16,Black Friday,Facebook,South,Tablet,Loyal
2642,2025-12-16,Diwali Bonanza,Email,Central,Mobile,New
8819,2025-12-16,Winter Sale,Instagram,North,Tablet,Returning
2869,2025-12-16,Mega Clearance,LinkedIn,South,Tablet,Loyal
892,2025-12-16,Black Friday,LinkedIn,South,Mobile,Returning
7829,2025-12-16,Mega Clearance,Facebook,Central,Desktop,Returning
6351,2025-12-16,Winter Sale,YouTube,Central,Tablet,Returning
5271,2025-12-16,Mega Clearance,YouTube,South,Desktop,Returning
6124,2025-12-16,Festive Combo,Facebook,North,Desktop,Loyal
7031,2025-12-16,New Year Blast,Google Search,South,Mobile,Returning
7387,2025-12-16,Back to School,Instagram,West,Mobile,Loyal
1854,2025-12-16,Weekend Special,Facebook,East,Desktop,Premium
3310,2025-12-16,Weekend Special,YouTube,Central,Desktop,Loyal
9725,2025-12-16,Winter Sale,Facebook,West,Desktop,Loyal
7068,2025-12-16,Weekend Special,Instagram,North,Tablet,Premium
2657,2025-12-17,Flash Sale,YouTube,Central,Tablet,Returning
1123,2025-12-17,Mega Clearance,LinkedIn,East,Desktop,New
4016,2025-12-17,Back to School,Instagram,Central,Mobile,Loyal
9335,2025-12-17,Black Friday,Google Search,North,Desktop,Premium
6458,2025-12-17,Mega Clearance,YouTube,Central,Desktop,New
1799,2025-12-17,Weekend Special,LinkedIn,North,Desktop,New
4727,2025-12-17,Festive Combo,LinkedIn,North,Mobile,Returning
5240,2025-12-17,Winter Sale,YouTube,West,Tablet,New
9208,2025-12-17,Flash Sale,Email,East,Desktop,Premium
4052,2025-12-17,Back to School,Facebook,North,Tablet,New
3636,2025-12-17,Diwali Bonanza,Google Search,West,Desktop,Returning
349,2025-12-17,Flash Sale,Instagram,West,Mobile,New
2430,2025-12-17,Winter Sale,Instagram,North,Tablet,Loyal
3131,2025-12-17,Flash Sale,Google Search,North,Mobile,Returning
1201,2025-12-17,Mega Clearance,Email,South,Desktop,Returning
1168,2025-12-17,Festive Combo,Instagram,South,Tablet,Premium
15,2025-12-17,Back to School,Google Search,South,Mobile,Premium
3731,2025-12-17,New Year Blast,Email,South,Tablet,Returning
4966,2025-12-17,Black Friday,Email,South,Desktop,Loyal
3914,2025-12-17,New Year Blast,Email,West,Mobile,Returning
4671,2025-12-17,Weekend Special,LinkedIn,East,Desktop,Loyal
5503,2025-12-17,Diwali Bonanza,LinkedIn,West,Desktop,New
1838,2025-12-17,Black Friday,Google Search,East,Desktop,New
3382,2025-12-17,Black Friday,YouTube,East,Tablet,Premium
5500,2025-12-17,Back to School,Email,South,Tablet,Loyal
7592,2025-12-17,Weekend Special,Instagram,East,Desktop,Loyal
4179,2025-12-17,Black Friday,Facebook,West,Mobile,New
5220,2025-12-17,Mega Clearance,Google Search,North,Tablet,Loyal
4197,2025-12-18,Flash Sale,Google Search,South,Tablet,Premium
1637,2025-12-18,Flash Sale,YouTube,Central,Desktop,Premium
8424,2025-12-18,Summer Sale,Instagram,North,Mobile,Premium
3391,2025-12-18,Mega Clearance,LinkedIn,North,Tablet,New
8521,2025-12-18,Black Friday,Google Search,West,Mobile,Returning
9755,2025-12-18,Winter Sale,Instagram,South,Desktop,New
611,2025-12-18,Winter Sale,Email,Central,Desktop,New
8725,2025-12-18,Black Friday,Google Search,South,Mobile,Loyal
2384,2025-12-18,Festive Combo,Google Search,West,Tablet,Loyal
7025,2025-12-18,Black Friday,LinkedIn,North,Desktop,Premium
7535,2025-12-18,Summer Sale,Email,East,Tablet,New
1694,2025-12-18,Black Friday,Email,West,Tablet,Premium
3697,2025-12-18,Back to School,Email,North,Desktop,New
7281,2025-12-18,Back to School,Facebook,North,Desktop,New
6407,2025-12-18,Back to School,LinkedIn,North,Mobile,Loyal
8050,2025-12-18,Back to School,Facebook,West,Tablet,Loyal
3129,2025-12-18,Flash Sale,Facebook,North,Mobile,Loyal
852,2025-12-18,Back to School,LinkedIn,Central,Tablet,New
7688,2025-12-18,New Year Blast,Google Search,East,Desktop,Returning
2056,2025-12-18,New Year Blast,Email,North,Mobile,Loyal
1322,2025-12-18,Festive Combo,Facebook,Central,Desktop,Premium
6690,2025-12-18,Black Friday,YouTube,South,Tablet,Loyal
5362,2025-12-18,Winter Sale,LinkedIn,West,Tablet,Premium
6355,2025-12-18,Winter Sale,LinkedIn,West,Tablet,Loyal
6716,2025-12-18,Back to School,YouTube,West,Tablet,Loyal
6052,2025-12-18,Black Friday,Email,North,Tablet,Returning
5502,2025-12-18,Winter Sale,YouTube,East,Tablet,Loyal
9085,2025-12-18,Black Friday,Facebook,Central,Desktop,New
8397,2025-12-18,Summer Sale,Instagram,Central,Tablet,Premium
5594,2025-12-18,Back to School,Facebook,North,Mobile,New
1895,2025-12-18,Winter Sale,LinkedIn,South,Mobile,Returning
7633,2025-12-18,Festive Combo,Facebook,Central,Tablet,Premium
4298,2025-12-18,Weekend Special,Email,South,Desktop,Returning
7784,2025-12-18,Back to School,LinkedIn,North,Desktop,Loyal
228,2025-12-18,Winter Sale,LinkedIn,West,Mobile,New
6016,2025-12-18,Festive Combo,LinkedIn,West,Mobile,Returning
9773,2025-12-19,Diwali Bonanza,Google Search,West,Tablet,Returning
6487,2025-12-19,New Year Blast,Google Search,South,Mobile,New
2445,2025-12-19,Festive Combo,Instagram,West,Tablet,Premium
9110,2025-12-19,Diwali Bonanza,YouTube,Central,Desktop,Premium
3150,2025-12-19,Black Friday,LinkedIn,North,Desktop,Premium
5953,2025-12-19,Weekend Special,Instagram,South,Mobile,Loyal
2768,2025-12-19,Diwali Bonanza,Instagram,Central,Desktop,New
7497,2025-12-19,Back to School,LinkedIn,West,Mobile,Premium
6196,2025-12-19,Flash Sale,Facebook,Central,Tablet,New
2492,2025-12-19,Festive Combo,Facebook,East,Tablet,Loyal
6543,2025-12-19,Flash Sale,YouTube,East,Tablet,Premium
2404,2025-12-19,Diwali Bonanza,Instagram,Central,Tablet,New
6987,2025-12-19,Back to School,Facebook,West,Mobile,Premium
7728,2025-12-19,New Year Blast,Facebook,Central,Tablet,New
2856,2025-12-19,Mega Clearance,Email,East,Tablet,Loyal
5255,2025-12-19,Weekend Special,Email,West,Mobile,Loyal
7827,2025-12-19,Mega Clearance,Email,South,Desktop,Premium
9331,2025-12-19,Winter Sale,YouTube,East,Tablet,Returning
1305,2025-12-19,Black Friday,Instagram,South,Mobile,Returning
4624,2025-12-19,Summer Sale,Google Search,West,Tablet,Returning
8145,2025-12-19,Flash Sale,LinkedIn,East,Mobile,New
1877,2025-12-19,Flash Sale,YouTube,East,Tablet,Returning
2026,2025-12-19,Summer Sale,YouTube,East,Mobile,Loyal
8396,2025-12-19,Summer Sale,Email,Central,Mobile,Returning
6776,2025-12-19,Mega Clearance,Facebook,North,Tablet,New
2071,2025-12-19,Black Friday,Facebook,East,Tablet,New
8035,2025-12-19,Back to School,Instagram,North,Mobile,Premium
7794,2025-12-19,Back to School,Email,South,Tablet,Returning
2044,2025-12-19,Mega Clearance,LinkedIn,East,Tablet,Returning
9283,2025-12-20,New Year Blast,Facebook,Central,Mobile,New
4076,2025-12-20,Weekend Special,Instagram,Central,Mobile,New
6872,2025-12-20,Weekend Special,Facebook,West,Mobile,New
3565,2025-12-20,Mega Clearance,Google Search,East,Desktop,Loyal
2498,2025-12-20,Summer Sale,Facebook,North,Tablet,Premium
3348,2025-12-20,Black Friday,LinkedIn,West,Tablet,Loyal
1079,2025-12-20,New Year Blast,Instagram,North,Desktop,Premium
2714,2025-12-20,Black Friday,Google Search,South,Desktop,New
6622,2025-12-20,Summer Sale,Instagram,East,Tablet,Returning
6229,2025-12-20,Weekend Special,Email,North,Tablet,New
6199,2025-12-20,Back to School,Facebook,East,Mobile,New
4361,2025-12-20,Black Friday,Instagram,East,Mobile,Premium
5272,2025-12-20,Winter Sale,Instagram,Central,Mobile,Returning
4050,2025-12-20,Summer Sale,Google Search,North,Tablet,Premium
563,2025-12-20,Summer Sale,YouTube,East,Mobile,Returning
6277,2025-12-20,Winter Sale,YouTube,West,Tablet,Returning
405,2025-12-20,Winter Sale,YouTube,East,Desktop,Returning
7956,2025-12-20,Diwali Bonanza,LinkedIn,East,Mobile,Loyal
1573,2025-12-20,Flash Sale,Google Search,South,Mobile,Returning
8844,2025-12-20,Winter Sale,Email,North,Mobile,Loyal
1383,2025-12-20,Black Friday,Instagram,Central,Desktop,Premium
3113,2025-12-20,Winter Sale,Google Search,Central,Mobile,Returning
3102,2025-12-20,Winter Sale,Instagram,Central,Desktop,Loyal
7896,2025-12-20,Weekend Special,Instagram,Central,Desktop,New
5595,2025-12-20,Mega Clearance,Facebook,West,Tablet,Loyal
4941,2025-12-20,New Year Blast,Instagram,South,Tablet,Loyal
9618,2025-12-20,Flash Sale,Instagram,Central,Tablet,Loyal
9874,2025-12-20,New Year Blast,Google Search,North,Mobile,Loyal
2112,2025-12-20,Back to School,Google Search,North,Tablet,New
7259,2025-12-20,Winter Sale,YouTube,Central,Tablet,New
3576,2025-12-21,Weekend Special,LinkedIn,West,Desktop,Loyal
7850,2025-12-21,Mega Clearance,LinkedIn,West,Desktop,Returning
3340,2025-12-21,Flash Sale,Instagram,North,Mobile,New
6112,2025-12-21,Winter Sale,Email,East,Desktop,Loyal
5819,2025-12-21,Black Friday,Instagram,North,Tablet,Loyal
781,2025-12-21,Summer Sale,LinkedIn,West,Desktop,Premium
6217,2025-12-21,Diwali Bonanza,LinkedIn,West,Tablet,Loyal
4042,2025-12-21,New Year Blast,LinkedIn,East,Tablet,Returning
4406,2025-12-21,Black Friday,Instagram,Central,Desktop,Returning
8227,2025-12-21,New Year Blast,Facebook,East,Desktop,Premium
1208,2025-12-21,Diwali Bonanza,Facebook,South,Tablet,Premium
8449,2025-12-21,Mega Clearance,Instagram,East,Desktop,New
8301,2025-12-21,Back to School,Google Search,North,Desktop,Loyal
1719,2025-12-21,New Year Blast,Email,Central,Tablet,Loyal
9500,2025-12-21,Diwali Bonanza,Facebook,East,Mobile,New
5779,2025-12-21,Flash Sale,Google Search,Central,Mobile,New
1293,2025-12-21,Diwali Bonanza,Instagram,South,Mobile,Premium
8455,2025-12-21,Weekend Special,Email,South,Mobile,Loyal
1567,2025-12-21,Weekend Special,Email,East,Tablet,Loyal
2068,2025-12-21,New Year Blast,LinkedIn,South,Mobile,Returning
5074,2025-12-21,Festive Combo,YouTube,Central,Desktop,Returning
3768,2025-12-21,Weekend Special,LinkedIn,East,Tablet,Returning
7130,2025-12-21,Summer Sale,LinkedIn,Central,Mobile,Loyal
4151,2025-12-21,Back to School,Email,Central,Desktop,New
8479,2025-12-21,Festive Combo,YouTube,South,Desktop,New
5968,2025-12-21,Diwali Bonanza,Email,North,Tablet,Returning
317,2025-12-21,Festive Combo,Instagram,Central,Desktop,New
6063,2025-12-21,Summer Sale,YouTube,West,Desktop,Loyal
1926,2025-12-21,Festive Combo,LinkedIn,East,Tablet,Loyal
2215,2025-12-21,Black Friday,LinkedIn,West,Desktop,New
4182,2025-12-22,New Year Blast,Instagram,Central,Mobile,Premium
5739,2025-12-22,Festive Combo,LinkedIn,North,Desktop,Returning
6043,2025-12-22,Black Friday,LinkedIn,Central,Desktop,Returning
4445,2025-12-22,Festive Combo,Google Search,East,Tablet,Loyal
9148,2025-12-22,Mega Clearance,Instagram,South,Tablet,Loyal
8667,2025-12-22,New Year Blast,Instagram,Central,Mobile,New
6256,2025-12-22,Black Friday,LinkedIn,East,Desktop,Premium
9063,2025-12-22,Winter Sale,Google Search,South,Desktop,New
5548,2025-12-22,Weekend Special,LinkedIn,South,Mobile,Premium
4531,2025-12-22,Back to School,Email,Central,Tablet,New
1795,2025-12-22,Diwali Bonanza,Email,South,Mobile,Premium
491,2025-12-22,Festive Combo,Email,South,Desktop,Loyal
4590,2025-12-22,New Year Blast,Instagram,South,Tablet,New
3511,2025-12-22,Summer Sale,Instagram,North,Mobile,Loyal
5086,2025-12-22,Diwali Bonanza,Facebook,North,Tablet,New
5833,2025-12-22,Weekend Special,Facebook,East,Tablet,Loyal
2531,2025-12-22,Festive Combo,Google Search,North,Tablet,Returning
7698,2025-12-22,Diwali Bonanza,Email,North,Tablet,Returning
1513,2025-12-22,Black Friday,LinkedIn,West,Mobile,Returning
8908,2025-12-22,Back to School,LinkedIn,Central,Desktop,New
1148,2025-12-22,Mega Clearance,YouTube,East,Tablet,Premium
2321,2025-12-22,New Year Blast,YouTube,North,Tablet,Loyal
4342,2025-12-22,Black Friday,Email,South,Mobile,Returning
7593,2025-12-22,Diwali Bonanza,LinkedIn,Central,Mobile,Returning
6116,2025-12-22,Black Friday,YouTube,East,Tablet,New
3315,2025-12-22,Black Friday,Instagram,Central,Tablet,Premium
5300,2025-12-22,Flash Sale,Facebook,Central,Tablet,New
5364,2025-12-22,Black Friday,Instagram,Central,Tablet,Loyal
9557,2025-12-22,Flash Sale,LinkedIn,West,Desktop,New
3909,2025-12-22,Back to School,Facebook,Central,Desktop,New
8278,2025-12-22,Flash Sale,Google Search,Central,Mobile,New
7003,2025-12-22,Black Friday,YouTube,East,Tablet,Returning
885,2025-12-22,Festive Combo,LinkedIn,Central,Desktop,Returning
2847,2025-12-22,New Year Blast,Facebook,West,Desktop,Returning
100,2025-12-22,Diwali Bonanza,YouTube,South,Mobile,Loyal
3540,2025-12-23,Mega Clearance,YouTube,West,Tablet,New
1713,2025-12-23,Summer Sale,YouTube,West,Desktop,Returning
9146,2025-12-23,Winter Sale,Email,Central,Mobile,Loyal
9088,2025-12-23,Flash Sale,LinkedIn,North,Tablet,Returning
6292,2025-12-23,Back to School,Email,South,Mobile,Premium
3506,2025-12-23,Mega Clearance,Email,West,Desktop,Loyal
7418,2025-12-23,New Year Blast,Facebook,East,Tablet,New
741,2025-12-23,Summer Sale,Facebook,North,Desktop,Loyal
3713,2025-12-23,Diwali Bonanza,Facebook,South,Mobile,Loyal
1234,2025-12-23,Winter Sale,LinkedIn,West,Mobile,New
6003,2025-12-23,Black Friday,Google Search,Central,Mobile,New
461,2025-12-23,Black Friday,Instagram,North,Tablet,New
1914,2025-12-23,Flash Sale,Instagram,North,Tablet,New
9210,2025-12-23,Weekend Special,Email,Central,Mobile,Loyal
3304,2025-12-23,New Year Blast,Google Search,East,Desktop,Loyal
3330,2025-12-23,Mega Clearance,Email,West,Tablet,New
7702,2025-12-23,Back to School,YouTube,Central,Desktop,Premium
7139,2025-12-23,New Year Blast,Instagram,South,Tablet,Loyal
3087,2025-12-23,Summer Sale,LinkedIn,North,Desktop,Returning
5311,2025-12-23,New Year Blast,Instagram,Central,Tablet,Loyal
8236,2025-12-23,Weekend Special,Google Search,West,Desktop,Premium
8252,2025-12-23,Festive Combo,Email,East,Tablet,New
4079,2025-12-23,Weekend Special,LinkedIn,South,Desktop,Loyal
6220,2025-12-23,Black Friday,Email,North,Mobile,New
8993,2025-12-24,Weekend Special,Facebook,East,Mobile,Premium
3145,2025-12-24,Winter Sale,Email,South,Tablet,Loyal
9364,2025-12-24,Festive Combo,Facebook,East,Mobile,New
6348,2025-12-24,Summer Sale,Google Search,Central,Tablet,Premium
1495,2025-12-24,Back to School,YouTube,West,Mobile,Premium
900,2025-12-24,Weekend Special,LinkedIn,East,Tablet,New
5635,2025-12-24,Flash Sale,Google Search,East,Mobile,Loyal
3629,2025-12-24,New Year Blast,Facebook,South,Tablet,Loyal
5119,2025-12-24,New Year Blast,LinkedIn,North,Desktop,Returning
9347,2025-12-24,Festive Combo,Facebook,East,Desktop,Returning
626,2025-12-24,Back to School,Email,North,Tablet,Premium
1003,2025-12-24,Diwali Bonanza,Facebook,West,Tablet,Returning
8851,2025-12-24,Diwali Bonanza,YouTube,West,Tablet,New
5926,2025-12-24,Diwali Bonanza,LinkedIn,Central,Desktop,New
8664,2025-12-24,Festive Combo,Google Search,Central,Desktop,Premium
8927,2025-12-24,Winter Sale,YouTube,East,Mobile,New
177,2025-12-24,Black Friday,Email,West,Mobile,Loyal
8348,2025-12-24,Winter Sale,YouTube,West,Desktop,Returning
2134,2025-12-24,Back to School,Email,Central,Desktop,Loyal
9512,2025-12-24,Flash Sale,LinkedIn,East,Tablet,New
929,2025-12-24,Weekend Special,Facebook,Central,Tablet,Loyal
8675,2025-12-24,Diwali Bonanza,Google Search,South,Tablet,Premium
7369,2025-12-24,Flash Sale,Facebook,West,Tablet,Returning
2872,2025-12-24,Flash Sale,Google Search,Central,Tablet,Premium
2750,2025-12-24,Mega Clearance,YouTube,North,Tablet,Premium
7270,2025-12-24,Winter Sale,Email,South,Mobile,Premium
1715,2025-12-24,Diwali Bonanza,Instagram,Central,Desktop,Returning
2124,2025-12-24,Winter Sale,LinkedIn,West,Desktop,Returning
4490,2025-12-24,Flash Sale,Instagram,Central,Mobile,Loyal
3836,2025-12-24,Black Friday,LinkedIn,South,Mobile,Loyal
858,2025-12-24,Weekend Special,LinkedIn,South,Desktop,Loyal
5193,2025-12-24,Summer Sale,LinkedIn,South,Desktop,Returning
2371,2025-12-24,Black Friday,LinkedIn,West,Desktop,Returning
7097,2025-12-24,Black Friday,Google Search,South,Desktop,New
1657,2025-12-24,Summer Sale,Facebook,South,Desktop,Premium
5246,2025-12-24,Winter Sale,Google Search,West,Mobile,Loyal
7305,2025-12-24,Flash Sale,LinkedIn,West,Desktop,Loyal
6639,2025-12-25,Summer Sale,YouTube,West,Tablet,Returning
6767,2025-12-25,New Year Blast,Facebook,West,Tablet,New
6893,2025-12-25,Diwali Bonanza,Facebook,Central,Tablet,New
196,2025-12-25,New Year Blast,Google Search,West,Desktop,New
2743,2025-12-25,Winter Sale,YouTube,North,Mobile,Returning
3495,2025-12-25,Summer Sale,Facebook,East,Desktop,Premium
1182,2025-12-25,Back to School,LinkedIn,Central,Mobile,Loyal
1494,2025-12-25,Flash Sale,LinkedIn,South,Tablet,Loyal
4709,2025-12-25,Summer Sale,LinkedIn,West,Mobile,Returning
8177,2025-12-25,Winter Sale,Instagram,North,Mobile,Premium
1738,2025-12-25,Black Friday,Instagram,West,Tablet,Loyal
4446,2025-12-25,Winter Sale,Email,West,Tablet,Loyal
4375,2025-12-25,Flash Sale,YouTube,West,Mobile,Loyal
1843,2025-12-25,Weekend Special,Email,South,Mobile,Returning
1847,2025-12-25,Black Friday,Facebook,East,Desktop,Loyal
8375,2025-12-25,Back to School,Google Search,North,Desktop,New
9226,2025-12-25,Festive Combo,Instagram,South,Desktop,New
889,2025-12-25,New Year Blast,Facebook,East,Mobile,Loyal
551,2025-12-25,Black Friday,LinkedIn,North,Tablet,New
8531,2025-12-25,Mega Clearance,Instagram,South,Tablet,Loyal
3500,2025-12-25,New Year Blast,Email,Central,Tablet,New
3711,2025-12-25,Summer Sale,YouTube,South,Tablet,New
8705,2025-12-25,Festive Combo,Google Search,North,Mobile,Loyal
2724,2025-12-25,New Year Blast,Instagram,West,Desktop,Premium
3139,2025-12-25,Weekend Special,Google Search,Central,Desktop,Loyal
3133,2025-12-25,Diwali Bonanza,Instagram,Central,Tablet,Premium
2855,2025-12-25,Festive Combo,LinkedIn,Central,Mobile,Loyal
2870,2025-12-25,Winter Sale,Google Search,South,Mobile,Returning
2229,2025-12-25,Diwali Bonanza,YouTube,South,Tablet,New
3480,2025-12-26,New Year Blast,Email,West,Desktop,Returning
959,2025-12-26,Weekend Special,Google Search,South,Desktop,Returning
5313,2025-12-26,Winter Sale,LinkedIn,West,Tablet,Returning
13,2025-12-26,Winter Sale,Email,South,Tablet,Returning
8875,2025-12-26,Winter Sale,LinkedIn,South,Mobile,Loyal
4492,2025-12-26,New Year Blast,Email,Central,Mobile,New
7172,2025-12-26,Black Friday,Facebook,West,Desktop,Returning
8753,2025-12-26,Summer Sale,Google Search,Central,Desktop,New
71,2025-12-26,Winter Sale,LinkedIn,North,Desktop,Returning
6870,2025-12-26,New Year Blast,LinkedIn,Central,Tablet,Loyal
1909,2025-12-26,Winter Sale,Facebook,East,Mobile,Returning
8362,2025-12-26,New Year Blast,LinkedIn,West,Tablet,Loyal
8484,2025-12-26,Black Friday,LinkedIn,Central,Mobile,Premium
2113,2025-12-26,Black Friday,Email,South,Tablet,Loyal
2356,2025-12-26,Winter Sale,YouTube,East,Mobile,Returning
9084,2025-12-26,Winter Sale,Instagram,Central,Tablet,Premium
9094,2025-12-26,New Year Blast,Google Search,West,Desktop,Loyal
2581,2025-12-26,Flash Sale,LinkedIn,North,Tablet,New
5876,2025-12-26,Back to School,Instagram,South,Mobile,New
6430,2025-12-26,Winter Sale,Email,West,Mobile,Returning
6265,2025-12-26,Flash Sale,Google Search,North,Desktop,Loyal
538,2025-12-26,Diwali Bonanza,Facebook,South,Tablet,Premium
9771,2025-12-26,Back to School,Instagram,South,Mobile,Returning
7581,2025-12-26,Summer Sale,Facebook,West,Desktop,Loyal
577,2025-12-26,Summer Sale,Facebook,West,Desktop,Premium
6208,2025-12-26,Diwali Bonanza,Email,South,Desktop,Returning
6235,2025-12-27,Diwali Bonanza,Instagram,West,Mobile,Returning
9845,2025-12-27,Festive Combo,Google Search,Central,Tablet,Returning
5305,2025-12-27,Diwali Bonanza,YouTube,South,Desktop,New
6905,2025-12-27,Flash Sale,Facebook,North,Mobile,New
8196,2025-12-27,Festive Combo,Google Search,Central,Desktop,Returning
8340,2025-12-27,Summer Sale,LinkedIn,North,Tablet,New
4214,2025-12-27,Flash Sale,Instagram,West,Mobile,Returning
4922,2025-12-27,Winter Sale,Facebook,East,Tablet,New
1761,2025-12-27,Flash Sale,Google Search,East,Mobile,Returning
649,2025-12-27,Summer Sale,LinkedIn,South,Tablet,Loyal
4487,2025-12-27,Summer Sale,Facebook,Central,Desktop,Loyal
4719,2025-12-27,New Year Blast,Google Search,West,Desktop,Loyal
682,2025-12-27,Black Friday,Instagram,East,Desktop,Loyal
4092,2025-12-27,Flash Sale,Google Search,North,Mobile,Loyal
6092,2025-12-27,Mega Clearance,Facebook,North,Mobile,New
3644,2025-12-27,Summer Sale,LinkedIn,East,Desktop,Premium
10,2025-12-27,Winter Sale,Google Search,South,Desktop,New
5573,2025-12-27,Weekend Special,Email,West,Mobile,Loyal
880,2025-12-27,Winter Sale,Google Search,Central,Desktop,Premium
3433,2025-12-27,Black Friday,Google Search,North,Tablet,Loyal
8727,2025-12-27,Black Friday,Facebook,West,Desktop,New
6323,2025-12-27,Flash Sale,Email,South,Mobile,New
9814,2025-12-27,Diwali Bonanza,Email,East,Desktop,Premium
9806,2025-12-27,Mega Clearance,Facebook,South,Desktop,Premium
9150,2025-12-27,Flash Sale,Facebook,Central,Tablet,Loyal
7682,2025-12-27,Summer Sale,Google Search,North,Desktop,Loyal
2894,2025-12-27,Diwali Bonanza,YouTube,North,Desktop,Premium
3010,2025-12-27,Diwali Bonanza,Google Search,North,Mobile,New
6141,2025-12-28,Diwali Bonanza,LinkedIn,East,Mobile,Returning
1809,2025-12-28,Festive Combo,Facebook,West,Desktop,Loyal
9006,2025-12-28,Back to School,YouTube,West,Mobile,Premium
6357,2025-12-28,Back to School,Instagram,East,Tablet,Returning
7188,2025-12-28,Flash Sale,YouTube,East,Tablet,New
8485,2025-12-28,Black Friday,LinkedIn,North,Mobile,Loyal
4418,2025-12-28,New Year Blast,Google Search,North,Mobile,Premium
9943,2025-12-28,Weekend Special,LinkedIn,North,Mobile,New
299,2025-12-28,Festive Combo,LinkedIn,Central,Mobile,New
6594,2025-12-28,New Year Blast,Google Search,East,Mobile,New
5982,2025-12-28,Mega Clearance,LinkedIn,North,Tablet,Loyal
5371,2025-12-28,Festive Combo,LinkedIn,South,Desktop,Premium
5434,2025-12-28,Winter Sale,Facebook,Central,Desktop,Premium
5468,2025-12-28,Diwali Bonanza,YouTube,Central,Desktop,New
5957,2025-12-28,Black Friday,YouTube,East,Tablet,Returning
1340,2025-12-28,Diwali Bonanza,LinkedIn,West,Mobile,Premium
5273,2025-12-28,Mega Clearance,Google Search,South,Desktop,New
9355,2025-12-28,New Year Blast,Google Search,North,Tablet,New
7366,2025-12-28,Weekend Special,LinkedIn,North,Tablet,Premium
7508,2025-12-29,Mega Clearance,YouTube,North,Mobile,Premium
3377,2025-12-29,Back to School,Facebook,Central,Tablet,Returning
9833,2025-12-29,Back to School,Instagram,East,Mobile,Returning
494,2025-12-29,Black Friday,LinkedIn,East,Tablet,New
3610,2025-12-29,New Year Blast,YouTube,East,Desktop,Returning
5718,2025-12-29,Festive Combo,LinkedIn,South,Desktop,Premium
5856,2025-12-29,Black Friday,LinkedIn,Central,Desktop,New
3661,2025-12-29,Mega Clearance,YouTube,East,Tablet,New
9144,2025-12-29,Mega Clearance,LinkedIn,West,Tablet,Loyal
7179,2025-12-29,Summer Sale,Facebook,North,Desktop,New
2940,2025-12-29,Diwali Bonanza,Google Search,Central,Tablet,New
8880,2025-12-29,Black Friday,YouTube,South,Desktop,Premium
2294,2025-12-29,Festive Combo,Email,Central,Tablet,New
6212,2025-12-29,Summer Sale,Instagram,West,Tablet,Premium
4639,2025-12-29,New Year Blast,YouTube,North,Mobile,Loyal
8293,2025-12-29,Back to School,Google Search,Central,Desktop,Returning
1409,2025-12-29,Flash Sale,YouTube,Central,Desktop,New
9282,2025-12-29,Festive Combo,LinkedIn,South,Tablet,Returning
4776,2025-12-29,Diwali Bonanza,Google Search,Central,Mobile,Loyal
7574,2025-12-29,Winter Sale,Email,East,Mobile,New
5012,2025-12-29,Back to School,Google Search,North,Desktop,Loyal
6642,2025-12-29,Festive Combo,Facebook,Central,Desktop,Loyal
6072,2025-12-29,Flash Sale,Instagram,North,Desktop,New
6429,2025-12-29,Diwali Bonanza,Email,East,Mobile,Loyal
1171,2025-12-29,Winter Sale,Google Search,Central,Mobile,Loyal
6885,2025-12-29,Flash Sale,LinkedIn,East,Mobile,Loyal
641,2025-12-29,Back to School,LinkedIn,North,Desktop,Returning
5827,2025-12-30,Weekend Special,Google Search,South,Mobile,Returning
8716,2025-12-30,Festive Combo,LinkedIn,West,Mobile,Returning
774,2025-12-30,Winter Sale,Instagram,Central,Desktop,Loyal
8780,2025-12-30,Flash Sale,YouTube,East,Desktop,New
773,2025-12-30,Diwali Bonanza,Email,Central,Tablet,Premium
1923,2025-12-30,Black Friday,LinkedIn,South,Desktop,New
4765,2025-12-30,New Year Blast,LinkedIn,South,Tablet,New
3014,2025-12-30,Black Friday,LinkedIn,North,Desktop,Returning
788,2025-12-30,Diwali Bonanza,Google Search,South,Desktop,New
2579,2025-12-30,Festive Combo,Instagram,South,Tablet,New
7487,2025-12-30,Winter Sale,Google Search,South,Tablet,New
7662,2025-12-30,New Year Blast,Instagram,West,Tablet,Premium
5937,2025-12-30,Weekend Special,LinkedIn,South,Desktop,Loyal
4505,2025-12-30,Festive Combo,LinkedIn,Central,Mobile,Premium
6415,2025-12-30,Weekend Special,YouTube,North,Tablet,New
3017,2025-12-30,Back to School,LinkedIn,South,Desktop,Loyal
2335,2025-12-30,Diwali Bonanza,Email,East,Tablet,New
6311,2025-12-30,Diwali Bonanza,Facebook,West,Tablet,Loyal
862,2025-12-30,Summer Sale,Email,Central,Mobile,New
6171,2025-12-30,Diwali Bonanza,Instagram,North,Tablet,Returning
3614,2025-12-30,Mega Clearance,Google Search,North,Mobile,Loyal
533,2025-12-30,Mega Clearance,YouTube,West,Mobile,Returning
6286,2025-12-30,Winter Sale,Instagram,South,Tablet,Premium
6730,2025-12-30,Black Friday,Facebook,West,Tablet,New
1090,2025-12-30,Summer Sale,Instagram,West,Mobile,Loyal
8615,2025-12-30,Weekend Special,Google Search,West,Mobile,Returning
3780,2025-12-30,Diwali Bonanza,Email,West,Mobile,New
8387,2025-12-30,Weekend Special,Google Search,North,Desktop,Loyal
468,2025-12-31,Flash Sale,Google Search,East,Mobile,Returning
6396,2025-12-31,Back to School,Facebook,Central,Tablet,New
476,2025-12-31,Diwali Bonanza,YouTube,West,Desktop,Premium
1132,2025-12-31,Flash Sale,LinkedIn,West,Desktop,Returning
2625,2025-12-31,Back to School,Email,North,Mobile,New
2903,2025-12-31,Weekend Special,Email,East,Mobile,Loyal
3937,2025-12-31,Back to School,Email,South,Desktop,Loyal
2926,2025-12-31,Festive Combo,LinkedIn,South,Tablet,Loyal
293,2025-12-31,Weekend Special,Google Search,East,Mobile,Returning
6019,2025-12-31,Weekend Special,Instagram,East,Mobile,Returning
2320,2025-12-31,Diwali Bonanza,LinkedIn,Central,Desktop,Loyal
2964,2025-12-31,Festive Combo,Instagram,South,Desktop,Returning
7203,2025-12-31,New Year Blast,LinkedIn,East,Tablet,Loyal
1261,2025-12-31,Weekend Special,Instagram,South,Mobile,Returning
771,2025-12-31,Weekend Special,YouTube,South,Mobile,Returning
3068,2025-12-31,Weekend Special,Email,Central,Desktop,Premium
1512,2025-12-31,Festive Combo,Facebook,Central,Tablet,New
5792,2025-12-31,Summer Sale,Email,South,Mobile,Loyal
8626,2025-12-31,Festive Combo,LinkedIn,Central,Tablet,Returning
9635,2025-12-31,Flash Sale,YouTube,Central,Mobile,Loyal
3187,2025-12-31,Mega Clearance,LinkedIn,Central,Desktop,New
6304,2025-12-31,Festive Combo,Google Search,North,Desktop,Returning
4402,2025-12-31,Winter Sale,LinkedIn,East,Mobile,Returning
6507,2025-12-31,Winter Sale,Instagram,East,Mobile,New
9080,2025-12-31,Summer Sale,YouTube,West,Tablet,New
9257,2025-12-31,Diwali Bonanza,Facebook,South,Mobile,Premium
7817,2025-12-31,Festive Combo,Email,East,Tablet,Returning
